idx,timestamp,is_attack,fused_u,fused_b,fused_d,max_u,mean_u,min_b,mean_b,max_d,n_sensors,n_high_u
0,04/07/16 00,0,0.298679,0.594556,0.106765,0.298679,0.109793,0.594556,0.847470,0.106765,31,0
1,04/07/16 01,0,0.260574,0.609442,0.129984,0.453938,0.231475,0.376375,0.721710,0.169688,31,0
2,04/07/16 02,0,0.250386,0.590804,0.158810,0.574726,0.322720,0.293121,0.632073,0.169688,31,7
3,04/07/16 03,0,0.246366,0.543088,0.210546,0.668796,0.396977,0.228283,0.559463,0.234791,31,45
4,04/07/16 04,0,0.241905,0.493269,0.264826,0.742058,0.457115,0.177787,0.502531,0.255054,31,78
5,04/07/16 05,0,0.162407,0.660221,0.177372,0.799115,0.513224,0.138460,0.448533,0.198636,31,108
6,04/07/16 06,0,0.178208,0.640384,0.181408,0.843550,0.558409,0.107833,0.405886,0.191759,31,137
7,04/07/16 07,0,0.187075,0.647722,0.173481,0.878157,0.601217,0.083981,0.364020,0.222783,31,174
8,04/07/16 08,0,0.184225,0.650986,0.164788,0.905109,0.631599,0.065404,0.335978,0.432638,31,203
9,04/07/16 09,0,0.191424,0.630364,0.178212,0.926098,0.658901,0.050937,0.311911,0.336939,31,236
10,04/07/16 10,0,0.173478,0.658864,0.167658,0.942445,0.680581,0.039670,0.293768,0.262408,31,261
11,04/07/16 11,0,0.162835,0.702624,0.134540,0.955176,0.700930,0.030895,0.276088,0.204364,31,291
12,04/07/16 12,0,0.155374,0.706915,0.137711,0.965091,0.719356,0.024061,0.259769,0.159159,31,320
13,04/07/16 13,0,0.169579,0.681897,0.148525,0.972813,0.735958,0.018739,0.244940,0.166040,31,351
14,04/07/16 14,0,0.174042,0.667392,0.158566,0.978827,0.750943,0.014594,0.231588,0.139499,31,381
15,04/07/16 15,0,0.168948,0.671750,0.159302,0.983510,0.764642,0.011366,0.219192,0.129796,31,413
16,04/07/16 16,0,0.167894,0.671461,0.160645,0.987158,0.776679,0.008851,0.208371,0.127082,31,446
17,04/07/16 17,0,0.163442,0.678186,0.158372,0.989999,0.787449,0.006894,0.198772,0.121323,31,475
18,04/07/16 18,0,0.170239,0.665332,0.164429,0.992211,0.797524,0.005369,0.189593,0.133201,31,502
19,04/07/16 19,0,0.179570,0.646478,0.173953,0.993934,0.808177,0.004181,0.179330,0.169688,31,535
20,04/07/16 20,0,0.152186,0.669038,0.178776,0.995276,0.816632,0.003256,0.171305,0.395206,31,568
21,04/07/16 21,0,0.148663,0.699978,0.151358,0.996321,0.824394,0.002536,0.164136,0.312739,31,601
22,04/07/16 22,0,0.168411,0.624761,0.206827,0.997135,0.831725,0.001975,0.157291,0.270475,31,628
23,04/07/16 23,0,0.179998,0.590928,0.229073,0.997768,0.838464,0.001538,0.150980,0.275166,31,660
24,05/07/16 00,0,0.184650,0.565274,0.250076,0.998262,0.838205,0.001198,0.151324,0.284214,31,660
25,05/07/16 01,0,0.194234,0.508396,0.297370,0.998262,0.837780,0.001198,0.151847,0.302312,31,662
26,05/07/16 02,0,0.177311,0.584045,0.240797,0.998303,0.837603,0.000944,0.152267,0.235441,31,659
27,05/07/16 03,0,0.176795,0.655693,0.167512,0.998316,0.837749,0.000735,0.152053,0.234791,31,657
28,05/07/16 04,0,0.161072,0.681491,0.157436,0.998277,0.836538,0.000572,0.153798,0.182856,31,660
29,05/07/16 05,0,0.138755,0.723093,0.138152,0.998276,0.836259,0.000446,0.154190,0.169688,31,656
30,05/07/16 06,0,0.147808,0.738956,0.113236,0.998296,0.837970,0.000347,0.151780,0.234791,31,655
31,05/07/16 07,0,0.156029,0.673810,0.170160,0.998353,0.838352,0.000270,0.150912,0.298651,31,660
32,05/07/16 08,0,0.087864,0.851913,0.078229,0.998273,0.836304,0.001134,0.153784,0.232589,31,664
33,05/07/16 09,0,0.101790,0.826989,0.071947,0.998044,0.835048,0.001538,0.155583,0.181141,31,658
34,05/07/16 10,0,0.115977,0.804686,0.083228,0.998185,0.834351,0.001356,0.156611,0.141073,31,652
35,05/07/16 11,0,0.122407,0.785478,0.092115,0.998024,0.833897,0.001556,0.157300,0.109867,31,653
36,05/07/16 12,0,0.125921,0.773531,0.100548,0.998260,0.833318,0.001212,0.158094,0.101860,31,655
37,05/07/16 13,0,0.097499,0.827225,0.076361,0.998132,0.832706,0.001424,0.158963,0.082463,31,655
38,05/07/16 14,0,0.108509,0.813935,0.077556,0.998024,0.832457,0.001175,0.159338,0.095790,31,654
39,05/07/16 15,0,0.123911,0.796157,0.085729,0.997994,0.833402,0.000915,0.158108,0.169688,31,654
40,05/07/16 16,0,0.150442,0.730668,0.118890,0.997930,0.834365,0.000713,0.156787,0.182379,31,656
41,05/07/16 17,0,0.103842,0.815427,0.080730,0.998062,0.833894,0.000555,0.157412,0.142037,31,659
42,05/07/16 18,0,0.116634,0.802160,0.081206,0.998262,0.833418,0.000432,0.158069,0.110618,31,658
43,05/07/16 19,0,0.122881,0.765228,0.114326,0.998406,0.834676,0.000337,0.156119,0.330654,31,655
44,05/07/16 20,0,0.114535,0.791772,0.093692,0.998353,0.834007,0.000652,0.157154,0.257514,31,657
45,05/07/16 21,0,0.118295,0.802803,0.078903,0.998326,0.833537,0.000813,0.157911,0.200552,31,658
46,05/07/16 22,0,0.125805,0.781112,0.093083,0.998329,0.833836,0.000795,0.157558,0.156190,31,654
47,05/07/16 23,0,0.140013,0.750734,0.109253,0.998335,0.834562,0.000761,0.156661,0.133104,31,655
48,06/07/16 00,0,0.156358,0.714980,0.128662,0.998346,0.835636,0.000691,0.155279,0.154418,31,661
49,06/07/16 01,0,0.170028,0.664013,0.165959,0.998204,0.837427,0.001219,0.152653,0.225896,31,661
50,06/07/16 02,0,0.183471,0.590117,0.226412,0.998303,0.839262,0.000949,0.149792,0.283267,31,662
51,06/07/16 03,0,0.137502,0.756400,0.106098,0.997912,0.838475,0.001493,0.151043,0.220609,31,666
52,06/07/16 04,0,0.130063,0.767388,0.102549,0.998262,0.838174,0.001163,0.151527,0.171810,31,662
53,06/07/16 05,0,0.152899,0.723948,0.123154,0.998303,0.839977,0.000906,0.148981,0.234791,31,657
54,06/07/16 06,0,0.148838,0.708281,0.142880,0.998344,0.839497,0.000705,0.149567,0.234791,31,664
55,06/07/16 07,0,0.069591,0.861449,0.068960,0.997413,0.836962,0.002349,0.153092,0.182856,31,663
56,06/07/16 08,0,0.062953,0.879921,0.057126,0.997713,0.835000,0.001963,0.155800,0.142408,31,658
57,06/07/16 09,0,0.130660,0.722123,0.147217,0.997713,0.835727,0.001963,0.154583,0.341650,31,651
58,06/07/16 10,0,0.111427,0.801478,0.087095,0.997713,0.834428,0.001963,0.156371,0.266077,31,653
59,06/07/16 11,0,0.117559,0.802831,0.079609,0.997713,0.834048,0.001963,0.156949,0.207221,31,657
60,06/07/16 12,0,0.131737,0.770917,0.097346,0.997497,0.834029,0.001975,0.157014,0.161384,31,652
61,06/07/16 13,0,0.119064,0.803662,0.077274,0.997768,0.834968,0.001538,0.155826,0.169688,31,656
62,06/07/16 14,0,0.099684,0.823120,0.077807,0.998262,0.834102,0.001198,0.157045,0.132153,31,660
63,06/07/16 15,0,0.117705,0.803767,0.078528,0.998270,0.833528,0.001149,0.157904,0.134749,31,659
64,06/07/16 16,0,0.105723,0.813568,0.082820,0.997713,0.833100,0.000961,0.158494,0.104943,31,656
65,06/07/16 17,0,0.105100,0.809719,0.085181,0.997900,0.832494,0.000749,0.159273,0.089324,31,655
66,06/07/16 18,0,0.123066,0.782579,0.097083,0.998364,0.832986,0.000583,0.158695,0.120826,31,655
67,06/07/16 19,0,0.130280,0.754896,0.124051,0.997768,0.835089,0.001892,0.155370,0.365640,31,653
68,06/07/16 20,0,0.128107,0.773389,0.105859,0.997768,0.835340,0.001892,0.155063,0.284761,31,661
69,06/07/16 21,0,0.133320,0.759972,0.110305,0.997768,0.835499,0.001892,0.155006,0.221772,31,659
70,06/07/16 22,0,0.146135,0.733292,0.120573,0.998061,0.837191,0.001515,0.152836,0.172716,31,658
71,06/07/16 23,0,0.168943,0.624019,0.207038,0.998252,0.838961,0.001256,0.150309,0.353286,31,661
72,07/07/16 00,0,0.181062,0.480648,0.443163,0.998298,0.841356,0.000011,0.145071,0.850000,31,669
73,07/07/16 01,0,0.176424,0.306247,0.614166,0.998334,0.843417,0.000008,0.140615,0.850000,31,667
74,07/07/16 02,0,0.138461,0.749101,0.185280,0.998136,0.842369,0.000006,0.142853,0.661981,31,667
75,07/07/16 03,0,0.142550,0.730014,0.134528,0.998262,0.842748,0.000005,0.143042,0.515551,31,666
76,07/07/16 04,0,0.155987,0.689084,0.154929,0.998303,0.842814,0.000004,0.143391,0.401512,31,661
77,07/07/16 05,0,0.147311,0.723886,0.130339,0.998303,0.841825,0.000003,0.145209,0.312698,31,666
78,07/07/16 06,0,0.165173,0.691738,0.143089,0.997315,0.841869,0.000002,0.145516,0.243529,31,663
79,07/07/16 07,0,0.147815,0.716129,0.136056,0.997909,0.840089,0.000002,0.148246,0.189661,31,661
80,07/07/16 08,0,0.148460,0.713597,0.137943,0.998371,0.838997,0.000001,0.150025,0.147708,31,661
81,07/07/16 09,0,0.148947,0.711661,0.139392,0.997566,0.839410,0.000001,0.149304,0.350979,31,656
82,07/07/16 10,0,0.150605,0.710176,0.140507,0.997913,0.839138,0.000001,0.149908,0.273343,31,659
83,07/07/16 11,0,0.161470,0.694900,0.143630,0.997994,0.838966,0.000001,0.150329,0.212880,31,660
84,07/07/16 12,0,0.173321,0.668574,0.158105,0.998262,0.838624,0.000001,0.150931,0.165791,31,659
85,07/07/16 13,0,0.183296,0.644768,0.171935,0.997534,0.838637,0.000000,0.151087,0.150743,31,661
86,07/07/16 14,0,0.136788,0.734251,0.128961,0.998080,0.838249,0.000000,0.151713,0.169688,31,660
87,07/07/16 15,0,0.148679,0.735846,0.127008,0.997743,0.838305,0.000000,0.151713,0.171573,31,662
88,07/07/16 16,0,0.134344,0.739813,0.125843,0.997574,0.836794,0.000000,0.153785,0.133621,31,659
89,07/07/16 17,0,0.133919,0.740999,0.125082,0.997929,0.835428,0.000000,0.155663,0.104064,31,659
90,07/07/16 18,0,0.133658,0.741783,0.124559,0.998387,0.834600,0.000000,0.156770,0.101860,31,654
91,07/07/16 19,0,0.133488,0.742326,0.124186,0.998326,0.835307,0.000000,0.155521,0.289337,31,654
92,07/07/16 20,0,0.133371,0.742714,0.123915,0.997791,0.834635,0.000000,0.156404,0.225336,31,656
93,07/07/16 21,0,0.133288,0.742998,0.123714,0.998061,0.834820,0.000000,0.156208,0.175492,31,658
94,07/07/16 22,0,0.140483,0.743208,0.123563,0.998379,0.834696,0.000000,0.156437,0.136673,31,654
95,07/07/16 23,0,0.160787,0.708405,0.130808,0.998388,0.834512,0.000000,0.156753,0.154085,31,658
96,08/07/16 00,0,0.170424,0.682219,0.147357,0.998403,0.834372,0.000000,0.157009,0.144222,31,657
97,08/07/16 01,0,0.163742,0.686569,0.149689,0.998081,0.834248,0.001219,0.157174,0.123838,31,656
98,08/07/16 02,0,0.133081,0.743783,0.123136,0.998303,0.834340,0.000949,0.157015,0.104680,31,656
99,08/07/16 03,0,0.117388,0.781968,0.102911,0.998303,0.834510,0.000949,0.156733,0.169688,31,655
100,08/07/16 04,0,0.146923,0.743170,0.109907,0.998262,0.834766,0.001198,0.156325,0.169688,31,658
101,08/07/16 05,0,0.134574,0.773969,0.091456,0.998263,0.836077,0.001070,0.154527,0.234791,31,659
102,08/07/16 06,0,0.149164,0.705786,0.145050,0.997853,0.836796,0.000833,0.153417,0.234791,31,662
103,08/07/16 07,0,0.123578,0.791465,0.084958,0.997917,0.836682,0.000649,0.153673,0.182856,31,660
104,08/07/16 08,0,0.141574,0.732701,0.125725,0.998377,0.836685,0.000506,0.153623,0.229360,31,658
105,08/07/16 09,0,0.133507,0.756843,0.109650,0.998046,0.835655,0.001534,0.155075,0.178626,31,661
106,08/07/16 10,0,0.142128,0.738131,0.119741,0.998092,0.834902,0.001475,0.156158,0.139114,31,656
107,08/07/16 11,0,0.140500,0.736460,0.123041,0.998197,0.835366,0.001341,0.155626,0.135590,31,654
108,08/07/16 12,0,0.144984,0.737326,0.124111,0.998250,0.835947,0.001270,0.154794,0.175109,31,657
109,08/07/16 13,0,0.165452,0.669008,0.165540,0.998262,0.836963,0.001198,0.153158,0.246587,31,660
110,08/07/16 14,0,0.132984,0.746431,0.120585,0.998263,0.836452,0.001191,0.153830,0.192042,31,661
111,08/07/16 15,0,0.135851,0.754545,0.117362,0.997713,0.836366,0.001569,0.153969,0.149563,31,659
112,08/07/16 16,0,0.121690,0.788518,0.092455,0.997713,0.836732,0.001222,0.153259,0.251685,31,654
113,08/07/16 17,0,0.121793,0.771437,0.106770,0.997866,0.836777,0.000951,0.153161,0.259898,31,660
114,08/07/16 18,0,0.108900,0.812288,0.083513,0.998338,0.835322,0.000741,0.155247,0.202409,31,659
115,08/07/16 19,0,0.090000,0.844640,0.065360,0.997713,0.833828,0.001963,0.157396,0.157636,31,656
116,08/07/16 20,0,0.088233,0.842581,0.069186,0.997962,0.832630,0.001643,0.159088,0.122767,31,653
117,08/07/16 21,0,0.109374,0.811284,0.081611,0.998061,0.832390,0.001515,0.159502,0.115347,31,652
118,08/07/16 22,0,0.140416,0.755239,0.104345,0.998252,0.832153,0.001258,0.159891,0.157533,31,651
119,08/07/16 23,0,0.161734,0.689657,0.148609,0.998185,0.831842,0.001356,0.160309,0.205792,31,655
120,09/07/16 00,0,0.176596,0.627268,0.196136,0.997958,0.831901,0.001648,0.160220,0.238971,31,655
121,09/07/16 01,0,0.152681,0.680701,0.166618,0.997768,0.832049,0.001538,0.160045,0.186111,31,654
122,09/07/16 02,0,0.123732,0.777535,0.098733,0.998262,0.832074,0.001198,0.160027,0.144943,31,654
123,09/07/16 03,0,0.118631,0.797412,0.083957,0.998262,0.832133,0.001198,0.159906,0.115267,31,655
124,09/07/16 04,0,0.118320,0.793778,0.087902,0.998303,0.835462,0.000949,0.155297,0.234791,31,654
125,09/07/16 05,0,0.148842,0.707572,0.143586,0.998303,0.838652,0.000949,0.150443,0.278089,31,662
126,09/07/16 06,0,0.141941,0.736374,0.121685,0.997940,0.837848,0.001246,0.151761,0.216576,31,667
127,09/07/16 07,0,0.158448,0.701168,0.140384,0.998300,0.836650,0.000970,0.153571,0.168669,31,666
128,09/07/16 08,0,0.130658,0.762463,0.106879,0.997845,0.836268,0.001794,0.154152,0.131360,31,658
129,09/07/16 09,0,0.133264,0.743849,0.130219,0.997881,0.837177,0.001747,0.152640,0.327655,31,654
130,09/07/16 10,0,0.135008,0.747676,0.117316,0.998089,0.838821,0.001479,0.150521,0.255178,31,658
131,09/07/16 11,0,0.138426,0.743212,0.120565,0.998265,0.840034,0.001161,0.148965,0.198733,31,660
132,09/07/16 12,0,0.156695,0.713314,0.129991,0.998311,0.842631,0.000904,0.145481,0.188276,31,666
133,09/07/16 13,0,0.173381,0.640686,0.185933,0.998066,0.843883,0.001459,0.143558,0.252230,31,669
134,09/07/16 14,0,0.145763,0.724016,0.130221,0.997846,0.843104,0.001136,0.144673,0.196437,31,669
135,09/07/16 15,0,0.146941,0.719561,0.133498,0.998314,0.842273,0.000885,0.145867,0.152986,31,664
136,09/07/16 16,0,0.147808,0.716204,0.135988,0.998319,0.840980,0.000853,0.147732,0.123123,31,664
137,09/07/16 17,0,0.156161,0.708647,0.137891,0.997719,0.839906,0.001955,0.149278,0.132121,31,658
138,09/07/16 18,0,0.161883,0.692959,0.145159,0.997450,0.839038,0.002301,0.150507,0.131581,31,659
139,09/07/16 19,0,0.164019,0.684667,0.151313,0.997354,0.838570,0.002052,0.151207,0.129061,31,658
140,09/07/16 20,0,0.169225,0.672076,0.158699,0.997863,0.838289,0.001598,0.151656,0.134100,31,657
141,09/07/16 21,0,0.180026,0.649307,0.170667,0.998254,0.838621,0.001244,0.151305,0.146518,31,659
142,09/07/16 22,0,0.189722,0.610621,0.199657,0.998285,0.839480,0.001060,0.150085,0.193035,31,660
143,09/07/16 23,0,0.136788,0.734251,0.128961,0.998306,0.838129,0.000933,0.151922,0.150336,31,662
144,10/07/16 00,0,0.135115,0.737877,0.127008,0.997772,0.836885,0.001887,0.153576,0.117082,31,661
145,10/07/16 01,0,0.138989,0.739813,0.125843,0.997775,0.835937,0.001565,0.154810,0.119327,31,656
146,10/07/16 02,0,0.143626,0.735115,0.125082,0.997863,0.836439,0.001219,0.154143,0.169688,31,654
147,10/07/16 03,0,0.146538,0.742664,0.120788,0.998303,0.837304,0.000949,0.152906,0.234791,31,655
148,10/07/16 04,0,0.148419,0.710174,0.141406,0.998331,0.837654,0.000784,0.152364,0.234791,31,662
149,10/07/16 05,0,0.088083,0.835847,0.081097,0.998254,0.835683,0.001243,0.155035,0.182856,31,663
150,10/07/16 06,0,0.136867,0.724700,0.138433,0.998178,0.837771,0.000980,0.152197,0.234791,31,659
151,10/07/16 07,0,0.165046,0.643135,0.191819,0.997897,0.839282,0.000763,0.150146,0.234791,31,655
152,10/07/16 08,0,0.125487,0.787735,0.086778,0.998363,0.837724,0.000595,0.152273,0.182856,31,668
153,10/07/16 09,0,0.110255,0.816577,0.079712,0.998060,0.836957,0.001516,0.153399,0.142408,31,661
154,10/07/16 10,0,0.118534,0.800837,0.080629,0.998102,0.835522,0.001447,0.155372,0.110908,31,654
155,10/07/16 11,0,0.125956,0.779720,0.094324,0.998274,0.834774,0.001127,0.156428,0.116821,31,656
156,10/07/16 12,0,0.130232,0.765960,0.103808,0.998315,0.834973,0.000883,0.156199,0.113018,31,653
157,10/07/16 13,0,0.139170,0.756484,0.110576,0.998119,0.835489,0.001440,0.155529,0.144619,31,654
158,10/07/16 14,0,0.161137,0.695493,0.143369,0.998036,0.836018,0.001548,0.154638,0.207086,31,661
159,10/07/16 15,0,0.177555,0.613721,0.208724,0.997950,0.836978,0.001658,0.152941,0.284208,31,660
160,10/07/16 16,0,0.134224,0.766020,0.111417,0.998050,0.836224,0.001529,0.153986,0.221341,31,659
161,10/07/16 17,0,0.137646,0.752252,0.110102,0.998044,0.835471,0.001537,0.155107,0.172381,31,659
162,10/07/16 18,0,0.121354,0.785729,0.099323,0.998016,0.834862,0.001573,0.156020,0.134250,31,655
163,10/07/16 19,0,0.115386,0.798759,0.085855,0.998072,0.833922,0.001501,0.157365,0.104554,31,654
164,10/07/16 20,0,0.114223,0.813197,0.072579,0.998211,0.832876,0.001323,0.158831,0.101860,31,655
165,10/07/16 21,0,0.087842,0.845817,0.066341,0.998277,0.831879,0.001109,0.160250,0.079329,31,653
166,10/07/16 22,0,0.110276,0.816036,0.073688,0.997760,0.831643,0.001903,0.160640,0.116821,31,652
167,10/07/16 23,0,0.096144,0.827604,0.076252,0.997871,0.831062,0.001760,0.161473,0.090980,31,652
168,11/07/16 00,0,0.107835,0.821121,0.071476,0.997908,0.830849,0.001538,0.161755,0.101860,31,653
169,11/07/16 01,0,0.099697,0.827065,0.076749,0.998262,0.830857,0.001198,0.161762,0.094430,31,653
170,11/07/16 02,0,0.124594,0.786829,0.091350,0.998303,0.833063,0.000949,0.158688,0.234791,31,653
171,11/07/16 03,0,0.148557,0.709192,0.142251,0.998303,0.835586,0.000949,0.155275,0.234791,31,657
172,11/07/16 04,0,0.146549,0.744273,0.109178,0.997822,0.836086,0.001219,0.154500,0.228212,31,662
173,11/07/16 05,0,0.090400,0.837125,0.074700,0.998303,0.834542,0.000949,0.156544,0.177732,31,663
174,11/07/16 06,0,0.128339,0.750894,0.120767,0.998303,0.836354,0.000949,0.154068,0.234791,31,657
175,11/07/16 07,0,0.158683,0.665041,0.176277,0.998221,0.838895,0.001309,0.150295,0.234791,31,656
176,11/07/16 08,0,0.158951,0.692619,0.148429,0.997883,0.839294,0.001745,0.149749,0.214124,31,664
177,11/07/16 09,0,0.138145,0.745827,0.116028,0.997768,0.837713,0.001892,0.152036,0.166760,31,666
178,11/07/16 10,0,0.145978,0.727723,0.126299,0.997880,0.836619,0.001748,0.153644,0.129873,31,658
179,11/07/16 11,0,0.133162,0.754695,0.112143,0.997838,0.837271,0.001610,0.152855,0.114453,31,655
180,11/07/16 12,0,0.135656,0.748339,0.116728,0.998190,0.837885,0.001254,0.152075,0.139352,31,655
181,11/07/16 13,0,0.158664,0.702595,0.138740,0.998286,0.838764,0.000977,0.150774,0.204265,31,662
182,11/07/16 14,0,0.175584,0.622055,0.202361,0.998335,0.839966,0.000761,0.148800,0.278565,31,661
183,11/07/16 15,0,0.141839,0.737979,0.120182,0.998021,0.841381,0.001567,0.146997,0.216946,31,662
184,11/07/16 16,0,0.150507,0.718361,0.131131,0.997846,0.841952,0.001791,0.146309,0.209158,31,664
185,11/07/16 17,0,0.145770,0.723940,0.130290,0.997780,0.840703,0.001876,0.148088,0.162893,31,666
186,11/07/16 18,0,0.146946,0.719505,0.133549,0.997713,0.839772,0.001963,0.149460,0.127802,31,662
187,11/07/16 19,0,0.158486,0.706116,0.136026,0.997713,0.839106,0.001963,0.150467,0.138600,31,660
188,11/07/16 20,0,0.169303,0.680380,0.150317,0.997405,0.838662,0.002245,0.151152,0.142919,31,658
189,11/07/16 21,0,0.180390,0.653000,0.166610,0.997880,0.838595,0.001748,0.151323,0.153443,31,660
190,11/07/16 22,0,0.188803,0.615760,0.195437,0.997393,0.838986,0.002010,0.150756,0.192135,31,659
191,11/07/16 23,0,0.136390,0.736120,0.127490,0.997713,0.837420,0.001565,0.152851,0.149635,31,661
192,12/07/16 00,0,0.134807,0.739342,0.125851,0.997822,0.836166,0.001219,0.154515,0.116536,31,659
193,12/07/16 01,0,0.134109,0.740938,0.124953,0.998303,0.835498,0.000949,0.155449,0.111846,31,656
194,12/07/16 02,0,0.138832,0.741867,0.124395,0.998303,0.835277,0.000949,0.155727,0.118496,31,653
195,12/07/16 03,0,0.136380,0.746934,0.116685,0.998299,0.835199,0.000974,0.155877,0.131694,31,655
196,12/07/16 04,0,0.122811,0.783649,0.103075,0.997822,0.836451,0.001219,0.154089,0.234791,31,657
197,12/07/16 05,0,0.148356,0.710534,0.141109,0.998303,0.838309,0.000949,0.151493,0.234791,31,659
198,12/07/16 06,0,0.141842,0.759745,0.098413,0.998303,0.836812,0.000949,0.153551,0.182856,31,666
199,12/07/16 07,0,0.117359,0.801950,0.080691,0.998290,0.835436,0.001028,0.155446,0.142408,31,662
200,12/07/16 08,0,0.117615,0.797424,0.084961,0.997812,0.834305,0.001835,0.156956,0.110908,31,653
201,12/07/16 09,0,0.123718,0.779583,0.096699,0.997923,0.833482,0.001693,0.158031,0.101860,31,653
202,12/07/16 10,0,0.126943,0.768861,0.104196,0.997853,0.833214,0.001656,0.158394,0.113873,31,652
203,12/07/16 11,0,0.128840,0.761945,0.109214,0.998131,0.833008,0.001289,0.158650,0.101860,31,653
204,12/07/16 12,0,0.121901,0.782200,0.095900,0.998284,0.832590,0.001004,0.159209,0.104149,31,654
205,12/07/16 13,0,0.113390,0.798702,0.091475,0.998331,0.832551,0.000782,0.159291,0.098653,31,655
206,12/07/16 14,0,0.133296,0.758036,0.108668,0.998262,0.832978,0.001198,0.158733,0.120826,31,655
207,12/07/16 15,0,0.121296,0.752215,0.126489,0.998287,0.835656,0.001047,0.154805,0.384966,31,655
208,12/07/16 16,0,0.147647,0.739330,0.113023,0.997862,0.836453,0.001771,0.153763,0.299812,31,661
209,12/07/16 17,0,0.134256,0.773506,0.092238,0.998002,0.835672,0.001591,0.154885,0.233494,31,663
210,12/07/16 18,0,0.103133,0.833534,0.076051,0.998122,0.834510,0.001436,0.156564,0.181845,31,661
211,12/07/16 19,0,0.118455,0.801528,0.080017,0.998171,0.833495,0.001375,0.158040,0.141621,31,655
212,12/07/16 20,0,0.125899,0.780251,0.093850,0.998252,0.832987,0.001260,0.158791,0.110295,31,653
213,12/07/16 21,0,0.130194,0.766347,0.103459,0.998276,0.833908,0.001112,0.157617,0.141877,31,653
214,12/07/16 22,0,0.141439,0.756748,0.110333,0.997713,0.835031,0.001963,0.156145,0.158180,31,656
215,12/07/16 23,0,0.162494,0.686773,0.150733,0.997760,0.836379,0.001903,0.154061,0.223075,31,661
216,13/07/16 00,0,0.178348,0.605335,0.216317,0.997824,0.838336,0.001820,0.151027,0.290791,31,661
217,13/07/16 01,0,0.134914,0.752066,0.117267,0.997899,0.837482,0.001565,0.152241,0.226468,31,663
218,13/07/16 02,0,0.133628,0.757905,0.112469,0.998046,0.836723,0.001219,0.153355,0.176374,31,663
219,13/07/16 03,0,0.116224,0.782305,0.101471,0.998303,0.835856,0.000949,0.154644,0.137360,31,657
220,13/07/16 04,0,0.117486,0.807802,0.082483,0.998303,0.835518,0.000949,0.155141,0.169688,31,655
221,13/07/16 05,0,0.147010,0.742067,0.110924,0.998221,0.836814,0.001309,0.153318,0.234791,31,656
222,13/07/16 06,0,0.148485,0.710019,0.141496,0.997883,0.837821,0.001745,0.151758,0.241689,31,660
223,13/07/16 07,0,0.088367,0.843015,0.068618,0.997713,0.835912,0.001963,0.154437,0.188227,31,663
224,13/07/16 08,0,0.089848,0.838563,0.071589,0.997713,0.834520,0.001684,0.156376,0.146592,31,658
225,13/07/16 09,0,0.101668,0.818841,0.079491,0.997847,0.833643,0.001311,0.157570,0.114166,31,651
226,13/07/16 10,0,0.113091,0.812682,0.074227,0.997713,0.833234,0.001021,0.158180,0.121242,31,651
227,13/07/16 11,0,0.087872,0.849147,0.066537,0.997739,0.832504,0.000795,0.159200,0.094424,31,653
228,13/07/16 12,0,0.106126,0.814720,0.079154,0.997677,0.831907,0.000619,0.160060,0.093572,31,653
229,13/07/16 13,0,0.123442,0.782001,0.094557,0.997944,0.831691,0.000482,0.160424,0.110825,31,652
230,13/07/16 14,0,0.104148,0.807374,0.088478,0.998399,0.831505,0.000376,0.160673,0.086311,31,652
231,13/07/16 15,0,0.119659,0.785535,0.094806,0.998263,0.833322,0.001191,0.158091,0.242355,31,653
232,13/07/16 16,0,0.115732,0.795867,0.088401,0.998096,0.834240,0.001471,0.156908,0.188746,31,659
233,13/07/16 17,0,0.144901,0.755082,0.100017,0.997768,0.834803,0.001892,0.156192,0.161733,31,659
234,13/07/16 18,0,0.164591,0.684067,0.151342,0.997768,0.837041,0.001892,0.153003,0.238512,31,659
235,13/07/16 19,0,0.150955,0.698742,0.151648,0.997768,0.838819,0.001784,0.150514,0.303591,31,663
236,13/07/16 20,0,0.137893,0.726487,0.135621,0.998159,0.839001,0.001389,0.150196,0.298651,31,665
237,13/07/16 21,0,0.138986,0.725412,0.135602,0.998255,0.839093,0.001212,0.150176,0.232589,31,663
238,13/07/16 22,0,0.144616,0.739208,0.119967,0.998296,0.840136,0.000944,0.148777,0.185455,31,658
239,13/07/16 23,0,0.152300,0.705351,0.144602,0.998339,0.840882,0.000735,0.147539,0.255992,31,665
240,14/07/16 00,0,0.166144,0.688770,0.145086,0.997990,0.840971,0.001606,0.147578,0.199367,31,666
241,14/07/16 01,0,0.179278,0.650484,0.170238,0.998201,0.841005,0.001336,0.147607,0.172614,31,665
242,14/07/16 02,0,0.163407,0.686616,0.155461,0.997779,0.841037,0.001538,0.147615,0.139004,31,664
243,14/07/16 03,0,0.156301,0.704268,0.139430,0.998262,0.840406,0.001198,0.148550,0.118576,31,662
244,14/07/16 04,0,0.148456,0.713642,0.137901,0.998303,0.840405,0.000949,0.148480,0.234791,31,661
245,14/07/16 05,0,0.149203,0.707484,0.143313,0.998308,0.841057,0.000923,0.147405,0.282340,31,661
246,14/07/16 06,0,0.151714,0.710201,0.140484,0.997370,0.840925,0.002404,0.147727,0.219886,31,662
247,14/07/16 07,0,0.149598,0.709051,0.141351,0.997370,0.840206,0.002404,0.148882,0.171248,31,661
248,14/07/16 08,0,0.165085,0.683818,0.151096,0.997556,0.839592,0.002164,0.149826,0.141659,31,659
249,14/07/16 09,0,0.175201,0.661023,0.163777,0.997929,0.839343,0.001685,0.150278,0.143639,31,660
250,14/07/16 10,0,0.136788,0.734251,0.128961,0.997428,0.837900,0.002329,0.152265,0.111866,31,660
251,14/07/16 11,0,0.135115,0.737877,0.127008,0.997621,0.836571,0.001948,0.154087,0.101860,31,659
252,14/07/16 12,0,0.134344,0.739813,0.125843,0.997813,0.835492,0.001517,0.155541,0.106858,31,655
253,14/07/16 13,0,0.133919,0.740999,0.125082,0.997828,0.834945,0.001182,0.156272,0.127936,31,654
254,14/07/16 14,0,0.138025,0.741783,0.124559,0.998308,0.835918,0.000920,0.154983,0.169688,31,655
255,14/07/16 15,0,0.152821,0.728298,0.124186,0.998178,0.836398,0.001365,0.154316,0.169688,31,656
256,14/07/16 16,0,0.133371,0.742714,0.123915,0.998257,0.836627,0.001132,0.153771,0.274010,31,661
257,14/07/16 17,0,0.133288,0.742998,0.123714,0.998306,0.835315,0.000881,0.155634,0.213399,31,660
258,14/07/16 18,0,0.133229,0.743208,0.123563,0.998347,0.834635,0.000686,0.156595,0.166195,31,657
259,14/07/16 19,0,0.133175,0.743414,0.123411,0.998344,0.833900,0.000705,0.157586,0.129433,31,654
260,14/07/16 20,0,0.133135,0.743571,0.123295,0.997946,0.833416,0.001432,0.158233,0.101860,31,655
261,14/07/16 21,0,0.133104,0.743691,0.123205,0.998272,0.833288,0.001115,0.158468,0.112399,31,654
262,14/07/16 22,0,0.133081,0.743783,0.123136,0.998317,0.832877,0.000868,0.159053,0.101860,31,654
263,14/07/16 23,0,0.133063,0.743854,0.123083,0.998248,0.832601,0.001275,0.159473,0.101870,31,657
264,15/07/16 00,0,0.133049,0.743909,0.123042,0.998264,0.832353,0.001187,0.159798,0.107689,31,654
265,15/07/16 01,0,0.133746,0.743952,0.123010,0.998127,0.832353,0.001431,0.159747,0.105195,31,654
266,15/07/16 02,0,0.131013,0.750598,0.118389,0.997899,0.833805,0.001219,0.157760,0.169688,31,654
267,15/07/16 03,0,0.147163,0.742060,0.110777,0.998303,0.835897,0.000949,0.154839,0.234791,31,657
268,15/07/16 04,0,0.148967,0.706867,0.144166,0.998334,0.836937,0.000768,0.153390,0.234791,31,661
269,15/07/16 05,0,0.102004,0.828736,0.072431,0.998262,0.835479,0.001198,0.155361,0.182856,31,666
270,15/07/16 06,0,0.127644,0.775597,0.096759,0.998159,0.837581,0.001390,0.152536,0.178862,31,657
271,15/07/16 07,0,0.156601,0.708996,0.134403,0.998157,0.838377,0.001393,0.151217,0.256017,31,657
272,15/07/16 08,0,0.172778,0.665049,0.162173,0.998179,0.838149,0.001364,0.151499,0.242300,31,666
273,15/07/16 09,0,0.139772,0.739115,0.121112,0.997713,0.836962,0.001963,0.153221,0.188703,31,662
274,15/07/16 10,0,0.132912,0.756839,0.110249,0.997713,0.836675,0.001963,0.153672,0.146962,31,657
275,15/07/16 11,0,0.134748,0.749964,0.115288,0.997769,0.836709,0.001891,0.153722,0.132957,31,655
276,15/07/16 12,0,0.155362,0.719560,0.125078,0.998004,0.837940,0.001538,0.152056,0.175109,31,660
277,15/07/16 13,0,0.172581,0.645364,0.182055,0.998262,0.839027,0.001198,0.150304,0.251290,31,660
278,15/07/16 14,0,0.134519,0.743825,0.121656,0.998262,0.838004,0.001027,0.151721,0.195705,31,664
279,15/07/16 15,0,0.136218,0.756740,0.107042,0.998328,0.837185,0.000799,0.152909,0.152415,31,660
280,15/07/16 16,0,0.120109,0.795901,0.095334,0.997713,0.836965,0.001963,0.153269,0.169688,31,656
281,15/07/16 17,0,0.149611,0.727549,0.123246,0.997807,0.836631,0.001842,0.153687,0.188486,31,659
282,15/07/16 18,0,0.127131,0.778435,0.094434,0.997713,0.835097,0.001963,0.155815,0.146793,31,660
283,15/07/16 19,0,0.120455,0.761291,0.118254,0.997713,0.835479,0.001963,0.155008,0.360309,31,654
284,15/07/16 20,0,0.108388,0.809699,0.081913,0.997831,0.834162,0.001812,0.156878,0.280609,31,655
285,15/07/16 21,0,0.126602,0.776467,0.096931,0.997713,0.833817,0.001963,0.157421,0.218538,31,657
286,15/07/16 22,0,0.123085,0.775868,0.101047,0.997713,0.833516,0.001962,0.157909,0.170198,31,653
287,15/07/16 23,0,0.110123,0.800615,0.092899,0.997778,0.833111,0.001879,0.158513,0.132550,31,655
288,16/07/16 00,0,0.099294,0.821002,0.081606,0.997768,0.832577,0.001538,0.159283,0.103230,31,656
289,16/07/16 01,0,0.115778,0.795054,0.089168,0.998262,0.832497,0.001198,0.159392,0.101962,31,655
290,16/07/16 02,0,0.131077,0.764881,0.104042,0.998303,0.832558,0.000949,0.159341,0.116380,31,654
291,16/07/16 03,0,0.121421,0.788311,0.090667,0.998303,0.834472,0.000949,0.156734,0.234791,31,655
292,16/07/16 04,0,0.149554,0.703946,0.146499,0.997776,0.836347,0.001431,0.154155,0.234791,31,656
293,16/07/16 05,0,0.147252,0.741192,0.111556,0.998268,0.837470,0.001115,0.152682,0.182856,31,666
294,16/07/16 06,0,0.147375,0.726820,0.131526,0.998317,0.837902,0.000868,0.151946,0.270475,31,662
295,16/07/16 07,0,0.165583,0.678183,0.156234,0.998308,0.837935,0.000921,0.151974,0.210646,31,663
296,16/07/16 08,0,0.130528,0.753646,0.120602,0.997970,0.838559,0.001632,0.150889,0.285338,31,659
297,16/07/16 09,0,0.133176,0.754756,0.112068,0.997929,0.838305,0.001685,0.151258,0.222222,31,659
298,16/07/16 10,0,0.134946,0.748372,0.116682,0.998060,0.838332,0.001461,0.151327,0.173067,31,658
299,16/07/16 11,0,0.138417,0.743732,0.120089,0.998265,0.839142,0.001138,0.150296,0.139729,31,658
300,16/07/16 12,0,0.146913,0.735312,0.122638,0.998314,0.840611,0.000886,0.148128,0.209158,31,661
301,16/07/16 13,0,0.167579,0.649520,0.182901,0.998081,0.841427,0.001489,0.146781,0.273862,31,665
302,16/07/16 14,0,0.145760,0.724042,0.130198,0.997854,0.840769,0.001277,0.147753,0.213284,31,664
303,16/07/16 15,0,0.146939,0.719580,0.133481,0.998262,0.840524,0.000995,0.148171,0.166106,31,661
304,16/07/16 16,0,0.147807,0.716218,0.135975,0.998274,0.840282,0.000775,0.148621,0.135237,31,661
305,16/07/16 17,0,0.148454,0.713665,0.137881,0.997924,0.840062,0.000603,0.148686,0.311328,31,661
306,16/07/16 18,0,0.148942,0.711713,0.139344,0.998383,0.839068,0.000470,0.150206,0.242463,31,661
307,16/07/16 19,0,0.149313,0.710216,0.140471,0.997504,0.839216,0.002232,0.150000,0.266476,31,657
308,16/07/16 20,0,0.156869,0.702525,0.141340,0.997880,0.839370,0.001748,0.149943,0.207532,31,659
309,16/07/16 21,0,0.174202,0.660829,0.164968,0.997858,0.839886,0.001777,0.149391,0.167390,31,661
310,16/07/16 22,0,0.184766,0.626237,0.188997,0.997638,0.840607,0.002059,0.148462,0.180438,31,662
311,16/07/16 23,0,0.161648,0.667684,0.170668,0.997531,0.839721,0.002010,0.149513,0.278182,31,663
312,17/07/16 00,0,0.178659,0.581535,0.239806,0.997714,0.838920,0.001565,0.150487,0.317393,31,663
313,17/07/16 01,0,0.185278,0.584436,0.230286,0.997875,0.837905,0.001219,0.151945,0.247186,31,660
314,17/07/16 02,0,0.136545,0.740999,0.129609,0.998303,0.837085,0.000949,0.153049,0.192508,31,657
315,17/07/16 03,0,0.134468,0.750591,0.114941,0.998303,0.837787,0.000949,0.152100,0.234791,31,655
316,17/07/16 04,0,0.149002,0.706987,0.144011,0.998265,0.838868,0.001044,0.150606,0.234791,31,660
317,17/07/16 05,0,0.167873,0.642353,0.189774,0.998326,0.839703,0.000813,0.149457,0.234791,31,661
318,17/07/16 06,0,0.165063,0.692728,0.142209,0.998276,0.838950,0.000971,0.150533,0.182856,31,665
319,17/07/16 07,0,0.106105,0.814826,0.084003,0.998336,0.837196,0.000756,0.152924,0.142408,31,662
320,17/07/16 08,0,0.131358,0.735957,0.132685,0.997867,0.838019,0.001765,0.151755,0.234791,31,656
321,17/07/16 09,0,0.130571,0.764080,0.105348,0.997853,0.838113,0.001694,0.151688,0.182856,31,658
322,17/07/16 10,0,0.159560,0.695107,0.151122,0.998135,0.837882,0.001319,0.151937,0.250502,31,662
323,17/07/16 11,0,0.141880,0.728949,0.129171,0.998287,0.837316,0.001027,0.152750,0.228212,31,660
324,17/07/16 12,0,0.142009,0.725365,0.132627,0.998328,0.837514,0.000800,0.152588,0.177732,31,657
325,17/07/16 13,0,0.138773,0.750931,0.112769,0.998104,0.837689,0.001391,0.152427,0.143115,31,656
326,17/07/16 14,0,0.161027,0.695700,0.143272,0.998021,0.838246,0.001083,0.151598,0.206146,31,662
327,17/07/16 15,0,0.177412,0.615902,0.206685,0.998085,0.839317,0.000844,0.149775,0.278565,31,660
328,17/07/16 16,0,0.133377,0.753451,0.116703,0.998352,0.838146,0.000657,0.151424,0.216946,31,662
329,17/07/16 17,0,0.136800,0.753940,0.109259,0.997853,0.837405,0.001063,0.152529,0.168958,31,662
330,17/07/16 18,0,0.123106,0.785585,0.098458,0.998324,0.835781,0.000828,0.154803,0.131585,31,655
331,17/07/16 19,0,0.105306,0.806893,0.087801,0.998272,0.834313,0.001136,0.156848,0.102478,31,655
332,17/07/16 20,0,0.101307,0.823353,0.075339,0.998261,0.833175,0.001207,0.158431,0.089106,31,653
333,17/07/16 21,0,0.083223,0.854667,0.062872,0.998269,0.832291,0.001006,0.159662,0.069655,31,652
334,17/07/16 22,0,0.120496,0.796614,0.082891,0.998331,0.832278,0.000784,0.159746,0.125664,31,652
335,17/07/16 23,0,0.092310,0.837267,0.070423,0.998356,0.831496,0.000634,0.160826,0.097867,31,652
336,18/07/16 00,0,0.090288,0.837557,0.072155,0.998256,0.830868,0.001233,0.161728,0.076219,31,655
337,18/07/16 01,0,0.105753,0.819347,0.078140,0.997843,0.830720,0.001219,0.161988,0.106672,31,652
338,18/07/16 02,0,0.113470,0.797600,0.088930,0.998303,0.830742,0.000949,0.161983,0.096526,31,651
339,18/07/16 03,0,0.121592,0.800724,0.077684,0.998303,0.831124,0.000949,0.161451,0.122862,31,653
340,18/07/16 04,0,0.117998,0.795742,0.086260,0.998303,0.834421,0.000949,0.156951,0.234791,31,653
341,18/07/16 05,0,0.148482,0.709592,0.141926,0.998262,0.837315,0.001198,0.152974,0.234791,31,659
342,18/07/16 06,0,0.133588,0.777612,0.088800,0.997822,0.836514,0.001219,0.154016,0.182856,31,671
343,18/07/16 07,0,0.108148,0.818579,0.073273,0.998303,0.835060,0.000949,0.155984,0.142408,31,662
344,18/07/16 08,0,0.104891,0.831003,0.073050,0.998262,0.834360,0.001142,0.156965,0.112167,31,655
345,18/07/16 09,0,0.123587,0.793837,0.084337,0.998313,0.834188,0.000889,0.157231,0.114766,31,652
346,18/07/16 10,0,0.130584,0.771646,0.097770,0.998299,0.834651,0.000974,0.156593,0.110750,31,654
347,18/07/16 11,0,0.149077,0.733745,0.117178,0.997845,0.835448,0.001656,0.155524,0.135793,31,656
348,18/07/16 12,0,0.155456,0.719444,0.125100,0.998173,0.837589,0.001289,0.152571,0.167585,31,661
349,18/07/16 13,0,0.172883,0.645885,0.181232,0.998285,0.841074,0.001004,0.147616,0.247528,31,660
350,18/07/16 14,0,0.148468,0.735760,0.115772,0.998331,0.842315,0.000782,0.145964,0.192775,31,668
351,18/07/16 15,0,0.141150,0.749194,0.112356,0.998036,0.843403,0.001548,0.144316,0.303998,31,670
352,18/07/16 16,0,0.141841,0.737953,0.120206,0.997841,0.841870,0.001798,0.146466,0.236754,31,668
353,18/07/16 17,0,0.144812,0.729865,0.125989,0.997792,0.840273,0.001862,0.148698,0.184384,31,665
354,18/07/16 18,0,0.156119,0.709846,0.134035,0.997443,0.839122,0.002310,0.150381,0.143598,31,657
355,18/07/16 19,0,0.166985,0.684872,0.148143,0.997571,0.838385,0.002145,0.151495,0.140579,31,657
356,18/07/16 20,0,0.176545,0.661950,0.161505,0.997404,0.838157,0.002082,0.151871,0.145618,31,657
357,18/07/16 21,0,0.185640,0.635302,0.179057,0.997978,0.838542,0.001622,0.151406,0.161991,31,659
358,18/07/16 22,0,0.189166,0.625418,0.185416,0.997416,0.838671,0.002345,0.151277,0.147058,31,660
359,18/07/16 23,0,0.136152,0.737231,0.126617,0.997366,0.837270,0.002409,0.153162,0.114529,31,661
360,19/07/16 00,0,0.134638,0.740139,0.125223,0.997767,0.836160,0.001894,0.154615,0.101860,31,659
361,19/07/16 01,0,0.118103,0.800076,0.086930,0.997654,0.836641,0.001565,0.153972,0.169688,31,656
362,19/07/16 02,0,0.147443,0.740227,0.112329,0.997947,0.836756,0.001219,0.153798,0.169688,31,656
363,19/07/16 03,0,0.117833,0.799069,0.085394,0.998303,0.835708,0.000949,0.155216,0.132153,31,660
364,19/07/16 04,0,0.118057,0.795465,0.086478,0.998303,0.835283,0.000949,0.155706,0.234791,31,658
365,19/07/16 05,0,0.114490,0.805177,0.080333,0.998221,0.834751,0.001309,0.156412,0.182856,31,657
366,19/07/16 06,0,0.124982,0.783041,0.091978,0.997671,0.834761,0.002017,0.156385,0.169688,31,653
367,19/07/16 07,0,0.152795,0.722201,0.125004,0.997828,0.835171,0.001815,0.155809,0.173452,31,656
368,19/07/16 08,0,0.123796,0.787536,0.088668,0.997857,0.834696,0.001778,0.156476,0.135085,31,658
369,19/07/16 09,0,0.134988,0.760353,0.104659,0.997812,0.834246,0.001835,0.157093,0.117120,31,657
370,19/07/16 10,0,0.138828,0.746720,0.114452,0.998091,0.834074,0.001477,0.157325,0.127948,31,655
371,19/07/16 11,0,0.120812,0.762606,0.116582,0.998261,0.834504,0.001156,0.156403,0.340983,31,655
372,19/07/16 12,0,0.123080,0.780587,0.096333,0.998312,0.834165,0.000901,0.156928,0.265558,31,657
373,19/07/16 13,0,0.103637,0.812458,0.083905,0.998262,0.833371,0.000879,0.158042,0.206817,31,657
374,19/07/16 14,0,0.121543,0.782048,0.096409,0.998347,0.834062,0.000685,0.157053,0.221373,31,656
375,19/07/16 15,0,0.119228,0.801341,0.079431,0.997980,0.833827,0.001619,0.157397,0.172406,31,656
376,19/07/16 16,0,0.098330,0.824364,0.078004,0.997928,0.833055,0.001686,0.158497,0.134270,31,658
377,19/07/16 17,0,0.106433,0.807231,0.086337,0.998060,0.832342,0.001516,0.159491,0.104569,31,654
378,19/07/16 18,0,0.119500,0.783396,0.097104,0.998145,0.832471,0.001408,0.159332,0.106765,31,654
379,19/07/16 19,0,0.119858,0.801468,0.085635,0.998201,0.833202,0.001336,0.158403,0.111625,31,652
380,19/07/16 20,0,0.125871,0.780568,0.093562,0.998257,0.833087,0.001227,0.158606,0.110141,31,655
381,19/07/16 21,0,0.130173,0.766588,0.103239,0.998217,0.833001,0.001315,0.158763,0.112399,31,656
382,19/07/16 22,0,0.132903,0.756934,0.110163,0.997713,0.833804,0.001963,0.157745,0.126185,31,656
383,19/07/16 23,0,0.141443,0.750037,0.115222,0.997768,0.834590,0.001538,0.156705,0.163823,31,657
384,20/07/16 00,0,0.162458,0.683560,0.153982,0.998262,0.835512,0.001198,0.155217,0.236242,31,660
385,20/07/16 01,0,0.178174,0.602312,0.219514,0.998262,0.837044,0.001198,0.152746,0.294553,31,659
386,20/07/16 02,0,0.138764,0.753048,0.117700,0.997822,0.838039,0.001219,0.151516,0.229398,31,664
387,20/07/16 03,0,0.117673,0.784011,0.100233,0.998303,0.837864,0.000949,0.151691,0.234791,31,661
388,20/07/16 04,0,0.148288,0.711243,0.140469,0.997876,0.837542,0.001538,0.152110,0.234791,31,662
389,20/07/16 05,0,0.124022,0.786043,0.089935,0.998262,0.836641,0.001198,0.153415,0.182856,31,658
390,20/07/16 06,0,0.123359,0.775571,0.101069,0.998264,0.836928,0.001184,0.153129,0.169688,31,658
391,20/07/16 07,0,0.150443,0.729710,0.119865,0.997883,0.838890,0.001151,0.150398,0.244021,31,656
392,20/07/16 08,0,0.099326,0.824978,0.075696,0.997883,0.836798,0.000896,0.153273,0.190044,31,661
393,20/07/16 09,0,0.095174,0.838426,0.072723,0.998004,0.835294,0.000698,0.155351,0.148006,31,661
394,20/07/16 10,0,0.118764,0.798186,0.083050,0.998371,0.834472,0.000544,0.156538,0.115267,31,653
395,20/07/16 11,0,0.113140,0.809233,0.077627,0.997896,0.833687,0.001650,0.157646,0.113761,31,652
396,20/07/16 12,0,0.124949,0.735612,0.139439,0.997811,0.834186,0.001285,0.156692,0.388158,31,655
397,20/07/16 13,0,0.119792,0.801385,0.088415,0.998295,0.834012,0.001001,0.157017,0.302298,31,655
398,20/07/16 14,0,0.109838,0.809024,0.081623,0.998263,0.833929,0.001190,0.157180,0.235430,31,656
399,20/07/16 15,0,0.120550,0.773989,0.105461,0.997433,0.835522,0.002322,0.154900,0.278341,31,654
400,20/07/16 16,0,0.114878,0.821354,0.080542,0.997557,0.835390,0.002163,0.155194,0.216772,31,660
401,20/07/16 17,0,0.141532,0.763343,0.095125,0.997768,0.835531,0.001892,0.155124,0.168822,31,658
402,20/07/16 18,0,0.126319,0.777174,0.096507,0.997822,0.835356,0.001823,0.155419,0.131479,31,658
403,20/07/16 19,0,0.130529,0.763922,0.105549,0.997805,0.835165,0.001844,0.155676,0.114453,31,658
404,20/07/16 20,0,0.133200,0.754879,0.111945,0.997831,0.835504,0.001812,0.155242,0.114453,31,656
405,20/07/16 21,0,0.138462,0.748469,0.116585,0.997984,0.836924,0.001526,0.153347,0.168525,31,655
406,20/07/16 22,0,0.150278,0.711362,0.138360,0.998258,0.838036,0.001189,0.151611,0.240004,31,662
407,20/07/16 23,0,0.171015,0.615255,0.213730,0.998304,0.839143,0.000926,0.149682,0.316185,31,663
408,21/07/16 00,0,0.147187,0.723861,0.130362,0.998341,0.839096,0.000721,0.149902,0.246245,31,665
409,21/07/16 01,0,0.158111,0.712695,0.133607,0.998262,0.839392,0.001198,0.149623,0.191776,31,663
410,21/07/16 02,0,0.160363,0.700189,0.139449,0.998303,0.840249,0.000949,0.148576,0.169688,31,659
411,21/07/16 03,0,0.148461,0.713583,0.137956,0.998303,0.841187,0.000949,0.147311,0.234791,31,661
412,21/07/16 04,0,0.148948,0.709296,0.142069,0.998265,0.840870,0.001182,0.147714,0.234791,31,663
413,21/07/16 05,0,0.149318,0.710166,0.140516,0.998262,0.839360,0.001174,0.149906,0.182856,31,665
414,21/07/16 06,0,0.149600,0.709024,0.141376,0.998309,0.839562,0.000914,0.149723,0.169688,31,658
415,21/07/16 07,0,0.156421,0.708142,0.142041,0.997469,0.839646,0.000988,0.149691,0.195064,31,656
416,21/07/16 08,0,0.160893,0.692229,0.146878,0.997551,0.840579,0.000770,0.147986,0.389298,31,661
417,21/07/16 09,0,0.175473,0.662084,0.162443,0.997831,0.840379,0.000599,0.148465,0.303185,31,664
418,21/07/16 10,0,0.136868,0.733873,0.129259,0.997947,0.838822,0.000467,0.150703,0.236121,31,663
419,21/07/16 11,0,0.135175,0.737590,0.127235,0.998401,0.837241,0.000364,0.152895,0.183891,31,660
420,21/07/16 12,0,0.134390,0.739592,0.126018,0.998254,0.836243,0.001243,0.154352,0.143215,31,655
421,21/07/16 13,0,0.133954,0.740828,0.125217,0.997904,0.835850,0.001005,0.154975,0.111536,31,654
422,21/07/16 14,0,0.133686,0.741651,0.124664,0.998331,0.835421,0.000783,0.155624,0.106002,31,655
423,21/07/16 15,0,0.133509,0.742224,0.124268,0.998160,0.834994,0.001389,0.156176,0.116284,31,657
424,21/07/16 16,0,0.126690,0.775800,0.097510,0.998162,0.837404,0.001385,0.152774,0.234791,31,656
425,21/07/16 17,0,0.150940,0.692198,0.157038,0.997853,0.838598,0.001782,0.150954,0.268012,31,659
426,21/07/16 18,0,0.110432,0.805094,0.084474,0.997853,0.836855,0.001735,0.153326,0.208728,31,669
427,21/07/16 19,0,0.121203,0.782950,0.095847,0.997853,0.835391,0.001351,0.155374,0.162557,31,660
428,21/07/16 20,0,0.126315,0.768641,0.105044,0.998261,0.834468,0.001053,0.156651,0.126600,31,653
429,21/07/16 21,0,0.128816,0.760680,0.110504,0.998307,0.834221,0.000820,0.157049,0.125664,31,652
430,21/07/16 22,0,0.130213,0.755777,0.114009,0.998355,0.833679,0.000638,0.157802,0.101860,31,654
431,21/07/16 23,0,0.131064,0.752554,0.116381,0.998142,0.833390,0.001411,0.158247,0.101860,31,655
432,22/07/16 00,0,0.131616,0.750338,0.118046,0.998104,0.833408,0.001460,0.158274,0.108032,31,654
433,22/07/16 01,0,0.131989,0.748765,0.119245,0.998262,0.833257,0.001198,0.158487,0.101860,31,655
434,22/07/16 02,0,0.116417,0.797145,0.093253,0.998303,0.833531,0.000949,0.158144,0.111534,31,656
435,22/07/16 03,0,0.122783,0.786546,0.090672,0.998303,0.833993,0.000949,0.157450,0.169688,31,655
436,22/07/16 04,0,0.147584,0.739820,0.112596,0.997853,0.836400,0.000760,0.154062,0.234791,31,658
437,22/07/16 05,0,0.149348,0.704706,0.145945,0.998262,0.836757,0.000592,0.153542,0.234791,31,661
438,22/07/16 06,0,0.121145,0.786743,0.092112,0.998278,0.835894,0.000461,0.154781,0.182856,31,663
439,22/07/16 07,0,0.139911,0.747355,0.112735,0.998402,0.836665,0.000359,0.153839,0.169688,31,657
440,22/07/16 08,0,0.167955,0.618802,0.213244,0.998231,0.838093,0.001297,0.151687,0.380171,31,657
441,22/07/16 09,0,0.153572,0.720227,0.126201,0.998077,0.837390,0.001495,0.152691,0.296078,31,664
442,22/07/16 10,0,0.164164,0.694878,0.140959,0.997713,0.837297,0.001963,0.152829,0.230586,31,659
443,22/07/16 11,0,0.162279,0.691516,0.146204,0.997713,0.838096,0.001963,0.151858,0.179580,31,657
444,22/07/16 12,0,0.159388,0.692911,0.147701,0.997749,0.838338,0.001917,0.151316,0.220253,31,663
445,22/07/16 13,0,0.172775,0.632946,0.197034,0.997759,0.838997,0.001565,0.150133,0.290791,31,662
446,22/07/16 14,0,0.140263,0.739665,0.129681,0.997874,0.839118,0.001219,0.150082,0.226468,31,662
447,22/07/16 15,0,0.150499,0.728510,0.120991,0.998303,0.840272,0.000949,0.148358,0.320991,31,661
448,22/07/16 16,0,0.147424,0.733312,0.119299,0.998325,0.839735,0.000822,0.149228,0.249988,31,663
449,22/07/16 17,0,0.160565,0.703192,0.136242,0.997713,0.839288,0.001963,0.149951,0.194691,31,663
450,22/07/16 18,0,0.160056,0.696840,0.143104,0.997713,0.838573,0.001963,0.151014,0.151625,31,659
451,22/07/16 19,0,0.159543,0.693591,0.146866,0.997713,0.838061,0.001963,0.151827,0.123482,31,661
452,22/07/16 20,0,0.153717,0.701494,0.144789,0.997978,0.838459,0.001622,0.151141,0.332250,31,656
453,22/07/16 21,0,0.170505,0.670391,0.159104,0.997713,0.839101,0.001963,0.150439,0.258757,31,659
454,22/07/16 22,0,0.183268,0.635706,0.181026,0.997713,0.839991,0.001963,0.149321,0.201520,31,661
455,22/07/16 23,0,0.135492,0.740250,0.124259,0.997782,0.838721,0.001874,0.151063,0.156944,31,664
456,23/07/16 00,0,0.141904,0.742457,0.123403,0.997713,0.837561,0.001963,0.152663,0.130090,31,662
457,23/07/16 01,0,0.136544,0.743361,0.123043,0.997821,0.836599,0.001538,0.154018,0.111846,31,659
458,23/07/16 02,0,0.135847,0.743730,0.122924,0.998262,0.835590,0.001198,0.155318,0.112677,31,655
459,23/07/16 03,0,0.138872,0.742777,0.122890,0.998303,0.836521,0.000949,0.153981,0.234791,31,655
460,23/07/16 04,0,0.148745,0.708288,0.142967,0.998303,0.837400,0.000834,0.152766,0.234791,31,656
461,23/07/16 05,0,0.131114,0.768961,0.099925,0.997891,0.836644,0.000650,0.153767,0.182856,31,662
462,23/07/16 06,0,0.149562,0.730466,0.119972,0.998262,0.836581,0.000506,0.153863,0.169688,31,661
463,23/07/16 07,0,0.107395,0.826579,0.074848,0.998396,0.835336,0.000394,0.155558,0.132153,31,659
464,23/07/16 08,0,0.126484,0.744860,0.128656,0.997944,0.836219,0.001666,0.154151,0.317992,31,656
465,23/07/16 09,0,0.102486,0.834521,0.071725,0.998110,0.835086,0.001453,0.155666,0.247653,31,655
466,23/07/16 10,0,0.116622,0.801777,0.081600,0.998250,0.834363,0.001212,0.156687,0.192872,31,658
467,23/07/16 11,0,0.110829,0.808114,0.081057,0.998294,0.833893,0.000944,0.157343,0.150209,31,653
468,23/07/16 12,0,0.118242,0.803049,0.078709,0.998339,0.833620,0.000735,0.157747,0.116983,31,654
469,23/07/16 13,0,0.125777,0.781231,0.092992,0.998112,0.833829,0.000796,0.157532,0.115652,31,654
470,23/07/16 14,0,0.145958,0.741004,0.113038,0.998358,0.835006,0.000620,0.156015,0.141986,31,656
471,23/07/16 15,0,0.165303,0.680760,0.153938,0.998018,0.838298,0.001569,0.151347,0.202384,31,659
472,23/07/16 16,0,0.166928,0.666049,0.167024,0.998135,0.841047,0.001222,0.147302,0.249562,31,666
473,23/07/16 17,0,0.144032,0.745281,0.110686,0.997982,0.840883,0.000951,0.147423,0.257683,31,667
474,23/07/16 18,0,0.149661,0.700658,0.149682,0.997954,0.839931,0.000741,0.148618,0.234791,31,671
475,23/07/16 19,0,0.086385,0.843690,0.069924,0.998365,0.837351,0.000577,0.152295,0.182856,31,660
476,23/07/16 20,0,0.068703,0.876238,0.055812,0.998175,0.835291,0.001369,0.155235,0.142408,31,656
477,23/07/16 21,0,0.099820,0.833495,0.066686,0.998262,0.833973,0.001198,0.157154,0.110908,31,651
478,23/07/16 22,0,0.127553,0.782432,0.090015,0.997813,0.833442,0.001835,0.157987,0.127138,31,651
479,23/07/16 23,0,0.114360,0.812511,0.079645,0.998028,0.832899,0.001558,0.158821,0.101860,31,653
480,24/07/16 00,0,0.102157,0.819528,0.078315,0.997824,0.832176,0.001565,0.159875,0.083172,31,654
481,24/07/16 01,0,0.112045,0.804356,0.083598,0.997834,0.831812,0.001219,0.160435,0.102591,31,654
482,24/07/16 02,0,0.124827,0.777876,0.097297,0.998303,0.832135,0.000949,0.160014,0.112150,31,653
483,24/07/16 03,0,0.122662,0.789618,0.091329,0.998303,0.835359,0.000949,0.155635,0.234791,31,653
484,24/07/16 04,0,0.149803,0.702734,0.147463,0.998262,0.837801,0.001198,0.152273,0.234791,31,661
485,24/07/16 05,0,0.165094,0.692223,0.142683,0.998262,0.838118,0.001041,0.151844,0.182856,31,669
486,24/07/16 06,0,0.147197,0.720144,0.142194,0.997890,0.839848,0.000811,0.149300,0.234791,31,663
487,24/07/16 07,0,0.165858,0.638729,0.195413,0.998356,0.840893,0.000631,0.147755,0.234791,31,665
488,24/07/16 08,0,0.130838,0.762598,0.106563,0.997713,0.841062,0.001963,0.147584,0.182856,31,662
489,24/07/16 09,0,0.159692,0.696832,0.150039,0.997713,0.840731,0.001963,0.147948,0.280100,31,665
490,24/07/16 10,0,0.133161,0.763431,0.106037,0.997768,0.840058,0.001892,0.148957,0.218142,31,663
491,24/07/16 11,0,0.138436,0.749310,0.112298,0.997768,0.839274,0.001892,0.150098,0.169890,31,658
492,24/07/16 12,0,0.141832,0.738032,0.120136,0.997867,0.839382,0.001765,0.150019,0.132310,31,658
493,24/07/16 13,0,0.145069,0.729920,0.125939,0.998160,0.840025,0.001378,0.149185,0.166644,31,659
494,24/07/16 14,0,0.165813,0.672053,0.162134,0.998283,0.840751,0.001073,0.147948,0.233420,31,662
495,24/07/16 15,0,0.181653,0.584450,0.233897,0.998313,0.841435,0.000893,0.146556,0.312423,31,664
496,24/07/16 16,0,0.147811,0.716168,0.136021,0.998318,0.840941,0.000862,0.147408,0.243315,31,666
497,24/07/16 17,0,0.153433,0.713626,0.137917,0.998303,0.841189,0.000949,0.147289,0.189494,31,664
498,24/07/16 18,0,0.168439,0.687123,0.144438,0.997292,0.840901,0.002505,0.147827,0.148678,31,661
499,24/07/16 19,0,0.179053,0.658671,0.162276,0.997195,0.840747,0.002629,0.148159,0.153443,31,662
500,24/07/16 20,0,0.186673,0.632267,0.181060,0.997634,0.840625,0.002055,0.148357,0.165590,31,661
501,24/07/16 21,0,0.192390,0.607993,0.199618,0.997995,0.840909,0.001601,0.148011,0.176388,31,662
502,24/07/16 22,0,0.156546,0.716286,0.128624,0.997713,0.839755,0.001963,0.149602,0.145774,31,663
503,24/07/16 23,0,0.146579,0.724463,0.128959,0.997505,0.838481,0.002010,0.151309,0.113529,31,660
504,25/07/16 00,0,0.138591,0.740098,0.125617,0.997721,0.837543,0.001565,0.152592,0.122652,31,658
505,25/07/16 01,0,0.153900,0.719184,0.126916,0.997828,0.836814,0.001219,0.153550,0.136784,31,654
506,25/07/16 02,0,0.158436,0.703743,0.137821,0.998303,0.836165,0.000949,0.154407,0.129303,31,657
507,25/07/16 03,0,0.155796,0.703054,0.141149,0.998303,0.836268,0.000949,0.154352,0.125493,31,655
508,25/07/16 04,0,0.136755,0.734238,0.129007,0.998262,0.837122,0.001198,0.153119,0.234791,31,656
509,25/07/16 05,0,0.148376,0.710466,0.141158,0.998303,0.838681,0.000949,0.150951,0.234791,31,660
510,25/07/16 06,0,0.142873,0.736483,0.120644,0.998303,0.837225,0.000949,0.152861,0.228212,31,664
511,25/07/16 07,0,0.097529,0.829012,0.073459,0.998262,0.835317,0.000997,0.155489,0.177732,31,662
512,25/07/16 08,0,0.131023,0.713416,0.155561,0.998332,0.835506,0.000776,0.154867,0.400117,31,653
513,25/07/16 09,0,0.102514,0.836021,0.072008,0.998272,0.834508,0.001136,0.156286,0.311612,31,654
514,25/07/16 10,0,0.116643,0.801655,0.081702,0.997946,0.833983,0.001664,0.157033,0.242683,31,657
515,25/07/16 11,0,0.122945,0.783011,0.094044,0.997997,0.833739,0.001382,0.157397,0.189002,31,653
516,25/07/16 12,0,0.119043,0.804559,0.076398,0.998260,0.834030,0.001076,0.157112,0.169688,31,654
517,25/07/16 13,0,0.116487,0.811032,0.075895,0.998303,0.833727,0.000838,0.157600,0.141839,31,657
518,25/07/16 14,0,0.122958,0.785006,0.092035,0.998353,0.833469,0.000653,0.158006,0.110464,31,656
519,25/07/16 15,0,0.109043,0.807386,0.086347,0.998059,0.833395,0.001518,0.158181,0.111862,31,656
520,25/07/16 16,0,0.104512,0.815711,0.079777,0.998223,0.832707,0.001308,0.159076,0.101860,31,655
521,25/07/16 17,0,0.078053,0.861900,0.060047,0.998235,0.831765,0.001292,0.160337,0.079329,31,655
522,25/07/16 18,0,0.091871,0.838812,0.069317,0.998252,0.831087,0.001260,0.161254,0.076939,31,653
523,25/07/16 19,0,0.104749,0.815492,0.079759,0.998259,0.831252,0.001214,0.161061,0.101860,31,651
524,25/07/16 20,0,0.117074,0.797256,0.089153,0.998266,0.831452,0.001172,0.160767,0.101860,31,652
525,25/07/16 21,0,0.124598,0.789519,0.094584,0.998202,0.832187,0.001334,0.159763,0.135982,31,655
526,25/07/16 22,0,0.118189,0.803624,0.087488,0.997834,0.832579,0.001808,0.159215,0.106765,31,656
527,25/07/16 23,0,0.125742,0.781659,0.092599,0.997945,0.833521,0.001665,0.157966,0.108504,31,656
528,26/07/16 00,0,0.136833,0.760621,0.102569,0.998102,0.834399,0.001462,0.156823,0.132957,31,657
529,26/07/16 01,0,0.158472,0.706295,0.135233,0.998019,0.836409,0.001426,0.154071,0.176990,31,661
530,26/07/16 02,0,0.167409,0.658288,0.174304,0.997976,0.839823,0.001110,0.148998,0.265686,31,661
531,26/07/16 03,0,0.179217,0.618038,0.202745,0.998303,0.841137,0.000865,0.147277,0.208984,31,667
532,26/07/16 04,0,0.186661,0.598886,0.214452,0.998303,0.840869,0.000673,0.147800,0.181815,31,670
533,26/07/16 05,0,0.135421,0.752356,0.112223,0.998299,0.838952,0.000524,0.150499,0.141598,31,669
534,26/07/16 06,0,0.127288,0.776950,0.096873,0.997956,0.840767,0.000408,0.148029,0.234791,31,660
535,26/07/16 07,0,0.156328,0.694435,0.153514,0.998408,0.842291,0.000318,0.145916,0.234791,31,661
536,26/07/16 08,0,0.124273,0.789789,0.088675,0.997713,0.840658,0.001963,0.148192,0.182856,31,667
537,26/07/16 09,0,0.133170,0.765553,0.101277,0.997863,0.839534,0.001769,0.149819,0.142408,31,665
538,26/07/16 10,0,0.138434,0.749406,0.112160,0.997819,0.839194,0.001538,0.150321,0.118426,31,657
539,26/07/16 11,0,0.141827,0.738127,0.120046,0.998262,0.838624,0.001198,0.151139,0.126002,31,657
540,26/07/16 12,0,0.149650,0.723165,0.127297,0.998159,0.838155,0.001390,0.151840,0.126362,31,660
541,26/07/16 13,0,0.156055,0.706506,0.137439,0.997719,0.838007,0.001955,0.152151,0.127982,31,659
542,26/07/16 14,0,0.157824,0.698811,0.143365,0.997825,0.838850,0.001819,0.150757,0.296667,31,658
543,26/07/16 15,0,0.162072,0.688052,0.149877,0.997713,0.839250,0.001963,0.150296,0.231045,31,660
544,26/07/16 16,0,0.168208,0.674108,0.157684,0.997291,0.839286,0.002505,0.150331,0.179938,31,664
545,26/07/16 17,0,0.166743,0.673829,0.159428,0.997436,0.838505,0.002320,0.151452,0.140136,31,662
546,26/07/16 18,0,0.169674,0.666871,0.163455,0.997713,0.837888,0.001963,0.152364,0.131041,31,662
547,26/07/16 19,0,0.136390,0.736120,0.127490,0.997713,0.836371,0.001893,0.154418,0.102055,31,658
548,26/07/16 20,0,0.134807,0.739342,0.125851,0.998093,0.835619,0.001474,0.155431,0.123867,31,657
549,26/07/16 21,0,0.134109,0.740938,0.124953,0.997768,0.835178,0.001892,0.156032,0.107977,31,655
550,26/07/16 22,0,0.133738,0.741867,0.124395,0.997787,0.834675,0.001760,0.156723,0.101860,31,656
551,26/07/16 23,0,0.133519,0.742455,0.124026,0.998060,0.834078,0.001371,0.157528,0.111014,31,656
552,27/07/16 00,0,0.140826,0.738895,0.123773,0.998267,0.833613,0.001067,0.158182,0.116833,31,657
553,27/07/16 01,0,0.147690,0.722993,0.129317,0.998323,0.833234,0.000831,0.158675,0.120990,31,654
554,27/07/16 02,0,0.150883,0.713615,0.135501,0.998287,0.834658,0.001048,0.156560,0.234791,31,654
555,27/07/16 03,0,0.148939,0.706945,0.144116,0.998270,0.837163,0.001152,0.153105,0.234791,31,656
556,27/07/16 04,0,0.146675,0.744194,0.111284,0.997822,0.836508,0.001219,0.153931,0.182856,31,662
557,27/07/16 05,0,0.164580,0.694816,0.140603,0.998303,0.839328,0.000949,0.150023,0.234791,31,665
558,27/07/16 06,0,0.165353,0.641210,0.193437,0.998303,0.839045,0.000949,0.150281,0.234791,31,665
559,27/07/16 07,0,0.131037,0.781617,0.087346,0.997853,0.838126,0.001782,0.151617,0.182856,31,664
560,27/07/16 08,0,0.125847,0.780798,0.093355,0.997853,0.836826,0.001782,0.153458,0.142408,31,657
561,27/07/16 09,0,0.133663,0.720265,0.146072,0.997898,0.836600,0.001725,0.153557,0.327082,31,657
562,27/07/16 10,0,0.132892,0.757065,0.110043,0.997982,0.836260,0.001509,0.154150,0.254732,31,657
563,27/07/16 11,0,0.134733,0.750132,0.115134,0.997986,0.836727,0.001175,0.153614,0.198385,31,656
564,27/07/16 12,0,0.147704,0.726758,0.125538,0.998004,0.836735,0.000915,0.153283,0.342649,31,659
565,27/07/16 13,0,0.161362,0.697452,0.141186,0.998343,0.837440,0.000713,0.152362,0.266856,31,661
566,27/07/16 14,0,0.174518,0.668148,0.169160,0.998267,0.838882,0.001169,0.150125,0.276684,31,659
567,27/07/16 15,0,0.134801,0.748215,0.120441,0.998221,0.837850,0.001309,0.151628,0.215481,31,661
568,27/07/16 16,0,0.137377,0.752861,0.109762,0.997992,0.836954,0.001604,0.152994,0.167817,31,662
569,27/07/16 17,0,0.108173,0.796669,0.095585,0.998038,0.836226,0.001545,0.154048,0.130696,31,655
570,27/07/16 18,0,0.126498,0.771411,0.102091,0.997713,0.835875,0.001963,0.154498,0.210568,31,656
571,27/07/16 19,0,0.111189,0.816582,0.073807,0.997958,0.834838,0.001647,0.156002,0.163990,31,658
572,27/07/16 20,0,0.112277,0.804120,0.083603,0.997781,0.833843,0.001875,0.157437,0.127716,31,655
573,27/07/16 21,0,0.099701,0.827450,0.075761,0.997713,0.832908,0.001963,0.158752,0.099465,31,653
574,27/07/16 22,0,0.127252,0.776679,0.096069,0.997815,0.832570,0.001831,0.159260,0.124057,31,654
575,27/07/16 23,0,0.148998,0.732794,0.118207,0.997880,0.832345,0.001565,0.159648,0.140948,31,654
576,28/07/16 00,0,0.161727,0.701874,0.136399,0.997926,0.832307,0.001219,0.159763,0.140948,31,654
577,28/07/16 01,0,0.132032,0.746295,0.121673,0.998303,0.832286,0.000949,0.159805,0.109770,31,655
578,28/07/16 02,0,0.125960,0.775350,0.098689,0.998303,0.833042,0.000949,0.158614,0.234791,31,654
579,28/07/16 03,0,0.117983,0.802274,0.079743,0.998262,0.832848,0.001198,0.158855,0.182856,31,656
580,28/07/16 04,0,0.128216,0.774801,0.096983,0.998303,0.834247,0.000949,0.156950,0.169688,31,655
581,28/07/16 05,0,0.147265,0.740593,0.112142,0.998303,0.837007,0.000949,0.153091,0.234791,31,655
582,28/07/16 06,0,0.157480,0.684208,0.161330,0.998004,0.837882,0.000984,0.151638,0.298651,31,664
583,28/07/16 07,0,0.146128,0.753305,0.100567,0.997897,0.836781,0.000766,0.153344,0.232589,31,664
584,28/07/16 08,0,0.126440,0.775905,0.097654,0.998362,0.836227,0.000597,0.154192,0.181141,31,658
585,28/07/16 09,0,0.133279,0.696652,0.170068,0.998096,0.837507,0.000886,0.152124,0.404915,31,654
586,28/07/16 10,0,0.133232,0.754201,0.112567,0.998001,0.837637,0.000690,0.152091,0.315348,31,658
587,28/07/16 11,0,0.138437,0.747960,0.117054,0.998372,0.838365,0.000537,0.151170,0.245594,31,660
588,28/07/16 12,0,0.141833,0.738022,0.120369,0.998279,0.839642,0.001013,0.149548,0.191269,31,660
589,28/07/16 13,0,0.161997,0.694416,0.143587,0.998330,0.842000,0.000789,0.146283,0.206146,31,664
590,28/07/16 14,0,0.177951,0.612666,0.209383,0.998051,0.843905,0.001528,0.143150,0.330371,31,666
591,28/07/16 15,0,0.146945,0.719514,0.133542,0.997989,0.843302,0.001608,0.144134,0.257293,31,670
592,28/07/16 16,0,0.148497,0.716167,0.136022,0.997802,0.842180,0.001338,0.145827,0.200380,31,665
593,28/07/16 17,0,0.148458,0.713625,0.137918,0.998288,0.840801,0.001042,0.147830,0.156056,31,662
594,28/07/16 18,0,0.155278,0.710155,0.139372,0.997970,0.839806,0.001632,0.149281,0.130501,31,657
595,28/07/16 19,0,0.169629,0.679448,0.150923,0.997594,0.839412,0.002116,0.149929,0.145798,31,658
596,28/07/16 20,0,0.178017,0.658133,0.163849,0.997640,0.839251,0.002057,0.150221,0.145618,31,659
597,28/07/16 21,0,0.171020,0.665608,0.163371,0.997960,0.839864,0.001645,0.149088,0.360642,31,660
598,28/07/16 22,0,0.179988,0.647129,0.172883,0.998149,0.839704,0.001403,0.149483,0.280868,31,663
599,28/07/16 23,0,0.187183,0.630691,0.182126,0.998149,0.839542,0.001403,0.149806,0.218741,31,663
600,29/07/16 00,0,0.136868,0.733873,0.129259,0.997822,0.838173,0.001219,0.151665,0.170355,31,660
601,29/07/16 01,0,0.135175,0.737590,0.127235,0.998303,0.837096,0.000949,0.153130,0.132673,31,659
602,29/07/16 02,0,0.134390,0.739592,0.126018,0.997956,0.836681,0.001392,0.153762,0.169688,31,655
603,29/07/16 03,0,0.147016,0.742463,0.110521,0.998262,0.837034,0.001084,0.153316,0.169688,31,656
604,29/07/16 04,0,0.122948,0.769226,0.107826,0.998303,0.837156,0.000844,0.153078,0.234791,31,658
605,29/07/16 05,0,0.149790,0.703253,0.146957,0.998344,0.837856,0.000657,0.152095,0.234791,31,659
606,29/07/16 06,0,0.126986,0.779113,0.098446,0.998249,0.836993,0.000512,0.153236,0.182856,31,660
607,29/07/16 07,0,0.156202,0.711385,0.137285,0.997946,0.836571,0.000399,0.153786,0.186607,31,661
608,29/07/16 08,0,0.130836,0.739658,0.129506,0.998401,0.835920,0.000311,0.154508,0.312739,31,658
609,29/07/16 09,0,0.157874,0.653246,0.188880,0.997873,0.837402,0.001588,0.152021,0.452097,31,656
610,29/07/16 10,0,0.160724,0.658272,0.181004,0.997896,0.836822,0.001237,0.152970,0.352094,31,659
611,29/07/16 11,0,0.160554,0.704642,0.134804,0.998252,0.836618,0.000963,0.153451,0.274211,31,662
612,29/07/16 12,0,0.124067,0.760895,0.115039,0.998285,0.836194,0.000750,0.154141,0.213556,31,658
613,29/07/16 13,0,0.125843,0.779128,0.099595,0.998364,0.836173,0.000584,0.154279,0.166317,31,657
614,29/07/16 14,0,0.145373,0.745033,0.109595,0.998089,0.836488,0.001479,0.153968,0.141234,31,658
615,29/07/16 15,0,0.164995,0.683013,0.151992,0.997998,0.837466,0.001596,0.152491,0.204265,31,660
616,29/07/16 16,0,0.180000,0.606094,0.213906,0.997950,0.838876,0.001274,0.150223,0.279505,31,660
617,29/07/16 17,0,0.133289,0.767460,0.099252,0.998032,0.837500,0.000992,0.152208,0.217679,31,661
618,29/07/16 18,0,0.118538,0.785602,0.097584,0.998203,0.837735,0.000773,0.152061,0.169688,31,661
619,29/07/16 19,0,0.147989,0.700043,0.151968,0.998201,0.837158,0.000602,0.152736,0.306880,31,656
620,29/07/16 20,0,0.128893,0.775110,0.095997,0.998384,0.835778,0.000469,0.154709,0.238998,31,662
621,29/07/16 21,0,0.114194,0.813349,0.072457,0.998175,0.834480,0.001369,0.156544,0.186132,31,654
622,29/07/16 22,0,0.120905,0.792720,0.086376,0.998221,0.833851,0.001310,0.157516,0.144960,31,653
623,29/07/16 23,0,0.124710,0.779377,0.095914,0.997713,0.833161,0.001963,0.158543,0.112895,31,653
624,30/07/16 00,0,0.087808,0.844905,0.068655,0.997859,0.832169,0.001538,0.159940,0.087923,31,655
625,30/07/16 01,0,0.103197,0.816830,0.079973,0.998262,0.831514,0.001198,0.160878,0.088254,31,655
626,30/07/16 02,0,0.121741,0.783456,0.094803,0.998262,0.831728,0.001099,0.160582,0.109171,31,651
627,30/07/16 03,0,0.118756,0.794594,0.087524,0.998303,0.834824,0.000856,0.156357,0.234791,31,652
628,30/07/16 04,0,0.148521,0.709402,0.142076,0.998303,0.837456,0.000667,0.152785,0.234791,31,658
629,30/07/16 05,0,0.129890,0.782498,0.087612,0.998262,0.836125,0.000519,0.154551,0.182856,31,669
630,30/07/16 06,0,0.090893,0.835029,0.074077,0.998273,0.834690,0.000404,0.156428,0.142408,31,663
631,30/07/16 07,0,0.129131,0.750378,0.121192,0.998353,0.836658,0.000315,0.153636,0.234791,31,652
632,30/07/16 08,0,0.160993,0.642086,0.196922,0.998326,0.837034,0.000245,0.152823,0.325989,31,656
633,30/07/16 09,0,0.135647,0.775052,0.089301,0.998095,0.837192,0.001472,0.152739,0.253881,31,662
634,30/07/16 10,0,0.137982,0.756722,0.105296,0.998122,0.836339,0.001437,0.154013,0.197722,31,660
635,30/07/16 11,0,0.146132,0.735127,0.118741,0.997768,0.836569,0.001892,0.153774,0.153986,31,657
636,30/07/16 12,0,0.133118,0.755091,0.111790,0.997884,0.837538,0.001648,0.152554,0.129947,31,656
637,30/07/16 13,0,0.155963,0.715814,0.128223,0.998152,0.838782,0.001284,0.150833,0.173228,31,661
638,30/07/16 14,0,0.173123,0.645509,0.181367,0.998284,0.839735,0.001000,0.149278,0.240944,31,662
639,30/07/16 15,0,0.138451,0.749194,0.112355,0.998332,0.839721,0.000778,0.149354,0.187648,31,662
640,30/07/16 16,0,0.145066,0.737955,0.120204,0.997945,0.841246,0.001111,0.147343,0.169688,31,660
641,30/07/16 17,0,0.148731,0.729868,0.125986,0.998262,0.841467,0.000865,0.147102,0.169688,31,664
642,30/07/16 18,0,0.145772,0.723925,0.130303,0.998349,0.840731,0.000674,0.148147,0.136204,31,667
643,30/07/16 19,0,0.147289,0.719493,0.133560,0.997845,0.840402,0.001794,0.148376,0.312661,31,662
644,30/07/16 20,0,0.162262,0.696007,0.141731,0.997713,0.839587,0.001963,0.149683,0.243501,31,661
645,30/07/16 21,0,0.172554,0.671590,0.155857,0.997880,0.839315,0.001748,0.150189,0.189639,31,659
646,30/07/16 22,0,0.182740,0.645802,0.171458,0.997713,0.839802,0.001963,0.149656,0.154343,31,660
647,30/07/16 23,0,0.189674,0.621516,0.188810,0.997364,0.840438,0.002010,0.148609,0.311593,31,662
648,31/07/16 00,0,0.180605,0.580952,0.238443,0.997562,0.839413,0.001565,0.149852,0.279165,31,663
649,31/07/16 01,0,0.167035,0.628841,0.204124,0.997822,0.838313,0.001219,0.151417,0.217414,31,661
650,31/07/16 02,0,0.119574,0.784199,0.096227,0.998303,0.836953,0.000949,0.153293,0.169322,31,657
651,31/07/16 03,0,0.118017,0.793028,0.089908,0.998303,0.836586,0.000949,0.153828,0.169688,31,656
652,31/07/16 04,0,0.147496,0.740426,0.112078,0.998221,0.838098,0.001272,0.151745,0.234791,31,655
653,31/07/16 05,0,0.149220,0.705875,0.144905,0.997822,0.838408,0.000991,0.151070,0.326826,31,659
654,31/07/16 06,0,0.117615,0.800662,0.081723,0.998303,0.836705,0.000772,0.153427,0.254533,31,666
655,31/07/16 07,0,0.091930,0.840457,0.072963,0.998361,0.835154,0.000601,0.155562,0.198230,31,657
656,31/07/16 08,0,0.129344,0.775330,0.095326,0.998262,0.834923,0.001198,0.155953,0.169688,31,653
657,31/07/16 09,0,0.125282,0.753275,0.121443,0.997849,0.835711,0.001788,0.154604,0.291669,31,654
658,31/07/16 10,0,0.118787,0.798786,0.091122,0.998060,0.834810,0.001516,0.155931,0.227152,31,658
659,31/07/16 11,0,0.126132,0.778225,0.095643,0.998026,0.834388,0.001521,0.156644,0.176906,31,657
660,31/07/16 12,0,0.130358,0.764854,0.104787,0.998264,0.834904,0.001184,0.155968,0.137775,31,654
661,31/07/16 13,0,0.146313,0.737608,0.116078,0.998307,0.835841,0.000926,0.154790,0.132249,31,655
662,31/07/16 14,0,0.158865,0.708278,0.132858,0.998172,0.837223,0.001372,0.152946,0.170406,31,662
663,31/07/16 15,0,0.170004,0.656521,0.173475,0.998262,0.837759,0.001198,0.151995,0.241885,31,663
664,31/07/16 16,0,0.129557,0.765794,0.111649,0.998262,0.836751,0.001075,0.153415,0.188380,31,663
665,31/07/16 17,0,0.140818,0.750120,0.109063,0.998096,0.835634,0.000837,0.155013,0.146711,31,660
666,31/07/16 18,0,0.123530,0.770727,0.105742,0.998353,0.834228,0.000652,0.156982,0.114258,31,655
667,31/07/16 19,0,0.087097,0.830917,0.081987,0.998149,0.832920,0.001389,0.158812,0.088984,31,653
668,31/07/16 20,0,0.099931,0.848888,0.061511,0.998183,0.832113,0.001081,0.159949,0.101860,31,652
669,31/07/16 21,0,0.078144,0.859747,0.062108,0.998252,0.831317,0.000842,0.161046,0.079329,31,651
670,31/07/16 22,0,0.106202,0.820856,0.072942,0.998352,0.831050,0.000656,0.161459,0.099871,31,652
671,31/07/16 23,0,0.127264,0.780523,0.092214,0.998332,0.831185,0.000780,0.161320,0.122716,31,651
672,01/08/16 00,0,0.095497,0.833980,0.070523,0.997937,0.830932,0.001625,0.161676,0.095572,31,653
673,01/08/16 01,0,0.092644,0.834810,0.072546,0.997876,0.830974,0.001265,0.161625,0.082392,31,653
674,01/08/16 02,0,0.117572,0.808738,0.083482,0.998262,0.832312,0.000986,0.159869,0.169688,31,652
675,01/08/16 03,0,0.146780,0.742631,0.110589,0.998303,0.833263,0.000768,0.158570,0.169688,31,655
676,01/08/16 04,0,0.117927,0.796117,0.085957,0.998362,0.834071,0.000598,0.157411,0.234791,31,660
677,01/08/16 05,0,0.148451,0.709807,0.141743,0.997898,0.834959,0.001550,0.156118,0.234791,31,659
678,01/08/16 06,0,0.127103,0.774636,0.098261,0.997768,0.835803,0.001207,0.154970,0.182856,31,660
679,01/08/16 07,0,0.156032,0.711813,0.132155,0.998262,0.836843,0.000940,0.153553,0.169688,31,658
680,01/08/16 08,0,0.131424,0.735328,0.135021,0.998340,0.837815,0.000732,0.151941,0.313661,31,659
681,01/08/16 09,0,0.133193,0.778182,0.091340,0.997768,0.837404,0.001892,0.152593,0.244279,31,662
682,01/08/16 10,0,0.139813,0.754207,0.105981,0.997814,0.836996,0.001833,0.153253,0.190245,31,661
683,01/08/16 11,0,0.130621,0.762900,0.106479,0.997868,0.836981,0.001764,0.153297,0.148163,31,659
684,01/08/16 12,0,0.133230,0.754169,0.112601,0.998052,0.837381,0.001520,0.152779,0.115389,31,656
685,01/08/16 13,0,0.134980,0.747959,0.117061,0.998262,0.837811,0.001184,0.152249,0.135590,31,657
686,01/08/16 14,0,0.156593,0.709169,0.134238,0.998308,0.838405,0.000922,0.151317,0.201443,31,664
687,01/08/16 15,0,0.173742,0.631947,0.194311,0.998127,0.839238,0.001431,0.149830,0.267279,31,662
688,01/08/16 16,0,0.144151,0.729814,0.126035,0.997956,0.839911,0.001650,0.149019,0.208157,31,662
689,01/08/16 17,0,0.145775,0.723884,0.130341,0.997588,0.840254,0.002123,0.148625,0.169688,31,660
690,01/08/16 18,0,0.146950,0.719462,0.133589,0.997255,0.839462,0.002520,0.149820,0.132153,31,662
691,01/08/16 19,0,0.147815,0.716129,0.136057,0.997713,0.838691,0.001963,0.150987,0.128701,31,660
692,01/08/16 20,0,0.165571,0.690269,0.144160,0.997282,0.839010,0.002517,0.150667,0.147238,31,659
693,01/08/16 21,0,0.177682,0.661101,0.161217,0.997691,0.839332,0.001991,0.150289,0.151643,31,660
694,01/08/16 22,0,0.185608,0.638725,0.175666,0.997946,0.840727,0.001664,0.148025,0.428906,31,661
695,01/08/16 23,0,0.191222,0.619978,0.188801,0.997470,0.841018,0.001975,0.147760,0.334032,31,664
696,02/08/16 00,0,0.136552,0.735366,0.128082,0.997768,0.839352,0.001538,0.150073,0.260145,31,665
697,02/08/16 01,0,0.135907,0.738725,0.126338,0.998262,0.838067,0.001198,0.151857,0.202601,31,661
698,02/08/16 02,0,0.134208,0.740465,0.125327,0.998262,0.836752,0.001198,0.153623,0.157786,31,656
699,02/08/16 03,0,0.136072,0.741502,0.124683,0.998303,0.836419,0.000949,0.154117,0.128075,31,655
700,02/08/16 04,0,0.125837,0.764591,0.109572,0.998303,0.837949,0.000949,0.151985,0.234791,31,655
701,02/08/16 05,0,0.150285,0.701024,0.148692,0.998262,0.839008,0.001068,0.150381,0.241356,31,659
702,02/08/16 06,0,0.164560,0.695173,0.140267,0.998262,0.838473,0.000832,0.150960,0.298651,31,667
703,02/08/16 07,0,0.121409,0.764577,0.114014,0.998354,0.836617,0.000648,0.153564,0.232589,31,662
704,02/08/16 08,0,0.093152,0.834967,0.073734,0.997996,0.835231,0.001598,0.155489,0.181141,31,656
705,02/08/16 09,0,0.127568,0.722202,0.150230,0.997989,0.836448,0.001608,0.153531,0.377302,31,653
706,02/08/16 10,0,0.125183,0.781475,0.093342,0.997913,0.836553,0.001706,0.153493,0.293843,31,655
707,02/08/16 11,0,0.154980,0.710217,0.138109,0.997853,0.837478,0.001747,0.152216,0.228845,31,661
708,02/08/16 12,0,0.118385,0.801917,0.083801,0.998089,0.836717,0.001361,0.153346,0.178225,31,660
709,02/08/16 13,0,0.125877,0.780404,0.094084,0.998282,0.836414,0.001060,0.153914,0.138802,31,658
710,02/08/16 14,0,0.150253,0.731896,0.117850,0.998324,0.836899,0.000825,0.153386,0.147253,31,657
711,02/08/16 15,0,0.168387,0.669438,0.162174,0.998104,0.837828,0.001234,0.151926,0.212729,31,659
712,02/08/16 16,0,0.182678,0.591239,0.226083,0.998262,0.839477,0.000961,0.149332,0.289851,31,662
713,02/08/16 17,0,0.137325,0.760445,0.102230,0.997853,0.839423,0.000749,0.149578,0.225736,31,663
714,02/08/16 18,0,0.122445,0.775367,0.102188,0.998012,0.837598,0.000583,0.152197,0.175803,31,665
715,02/08/16 19,0,0.100467,0.839609,0.077641,0.998219,0.835747,0.000454,0.154814,0.136916,31,658
716,02/08/16 20,0,0.084448,0.855187,0.060364,0.998251,0.834110,0.000354,0.157119,0.106630,31,654
717,02/08/16 21,0,0.105355,0.831093,0.068645,0.998359,0.833130,0.000275,0.158507,0.101860,31,652
718,02/08/16 22,0,0.117866,0.799967,0.082166,0.998255,0.832623,0.001238,0.159275,0.119769,31,652
719,02/08/16 23,0,0.123386,0.782924,0.093690,0.997713,0.832119,0.001963,0.160002,0.101860,31,653
720,03/08/16 00,0,0.126438,0.772149,0.101413,0.997834,0.831774,0.001807,0.160510,0.101860,31,653
721,03/08/16 01,0,0.110107,0.807603,0.082291,0.997815,0.831606,0.001565,0.160784,0.102317,31,654
722,03/08/16 02,0,0.109635,0.807492,0.086081,0.998005,0.831563,0.001219,0.160832,0.104633,31,653
723,03/08/16 03,0,0.135100,0.758591,0.106309,0.998303,0.834343,0.000949,0.156993,0.234791,31,653
724,03/08/16 04,0,0.148524,0.709409,0.142067,0.998308,0.836932,0.000906,0.153427,0.234791,31,658
725,03/08/16 05,0,0.165155,0.691826,0.143019,0.998344,0.837387,0.000705,0.152756,0.185949,31,666
726,03/08/16 06,0,0.105845,0.806915,0.087240,0.997656,0.835980,0.000668,0.154639,0.144817,31,663
727,03/08/16 07,0,0.130134,0.743291,0.126576,0.997938,0.836628,0.000520,0.153667,0.266679,31,658
728,03/08/16 08,0,0.105973,0.825806,0.074110,0.998394,0.835642,0.000405,0.155074,0.207690,31,659
729,03/08/16 09,0,0.133605,0.761523,0.106904,0.998262,0.836041,0.001198,0.154494,0.202111,31,657
730,03/08/16 10,0,0.136914,0.758821,0.104265,0.998299,0.835749,0.000974,0.154947,0.157404,31,657
731,03/08/16 11,0,0.159936,0.709125,0.130939,0.997768,0.837130,0.001892,0.153098,0.160552,31,656
732,03/08/16 12,0,0.133527,0.755075,0.111812,0.997913,0.838456,0.001564,0.151351,0.132957,31,657
733,03/08/16 13,0,0.157183,0.710819,0.131998,0.998219,0.839652,0.001218,0.149657,0.185455,31,663
734,03/08/16 14,0,0.137337,0.743918,0.119941,0.998289,0.840930,0.000949,0.147606,0.316993,31,663
735,03/08/16 15,0,0.150609,0.682146,0.167245,0.998338,0.841851,0.000739,0.146047,0.279505,31,662
736,03/08/16 16,0,0.144174,0.738017,0.120148,0.998262,0.841525,0.001196,0.146597,0.217679,31,665
737,03/08/16 17,0,0.144142,0.729912,0.125946,0.997792,0.840682,0.001862,0.147882,0.169528,31,663
738,03/08/16 18,0,0.145768,0.723958,0.130274,0.997713,0.840389,0.001963,0.148407,0.176741,31,661
739,03/08/16 19,0,0.161091,0.702670,0.136238,0.997380,0.840318,0.002391,0.148601,0.200037,31,659
740,03/08/16 20,0,0.174543,0.670395,0.155061,0.997713,0.840382,0.001963,0.148659,0.155789,31,662
741,03/08/16 21,0,0.184049,0.635831,0.180120,0.997913,0.841035,0.001706,0.147837,0.177288,31,660
742,03/08/16 22,0,0.178907,0.643387,0.177706,0.997713,0.840789,0.001963,0.148227,0.138929,31,662
743,03/08/16 23,0,0.183517,0.634056,0.182427,0.997713,0.840566,0.001963,0.148615,0.148187,31,665
744,04/08/16 00,0,0.166117,0.686871,0.147012,0.997718,0.839271,0.001565,0.150377,0.134916,31,662
745,04/08/16 01,0,0.134807,0.739342,0.125851,0.997822,0.837909,0.001219,0.152174,0.105072,31,659
746,04/08/16 02,0,0.134109,0.740938,0.124953,0.998303,0.836599,0.000949,0.153875,0.101860,31,656
747,04/08/16 03,0,0.133738,0.741867,0.124395,0.998303,0.836120,0.000949,0.154563,0.129549,31,655
748,04/08/16 04,0,0.119145,0.785904,0.098513,0.998272,0.836824,0.001136,0.153525,0.234791,31,655
749,04/08/16 05,0,0.148555,0.709475,0.141970,0.997848,0.838294,0.001062,0.151456,0.234791,31,659
750,04/08/16 06,0,0.121010,0.772850,0.106140,0.998324,0.836883,0.000827,0.153253,0.270475,31,663
751,04/08/16 07,0,0.105286,0.824332,0.071086,0.997849,0.835310,0.001379,0.155459,0.210646,31,662
752,04/08/16 08,0,0.128389,0.750719,0.120892,0.998283,0.835948,0.001074,0.154577,0.234791,31,653
753,04/08/16 09,0,0.159130,0.633939,0.206932,0.998159,0.836924,0.001390,0.152921,0.412912,31,654
754,04/08/16 10,0,0.121742,0.793265,0.084992,0.998256,0.836782,0.001233,0.153238,0.321576,31,659
755,04/08/16 11,0,0.151282,0.719451,0.130049,0.998060,0.837262,0.001047,0.152626,0.250444,31,661
756,04/08/16 12,0,0.140695,0.751041,0.108264,0.998272,0.836244,0.000816,0.154089,0.195046,31,660
757,04/08/16 13,0,0.128803,0.760675,0.110521,0.998356,0.835480,0.000635,0.155192,0.151902,31,660
758,04/08/16 14,0,0.115558,0.806814,0.077906,0.998332,0.834735,0.000778,0.156241,0.118301,31,657
759,04/08/16 15,0,0.122045,0.787278,0.090677,0.998097,0.834366,0.001470,0.156772,0.101860,31,655
760,04/08/16 16,0,0.108171,0.812557,0.079272,0.997966,0.833500,0.001504,0.157961,0.092701,31,656
761,04/08/16 17,0,0.110210,0.812371,0.078478,0.998266,0.833363,0.001171,0.158152,0.113761,31,656
762,04/08/16 18,0,0.132414,0.771120,0.096466,0.998281,0.834330,0.001082,0.156861,0.169688,31,653
763,04/08/16 19,0,0.115656,0.795147,0.089197,0.998251,0.833841,0.001265,0.157529,0.132153,31,657
764,04/08/16 20,0,0.120206,0.774133,0.105660,0.998267,0.834704,0.001169,0.156079,0.282340,31,658
765,04/08/16 21,0,0.118426,0.794667,0.094417,0.998126,0.834252,0.001432,0.156816,0.219886,31,657
766,04/08/16 22,0,0.125886,0.780350,0.093764,0.998229,0.834375,0.001299,0.156737,0.171248,31,657
767,04/08/16 23,0,0.130187,0.766414,0.103399,0.998081,0.834838,0.001489,0.156192,0.133368,31,655
768,05/08/16 00,0,0.139188,0.756803,0.110283,0.997716,0.835645,0.001959,0.155172,0.134838,31,659
769,05/08/16 01,0,0.160132,0.702294,0.137573,0.997713,0.836471,0.001565,0.154002,0.182633,31,661
770,05/08/16 02,0,0.175385,0.636513,0.188102,0.998022,0.838508,0.001219,0.150997,0.240944,31,661
771,05/08/16 03,0,0.141159,0.761597,0.106837,0.998303,0.837983,0.000949,0.151815,0.187648,31,662
772,05/08/16 04,0,0.126122,0.770313,0.103752,0.998303,0.839693,0.000811,0.149489,0.234791,31,662
773,05/08/16 05,0,0.149360,0.705621,0.145018,0.998326,0.840673,0.000632,0.148140,0.234791,31,661
774,05/08/16 06,0,0.165096,0.691963,0.142941,0.997822,0.841416,0.000492,0.147077,0.256388,31,669
775,05/08/16 07,0,0.142530,0.731224,0.126246,0.998303,0.840076,0.000383,0.149028,0.199675,31,665
776,05/08/16 08,0,0.133210,0.765139,0.101651,0.998387,0.838784,0.000298,0.150874,0.155507,31,663
777,05/08/16 09,0,0.139614,0.749091,0.112445,0.998262,0.837946,0.001198,0.152088,0.122763,31,657
778,05/08/16 10,0,0.146385,0.731344,0.122271,0.998286,0.837332,0.001054,0.152944,0.122403,31,655
779,05/08/16 11,0,0.151789,0.716404,0.131807,0.998033,0.837294,0.001551,0.153047,0.124022,31,655
780,05/08/16 12,0,0.157664,0.701558,0.140777,0.997772,0.837376,0.001887,0.152977,0.127802,31,657
781,05/08/16 13,0,0.151619,0.708334,0.140048,0.997713,0.837039,0.001963,0.153470,0.114453,31,660
782,05/08/16 14,0,0.152822,0.704743,0.142435,0.997713,0.837782,0.001963,0.152236,0.265679,31,657
783,05/08/16 15,0,0.154586,0.700248,0.145166,0.997611,0.837640,0.001975,0.152480,0.206911,31,659
784,05/08/16 16,0,0.159011,0.691010,0.149979,0.997846,0.837903,0.001538,0.152187,0.161143,31,659
785,05/08/16 17,0,0.161570,0.684741,0.153689,0.998262,0.838313,0.001198,0.151701,0.169688,31,660
786,05/08/16 18,0,0.165602,0.675924,0.158474,0.997860,0.839003,0.000986,0.150720,0.246744,31,663
787,05/08/16 19,0,0.142126,0.735366,0.128082,0.998334,0.837824,0.000768,0.152346,0.192164,31,665
788,05/08/16 20,0,0.137462,0.738725,0.126338,0.997768,0.836972,0.001892,0.153481,0.149658,31,660
789,05/08/16 21,0,0.140171,0.740465,0.125327,0.997768,0.836358,0.001892,0.154279,0.127677,31,657
790,05/08/16 22,0,0.162034,0.692056,0.145911,0.997838,0.836595,0.001803,0.153954,0.187695,31,658
791,05/08/16 23,0,0.178858,0.604824,0.216318,0.998081,0.836739,0.001475,0.153630,0.299295,31,659
792,06/08/16 00,0,0.189573,0.547308,0.263119,0.998270,0.836238,0.001148,0.154258,0.281198,31,660
793,06/08/16 01,0,0.193434,0.552715,0.253851,0.998307,0.835868,0.000926,0.154838,0.218997,31,661
794,06/08/16 02,0,0.122730,0.763812,0.113458,0.998180,0.835414,0.001219,0.155475,0.170555,31,657
795,06/08/16 03,0,0.118375,0.793138,0.100288,0.998303,0.836116,0.000949,0.154472,0.234791,31,655
796,06/08/16 04,0,0.116807,0.777036,0.109598,0.998303,0.835130,0.000949,0.155785,0.182856,31,658
797,06/08/16 05,0,0.127856,0.774513,0.097631,0.998317,0.834626,0.000867,0.156446,0.169688,31,659
798,06/08/16 06,0,0.147338,0.735656,0.117006,0.997970,0.837214,0.001632,0.152887,0.234791,31,654
799,06/08/16 07,0,0.154702,0.683487,0.161934,0.997930,0.837672,0.001684,0.152077,0.234791,31,661
800,06/08/16 08,0,0.127449,0.787403,0.085148,0.997946,0.836659,0.001663,0.153555,0.182856,31,665
801,06/08/16 09,0,0.138949,0.757360,0.103691,0.997942,0.836219,0.001668,0.154232,0.142408,31,657
802,06/08/16 10,0,0.158487,0.715911,0.135995,0.997960,0.837942,0.001645,0.151880,0.234998,31,653
803,06/08/16 11,0,0.140701,0.736521,0.122778,0.998002,0.838163,0.001371,0.151674,0.183017,31,661
804,06/08/16 12,0,0.141461,0.739191,0.123041,0.997853,0.837950,0.001067,0.152015,0.149886,31,661
805,06/08/16 13,0,0.162589,0.688969,0.148441,0.998323,0.838023,0.000831,0.151766,0.220253,31,662
806,06/08/16 14,0,0.178401,0.608173,0.213425,0.997910,0.838521,0.001710,0.150742,0.287029,31,659
807,06/08/16 15,0,0.139509,0.755369,0.116041,0.997966,0.837585,0.001490,0.152105,0.223539,31,661
808,06/08/16 16,0,0.119930,0.777314,0.102756,0.998262,0.837342,0.001160,0.152254,0.285672,31,659
809,06/08/16 17,0,0.126715,0.784019,0.089266,0.998311,0.836425,0.000904,0.153602,0.222481,31,657
810,06/08/16 18,0,0.119930,0.800378,0.079692,0.998159,0.836554,0.001390,0.153554,0.173269,31,658
811,06/08/16 19,0,0.096969,0.829086,0.073945,0.997853,0.835017,0.001488,0.155730,0.134942,31,655
812,06/08/16 20,0,0.109895,0.805342,0.084763,0.998001,0.833947,0.001159,0.157261,0.105093,31,656
813,06/08/16 21,0,0.108120,0.811814,0.080066,0.998273,0.833099,0.000903,0.158462,0.095302,31,652
814,06/08/16 22,0,0.122015,0.795830,0.082155,0.998345,0.832974,0.000703,0.158693,0.135982,31,652
815,06/08/16 23,0,0.122676,0.792023,0.085301,0.998333,0.832792,0.000772,0.158986,0.128883,31,654
816,07/08/16 00,0,0.149600,0.732898,0.117502,0.998266,0.832415,0.001175,0.159550,0.166581,31,656
817,07/08/16 01,0,0.109320,0.809252,0.081428,0.997904,0.831733,0.001219,0.160518,0.129734,31,656
818,07/08/16 02,0,0.123810,0.780312,0.095877,0.998303,0.831514,0.000949,0.160815,0.109289,31,653
819,07/08/16 03,0,0.127911,0.769682,0.102407,0.997824,0.834103,0.001538,0.157175,0.234791,31,652
820,07/08/16 04,0,0.148971,0.706907,0.144122,0.998262,0.836982,0.001198,0.153167,0.234791,31,657
821,07/08/16 05,0,0.147054,0.742224,0.110722,0.998303,0.837572,0.000949,0.152425,0.182856,31,668
822,07/08/16 06,0,0.145800,0.722108,0.140582,0.998303,0.839476,0.000949,0.149680,0.245013,31,664
823,07/08/16 07,0,0.165386,0.641088,0.193526,0.997894,0.839845,0.001564,0.149085,0.234791,31,665
824,07/08/16 08,0,0.129916,0.775459,0.098055,0.997936,0.839951,0.001218,0.149071,0.182856,31,664
825,07/08/16 09,0,0.143712,0.744191,0.112097,0.998304,0.839816,0.000948,0.149308,0.169688,31,660
826,07/08/16 10,0,0.151306,0.723175,0.127054,0.997970,0.839455,0.001587,0.149665,0.326826,31,665
827,07/08/16 11,0,0.148554,0.721471,0.134505,0.998248,0.839175,0.001236,0.150153,0.254533,31,660
828,07/08/16 12,0,0.144142,0.729906,0.125953,0.998294,0.839836,0.000963,0.149336,0.198230,31,657
829,07/08/16 13,0,0.149830,0.719288,0.130881,0.998337,0.840587,0.000750,0.148142,0.227777,31,660
830,07/08/16 14,0,0.170377,0.626921,0.202702,0.998013,0.841572,0.000969,0.146447,0.300196,31,662
831,07/08/16 15,0,0.147811,0.716162,0.136026,0.998336,0.840879,0.000755,0.147508,0.233793,31,665
832,07/08/16 16,0,0.149238,0.713621,0.137921,0.997994,0.840425,0.001538,0.148275,0.182078,31,665
833,07/08/16 17,0,0.153113,0.711680,0.139375,0.998262,0.840261,0.001198,0.148671,0.141803,31,661
834,07/08/16 18,0,0.170006,0.680374,0.149620,0.997481,0.840142,0.002261,0.148950,0.152543,31,660
835,07/08/16 19,0,0.180818,0.647340,0.171841,0.997624,0.840004,0.002077,0.149180,0.167840,31,661
836,07/08/16 20,0,0.187582,0.629078,0.183340,0.997640,0.840018,0.001893,0.149218,0.155242,31,661
837,07/08/16 21,0,0.192820,0.609397,0.197782,0.998093,0.840608,0.001474,0.148461,0.167390,31,660
838,07/08/16 22,0,0.162506,0.686669,0.150825,0.998014,0.839618,0.001553,0.149810,0.196744,31,662
839,07/08/16 23,0,0.176896,0.628474,0.194631,0.998260,0.838649,0.001210,0.151026,0.229922,31,662
840,08/08/16 00,0,0.180070,0.628352,0.191578,0.997671,0.837726,0.001565,0.152287,0.179064,31,659
841,08/08/16 01,0,0.145190,0.734321,0.125082,0.997822,0.836972,0.001219,0.153320,0.139455,31,656
842,08/08/16 02,0,0.152269,0.716191,0.131540,0.998303,0.836202,0.000949,0.154376,0.125978,31,656
843,08/08/16 03,0,0.149850,0.715495,0.134655,0.998303,0.835733,0.000949,0.155069,0.116002,31,656
844,08/08/16 04,0,0.138170,0.733631,0.128199,0.998262,0.837168,0.001169,0.153049,0.234791,31,655
845,08/08/16 05,0,0.148405,0.710215,0.141380,0.998310,0.838045,0.000910,0.151800,0.234791,31,659
846,08/08/16 06,0,0.164358,0.695386,0.140257,0.998303,0.837567,0.000949,0.152503,0.182856,31,664
847,08/08/16 07,0,0.140577,0.762259,0.097163,0.997914,0.836251,0.000986,0.154319,0.147474,31,662
848,08/08/16 08,0,0.099034,0.832543,0.068423,0.998262,0.834611,0.000768,0.156553,0.114853,31,659
849,08/08/16 09,0,0.125719,0.745751,0.128530,0.998362,0.835319,0.000598,0.155307,0.337318,31,653
850,08/08/16 10,0,0.121022,0.784532,0.094446,0.997867,0.834587,0.001481,0.156346,0.262704,31,654
851,08/08/16 11,0,0.122945,0.782020,0.098344,0.998248,0.834323,0.001153,0.156745,0.204594,31,658
852,08/08/16 12,0,0.126341,0.771581,0.102078,0.998299,0.834028,0.000898,0.157194,0.159338,31,654
853,08/08/16 13,0,0.093538,0.832529,0.074993,0.998345,0.833257,0.000699,0.158257,0.124092,31,656
854,08/08/16 14,0,0.111602,0.806159,0.082238,0.998066,0.832783,0.001509,0.158909,0.101860,31,656
855,08/08/16 15,0,0.095889,0.827444,0.077228,0.998002,0.832499,0.001591,0.159322,0.083598,31,653
856,08/08/16 16,0,0.123646,0.795122,0.081233,0.998036,0.833391,0.001547,0.158118,0.169688,31,653
857,08/08/16 17,0,0.116765,0.814716,0.073669,0.998251,0.832961,0.001263,0.158685,0.147474,31,657
858,08/08/16 18,0,0.120177,0.776677,0.103146,0.998261,0.834143,0.001205,0.156924,0.269345,31,658
859,08/08/16 19,0,0.152356,0.662259,0.185385,0.998253,0.834466,0.001253,0.156222,0.329654,31,655
860,08/08/16 20,0,0.118236,0.802996,0.084364,0.998261,0.833773,0.001207,0.157321,0.256735,31,659
861,08/08/16 21,0,0.126356,0.774731,0.098913,0.998279,0.833514,0.001095,0.157798,0.199946,31,655
862,08/08/16 22,0,0.143695,0.739507,0.116798,0.998300,0.834428,0.000968,0.156660,0.155718,31,654
863,08/08/16 23,0,0.165925,0.665056,0.169019,0.998176,0.835400,0.001368,0.155338,0.237471,31,656
864,09/08/16 00,0,0.180271,0.603569,0.216160,0.997973,0.836964,0.001629,0.153184,0.251369,31,663
865,09/08/16 01,0,0.170426,0.644980,0.189292,0.997982,0.838667,0.001565,0.150767,0.224956,31,663
866,09/08/16 02,0,0.183786,0.588198,0.228016,0.997871,0.840295,0.001219,0.148213,0.285148,31,662
867,09/08/16 03,0,0.144412,0.745068,0.120589,0.998303,0.839935,0.000949,0.148811,0.222074,31,666
868,09/08/16 04,0,0.133895,0.752856,0.113248,0.998303,0.840010,0.000949,0.148868,0.172951,31,663
869,09/08/16 05,0,0.146982,0.741740,0.111277,0.998262,0.840155,0.001181,0.148554,0.234791,31,658
870,09/08/16 06,0,0.140351,0.723570,0.136078,0.998221,0.838078,0.000919,0.151311,0.298651,31,664
871,09/08/16 07,0,0.074776,0.860905,0.071187,0.997905,0.835896,0.000716,0.154426,0.232589,31,661
872,09/08/16 08,0,0.097185,0.836082,0.066733,0.998369,0.834328,0.000558,0.156669,0.181141,31,652
873,09/08/16 09,0,0.108975,0.810546,0.080479,0.997713,0.833377,0.001963,0.157994,0.141073,31,651
874,09/08/16 10,0,0.093901,0.833963,0.072136,0.997946,0.832756,0.001664,0.158859,0.109867,31,652
875,09/08/16 11,0,0.114822,0.802145,0.083033,0.997713,0.832496,0.001963,0.159222,0.105029,31,652
876,09/08/16 12,0,0.112490,0.809490,0.084475,0.997414,0.832560,0.002347,0.159171,0.117066,31,654
877,09/08/16 13,0,0.115687,0.794634,0.089680,0.997713,0.832060,0.001963,0.159904,0.093942,31,654
878,09/08/16 14,0,0.114648,0.792574,0.092778,0.997768,0.831770,0.001538,0.160334,0.110141,31,655
879,09/08/16 15,0,0.119895,0.791631,0.088474,0.998262,0.832461,0.001198,0.159385,0.203990,31,653
880,09/08/16 16,0,0.119977,0.766283,0.113740,0.998221,0.832418,0.000968,0.159227,0.326826,31,655
881,09/08/16 17,0,0.131566,0.743020,0.125414,0.998325,0.832294,0.000754,0.159442,0.254533,31,657
882,09/08/16 18,0,0.119915,0.771229,0.108856,0.998364,0.834191,0.000587,0.156733,0.315660,31,653
883,09/08/16 19,0,0.103166,0.821804,0.077005,0.997768,0.833847,0.001892,0.157291,0.245836,31,660
884,09/08/16 20,0,0.127493,0.789103,0.083405,0.997855,0.833873,0.001548,0.157334,0.191457,31,658
885,09/08/16 21,0,0.139582,0.757044,0.103374,0.998020,0.834528,0.001206,0.156537,0.149107,31,656
886,09/08/16 22,0,0.137426,0.751001,0.111573,0.998305,0.835201,0.000939,0.155718,0.120542,31,657
887,09/08/16 23,0,0.142660,0.741520,0.118470,0.998314,0.835959,0.000886,0.154768,0.153477,31,659
888,10/08/16 00,0,0.163422,0.687248,0.149329,0.998297,0.836799,0.000972,0.153496,0.216491,31,662
889,10/08/16 01,0,0.178640,0.612173,0.209186,0.998335,0.838136,0.000757,0.151337,0.272922,31,661
890,10/08/16 02,0,0.137968,0.760031,0.102001,0.998266,0.838590,0.001172,0.150779,0.212552,31,660
891,10/08/16 03,0,0.136827,0.751704,0.111470,0.998262,0.839408,0.001163,0.149771,0.169688,31,661
892,10/08/16 04,0,0.146779,0.743092,0.112367,0.998303,0.841076,0.000906,0.147466,0.234791,31,661
893,10/08/16 05,0,0.148823,0.708364,0.142814,0.998344,0.840366,0.000705,0.148398,0.234791,31,666
894,10/08/16 06,0,0.144147,0.729860,0.125993,0.997254,0.838848,0.002553,0.150553,0.182856,31,665
895,10/08/16 07,0,0.145772,0.723919,0.130309,0.997570,0.839496,0.002147,0.149796,0.169688,31,657
896,10/08/16 08,0,0.156526,0.708961,0.134514,0.997615,0.839763,0.002088,0.149560,0.169688,31,658
897,10/08/16 09,0,0.147813,0.716149,0.136038,0.997502,0.840158,0.002234,0.148701,0.355977,31,664
898,10/08/16 10,0,0.153370,0.713204,0.137929,0.997749,0.839405,0.001917,0.149858,0.277236,31,661
899,10/08/16 11,0,0.162992,0.691114,0.145894,0.997883,0.838948,0.001625,0.150634,0.215911,31,661
900,10/08/16 12,0,0.166411,0.680095,0.153494,0.997625,0.838354,0.001265,0.151523,0.168152,31,660
901,10/08/16 13,0,0.167573,0.674427,0.158000,0.997805,0.837970,0.000986,0.152109,0.130957,31,661
902,10/08/16 14,0,0.179493,0.650171,0.170335,0.998284,0.838266,0.000768,0.151797,0.146698,31,658
903,10/08/16 15,0,0.136685,0.734738,0.128577,0.998362,0.837196,0.000598,0.153250,0.114249,31,658
904,10/08/16 16,0,0.135037,0.738248,0.126715,0.997888,0.836285,0.000822,0.154495,0.113761,31,660
905,10/08/16 17,0,0.134285,0.740098,0.125617,0.998355,0.835504,0.000640,0.155501,0.128239,31,655
906,10/08/16 18,0,0.120556,0.781854,0.098299,0.997768,0.838015,0.001892,0.151895,0.250352,31,657
907,10/08/16 19,0,0.150332,0.694303,0.155365,0.998028,0.838518,0.001558,0.151048,0.243688,31,660
908,10/08/16 20,0,0.140219,0.750060,0.109721,0.997960,0.837251,0.001646,0.152791,0.189784,31,667
909,10/08/16 21,0,0.141251,0.747196,0.112653,0.997921,0.836529,0.001618,0.153802,0.147804,31,660
910,10/08/16 22,0,0.154116,0.717172,0.128712,0.998252,0.836154,0.001260,0.154393,0.133709,31,655
911,10/08/16 23,0,0.169076,0.683936,0.146988,0.998292,0.835572,0.001019,0.155225,0.146981,31,656
912,11/08/16 00,0,0.180754,0.646130,0.173116,0.998328,0.835137,0.000804,0.155832,0.175630,31,656
913,11/08/16 01,0,0.168655,0.665549,0.165796,0.998036,0.834719,0.001538,0.156400,0.136781,31,656
914,11/08/16 02,0,0.119397,0.787186,0.093417,0.998262,0.834211,0.001198,0.157098,0.106525,31,655
915,11/08/16 03,0,0.117330,0.808683,0.077679,0.998303,0.833693,0.000949,0.157794,0.133010,31,656
916,11/08/16 04,0,0.127150,0.771584,0.101266,0.998303,0.836411,0.000949,0.154073,0.234791,31,656
917,11/08/16 05,0,0.149953,0.701585,0.148462,0.997853,0.838811,0.001030,0.150640,0.234791,31,660
918,11/08/16 06,0,0.164939,0.692898,0.142163,0.998262,0.840313,0.000802,0.148440,0.229066,31,669
919,11/08/16 07,0,0.138614,0.751899,0.109486,0.998262,0.839200,0.000625,0.150092,0.178397,31,667
920,11/08/16 08,0,0.135060,0.739226,0.131719,0.998381,0.838651,0.000486,0.150665,0.303998,31,662
921,11/08/16 09,0,0.132317,0.750605,0.117078,0.998046,0.837061,0.001534,0.152953,0.236754,31,660
922,11/08/16 10,0,0.136227,0.742259,0.121514,0.998090,0.835901,0.001478,0.154623,0.184384,31,656
923,11/08/16 11,0,0.152355,0.712326,0.135319,0.998050,0.836100,0.001529,0.154441,0.143598,31,654
924,11/08/16 12,0,0.154938,0.703501,0.141561,0.998026,0.836663,0.001560,0.153738,0.154418,31,655
925,11/08/16 13,0,0.165725,0.681347,0.152928,0.998213,0.837749,0.001320,0.152166,0.214610,31,660
926,11/08/16 14,0,0.179307,0.601165,0.219528,0.997713,0.839775,0.001884,0.148982,0.300196,31,661
927,11/08/16 15,0,0.138807,0.757697,0.115632,0.997846,0.840952,0.001467,0.147548,0.233793,31,663
928,11/08/16 16,0,0.136387,0.751726,0.111887,0.998007,0.840644,0.001143,0.148056,0.182078,31,663
929,11/08/16 17,0,0.138429,0.749428,0.112143,0.998313,0.839685,0.000890,0.149426,0.141803,31,665
930,11/08/16 18,0,0.142153,0.738134,0.120041,0.998309,0.838675,0.000915,0.150880,0.124202,31,659
931,11/08/16 19,0,0.160540,0.704599,0.134861,0.997907,0.838425,0.001713,0.151361,0.145798,31,658
932,11/08/16 20,0,0.159812,0.697945,0.142755,0.998041,0.838825,0.001541,0.150409,0.451164,31,657
933,11/08/16 21,0,0.175160,0.666172,0.158668,0.998068,0.838828,0.001506,0.150620,0.351367,31,662
934,11/08/16 22,0,0.185269,0.629510,0.185221,0.998216,0.839223,0.001316,0.150154,0.273645,31,659
935,11/08/16 23,0,0.189563,0.620594,0.189843,0.998266,0.839088,0.001175,0.150405,0.213115,31,662
936,12/08/16 00,0,0.135867,0.738541,0.125592,0.997947,0.837817,0.001662,0.152162,0.165974,31,662
937,12/08/16 01,0,0.134417,0.741172,0.124411,0.997756,0.836725,0.001565,0.153636,0.129261,31,659
938,12/08/16 02,0,0.133814,0.742338,0.123848,0.998060,0.835905,0.001219,0.154785,0.104326,31,656
939,12/08/16 03,0,0.112919,0.808803,0.082593,0.998303,0.835167,0.000949,0.155829,0.113653,31,654
940,12/08/16 04,0,0.118797,0.791317,0.089886,0.998303,0.837203,0.000949,0.153010,0.234791,31,655
941,12/08/16 05,0,0.149464,0.704658,0.145877,0.998300,0.839011,0.000971,0.150559,0.234791,31,659
942,12/08/16 06,0,0.111824,0.806472,0.081704,0.998031,0.836876,0.000879,0.153425,0.182856,31,665
943,12/08/16 07,0,0.063555,0.880634,0.056329,0.998347,0.834902,0.000685,0.156136,0.142408,31,663
944,12/08/16 08,0,0.076834,0.867831,0.055335,0.997768,0.833462,0.001892,0.158079,0.110908,31,652
945,12/08/16 09,0,0.101810,0.839367,0.066255,0.997783,0.832759,0.001872,0.158983,0.101860,31,651
946,12/08/16 10,0,0.108260,0.818149,0.077141,0.998039,0.832494,0.001481,0.159339,0.112399,31,651
947,12/08/16 11,0,0.115661,0.802218,0.082122,0.998252,0.832470,0.001153,0.159371,0.109393,31,653
948,12/08/16 12,0,0.109052,0.810336,0.080612,0.998291,0.832780,0.000898,0.158960,0.101860,31,655
949,12/08/16 13,0,0.123639,0.772469,0.106186,0.998345,0.834026,0.000699,0.157077,0.270344,31,655
950,12/08/16 14,0,0.131169,0.778077,0.092148,0.998262,0.835000,0.000860,0.155811,0.210544,31,658
951,12/08/16 15,0,0.120403,0.783063,0.096534,0.998263,0.834823,0.000670,0.156015,0.228212,31,660
952,12/08/16 16,0,0.121421,0.776903,0.101675,0.997918,0.834087,0.000522,0.157090,0.177732,31,661
953,12/08/16 17,0,0.118519,0.801034,0.082452,0.997962,0.833239,0.000406,0.158356,0.138418,31,656
954,12/08/16 18,0,0.125936,0.779928,0.094136,0.998203,0.832514,0.000316,0.159436,0.107800,31,654
955,12/08/16 19,0,0.130217,0.766125,0.103658,0.998318,0.832001,0.000246,0.160136,0.106765,31,653
956,12/08/16 20,0,0.132935,0.756587,0.110478,0.998245,0.832165,0.001279,0.159922,0.106765,31,653
957,12/08/16 21,0,0.134765,0.749769,0.115467,0.998270,0.833980,0.001150,0.157480,0.136719,31,653
958,12/08/16 22,0,0.144705,0.742531,0.119174,0.998231,0.835505,0.001297,0.155280,0.197681,31,659
959,12/08/16 23,0,0.165432,0.659315,0.175253,0.997713,0.837297,0.001963,0.152530,0.265398,31,661
960,13/08/16 00,0,0.133517,0.745496,0.120987,0.997713,0.837618,0.001963,0.152203,0.206692,31,661
961,13/08/16 01,0,0.139436,0.750709,0.117366,0.997741,0.836920,0.001565,0.153211,0.160972,31,664
962,13/08/16 02,0,0.130372,0.758613,0.112171,0.997845,0.835955,0.001219,0.154575,0.125365,31,658
963,13/08/16 03,0,0.118824,0.795500,0.088924,0.998303,0.836068,0.000949,0.154350,0.234791,31,655
964,13/08/16 04,0,0.148510,0.709866,0.141624,0.998303,0.838406,0.000949,0.151188,0.234791,31,657
965,13/08/16 05,0,0.150382,0.730205,0.119413,0.997594,0.837968,0.002116,0.151838,0.182856,31,662
966,13/08/16 06,0,0.121610,0.777607,0.100783,0.997134,0.836850,0.002708,0.153237,0.242300,31,664
967,13/08/16 07,0,0.128605,0.751464,0.120270,0.997284,0.837457,0.002515,0.152409,0.234791,31,657
968,13/08/16 08,0,0.113933,0.796416,0.089651,0.997713,0.836406,0.001963,0.153819,0.182856,31,658
969,13/08/16 09,0,0.120234,0.782172,0.097594,0.997831,0.835914,0.001722,0.154532,0.142408,31,657
970,13/08/16 10,0,0.122031,0.775695,0.102274,0.997797,0.836068,0.001341,0.154444,0.120436,31,655
971,13/08/16 11,0,0.120479,0.777508,0.102986,0.997851,0.836496,0.001045,0.153834,0.114453,31,656
972,13/08/16 12,0,0.135007,0.759188,0.105806,0.998326,0.837167,0.000813,0.152978,0.124619,31,658
973,13/08/16 13,0,0.139253,0.753312,0.109296,0.998262,0.838676,0.001198,0.151007,0.169688,31,661
974,13/08/16 14,0,0.160977,0.697983,0.141041,0.998299,0.840673,0.000974,0.148192,0.202581,31,666
975,13/08/16 15,0,0.176666,0.629563,0.193771,0.997768,0.841714,0.001892,0.146558,0.246587,31,666
976,13/08/16 16,0,0.144159,0.729742,0.126100,0.997768,0.840907,0.001892,0.147745,0.192042,31,664
977,13/08/16 17,0,0.145780,0.723829,0.130390,0.997768,0.839928,0.001892,0.149155,0.149563,31,662
978,13/08/16 18,0,0.146954,0.719420,0.133627,0.997768,0.840122,0.001892,0.148646,0.318992,31,659
979,13/08/16 19,0,0.147818,0.716096,0.136087,0.997768,0.839539,0.001762,0.149586,0.248431,31,659
980,13/08/16 20,0,0.160908,0.700018,0.139074,0.998102,0.838999,0.001372,0.150451,0.193478,31,663
981,13/08/16 21,0,0.173061,0.672003,0.154937,0.998280,0.838787,0.001069,0.150867,0.150681,31,660
982,13/08/16 22,0,0.183018,0.643128,0.173853,0.998323,0.838885,0.000832,0.150808,0.161991,31,660
983,13/08/16 23,0,0.190267,0.612688,0.197045,0.998262,0.838995,0.001198,0.150641,0.183137,31,660
984,14/08/16 00,0,0.136552,0.735366,0.128082,0.998254,0.837491,0.001243,0.152670,0.142627,31,661
985,14/08/16 01,0,0.134937,0.738725,0.126338,0.997822,0.836226,0.001219,0.154350,0.111078,31,658
986,14/08/16 02,0,0.134208,0.740465,0.125327,0.998303,0.835824,0.000949,0.154852,0.101860,31,655
987,14/08/16 03,0,0.118483,0.793036,0.092354,0.998303,0.837327,0.000949,0.152745,0.234791,31,654
988,14/08/16 04,0,0.149152,0.706301,0.144547,0.998262,0.838246,0.001182,0.151476,0.234791,31,659
989,14/08/16 05,0,0.164583,0.694959,0.140458,0.998308,0.837838,0.000921,0.151871,0.284563,31,666
990,14/08/16 06,0,0.096142,0.809344,0.094514,0.998303,0.835948,0.000949,0.154485,0.221618,31,662
991,14/08/16 07,0,0.128422,0.750465,0.121113,0.997690,0.836693,0.001915,0.153451,0.234791,31,656
992,14/08/16 08,0,0.158887,0.664130,0.176983,0.998080,0.839263,0.001492,0.149957,0.239356,31,653
993,14/08/16 09,0,0.159267,0.687261,0.155912,0.997920,0.838999,0.001697,0.150300,0.242985,31,663
994,14/08/16 10,0,0.125505,0.774126,0.100369,0.997853,0.837386,0.001782,0.152599,0.189237,31,666
995,14/08/16 11,0,0.125933,0.779911,0.094157,0.997967,0.836202,0.001538,0.154301,0.147378,31,657
996,14/08/16 12,0,0.130234,0.766008,0.103757,0.998262,0.836207,0.001198,0.154381,0.114778,31,654
997,14/08/16 13,0,0.139520,0.756476,0.110573,0.998283,0.836482,0.001072,0.154050,0.141610,31,654
998,14/08/16 14,0,0.161706,0.694202,0.144092,0.998311,0.837030,0.000904,0.153186,0.202384,31,660
999,14/08/16 15,0,0.177975,0.615106,0.206919,0.998203,0.838246,0.001035,0.151166,0.276684,31,660
1000,14/08/16 16,0,0.139513,0.750990,0.117772,0.997890,0.837413,0.000806,0.152402,0.215481,31,661
1001,14/08/16 17,0,0.149705,0.731816,0.118478,0.998357,0.836964,0.000628,0.153080,0.167817,31,661
1002,14/08/16 18,0,0.139752,0.739918,0.120330,0.998066,0.836035,0.001509,0.154419,0.130696,31,657
1003,14/08/16 19,0,0.115519,0.790489,0.100808,0.998132,0.834616,0.001424,0.156399,0.101786,31,657
1004,14/08/16 20,0,0.105078,0.832537,0.069672,0.998213,0.833448,0.001320,0.158026,0.101860,31,655
1005,14/08/16 21,0,0.117602,0.801280,0.081118,0.998257,0.832605,0.001227,0.159201,0.101860,31,653
1006,14/08/16 22,0,0.087831,0.851381,0.060788,0.998271,0.831694,0.001147,0.160480,0.079329,31,652
1007,14/08/16 23,0,0.122027,0.793738,0.084234,0.997713,0.831234,0.001963,0.161168,0.125664,31,652
1008,15/08/16 00,0,0.105250,0.809864,0.084885,0.997713,0.831022,0.001565,0.161496,0.101860,31,653
1009,15/08/16 01,0,0.102610,0.828653,0.069947,0.997822,0.830993,0.001219,0.161584,0.099871,31,652
1010,15/08/16 02,0,0.119857,0.792850,0.087293,0.998303,0.832260,0.000949,0.159930,0.169688,31,654
1011,15/08/16 03,0,0.146543,0.744505,0.108953,0.998303,0.833366,0.000949,0.158439,0.169688,31,655
1012,15/08/16 04,0,0.128851,0.786457,0.085897,0.998335,0.835036,0.000759,0.156113,0.234791,31,659
1013,15/08/16 05,0,0.148465,0.709731,0.141804,0.997822,0.835896,0.001219,0.154816,0.234791,31,662
1014,15/08/16 06,0,0.127630,0.775537,0.096832,0.998303,0.836265,0.000949,0.154279,0.182856,31,660
1015,15/08/16 07,0,0.156465,0.709348,0.134187,0.998306,0.836221,0.000932,0.154226,0.214326,31,659
1016,15/08/16 08,0,0.129136,0.750323,0.121212,0.998309,0.836696,0.000918,0.153430,0.234791,31,659
1017,15/08/16 09,0,0.126692,0.787995,0.085757,0.997782,0.835533,0.001874,0.155134,0.182856,31,659
1018,15/08/16 10,0,0.136355,0.761155,0.102490,0.997814,0.834550,0.001833,0.156548,0.142408,31,657
1019,15/08/16 11,0,0.146786,0.735508,0.117705,0.997825,0.834061,0.001671,0.157228,0.125634,31,654
1020,15/08/16 12,0,0.154875,0.714458,0.130667,0.998156,0.835077,0.001301,0.155936,0.129178,31,654
1021,15/08/16 13,0,0.135041,0.747750,0.117209,0.998283,0.836536,0.001013,0.153951,0.133333,31,656
1022,15/08/16 14,0,0.154786,0.720843,0.124371,0.998330,0.837899,0.000789,0.152073,0.176990,31,662
1023,15/08/16 15,0,0.171963,0.647946,0.180091,0.998233,0.839319,0.001294,0.149821,0.248468,31,661
1024,15/08/16 16,0,0.138443,0.749278,0.112279,0.998028,0.840082,0.001557,0.148845,0.193507,31,662
1025,15/08/16 17,0,0.146309,0.738019,0.120146,0.997958,0.841803,0.001647,0.146403,0.258016,31,662
1026,15/08/16 18,0,0.144142,0.729917,0.125941,0.997564,0.841040,0.002154,0.147470,0.200943,31,666
1027,15/08/16 19,0,0.146351,0.723963,0.130269,0.997713,0.839871,0.001963,0.149165,0.156494,31,664
1028,15/08/16 20,0,0.162261,0.697952,0.139787,0.997713,0.839200,0.001963,0.150208,0.142919,31,660
1029,15/08/16 21,0,0.175548,0.666811,0.157641,0.997420,0.839043,0.002082,0.150545,0.152093,31,658
1030,15/08/16 22,0,0.184027,0.643977,0.171996,0.997978,0.839259,0.001622,0.150341,0.152543,31,659
1031,15/08/16 23,0,0.189983,0.625005,0.185012,0.997713,0.840177,0.001963,0.149165,0.157042,31,660
1032,16/08/16 00,0,0.182816,0.635207,0.181976,0.997768,0.840350,0.001538,0.148904,0.195778,31,663
1033,16/08/16 01,0,0.143980,0.721215,0.134805,0.998262,0.838826,0.001198,0.150943,0.152472,31,665
1034,16/08/16 02,0,0.134807,0.739342,0.125851,0.998262,0.837455,0.001198,0.152786,0.118745,31,659
1035,16/08/16 03,0,0.121970,0.782712,0.095318,0.998303,0.836537,0.000949,0.154016,0.109143,31,656
1036,16/08/16 04,0,0.117633,0.809899,0.080703,0.998303,0.836018,0.000949,0.154735,0.169688,31,655
1037,16/08/16 05,0,0.147017,0.742056,0.110928,0.998262,0.836267,0.001198,0.154319,0.234791,31,656
1038,16/08/16 06,0,0.148728,0.708466,0.142806,0.998290,0.836367,0.001027,0.154091,0.234791,31,658
1039,16/08/16 07,0,0.103669,0.824674,0.072135,0.998303,0.835010,0.000949,0.155958,0.182856,31,658
1040,16/08/16 08,0,0.117675,0.797237,0.085088,0.997870,0.833950,0.001761,0.157416,0.142408,31,657
1041,16/08/16 09,0,0.123767,0.779429,0.096804,0.997889,0.833277,0.001737,0.158330,0.110908,31,653
1042,16/08/16 10,0,0.126981,0.768739,0.104280,0.997978,0.832838,0.001622,0.158873,0.101860,31,652
1043,16/08/16 11,0,0.121825,0.795674,0.082500,0.998018,0.832776,0.001571,0.158965,0.130086,31,653
1044,16/08/16 12,0,0.111891,0.804745,0.083364,0.998064,0.832498,0.001479,0.159298,0.101860,31,654
1045,16/08/16 13,0,0.125296,0.778480,0.098493,0.998267,0.832745,0.001152,0.159005,0.129445,31,654
1046,16/08/16 14,0,0.138337,0.755149,0.106514,0.998312,0.833442,0.000897,0.157855,0.257016,31,655
1047,16/08/16 15,0,0.139264,0.745352,0.115384,0.998188,0.833270,0.001105,0.158123,0.200164,31,657
1048,16/08/16 16,0,0.118869,0.795545,0.085586,0.998318,0.833453,0.000861,0.157859,0.214326,31,656
1049,16/08/16 17,0,0.115517,0.815003,0.069480,0.998281,0.833046,0.001082,0.158455,0.166917,31,658
1050,16/08/16 18,0,0.116319,0.800915,0.082766,0.997970,0.832551,0.001632,0.159171,0.129995,31,655
1051,16/08/16 19,0,0.110442,0.804470,0.085088,0.998171,0.832219,0.001375,0.159672,0.101860,31,653
1052,16/08/16 20,0,0.111356,0.798632,0.090012,0.998251,0.832297,0.001265,0.159607,0.106765,31,653
1053,16/08/16 21,0,0.118268,0.803034,0.082562,0.998251,0.832791,0.001263,0.158996,0.106765,31,653
1054,16/08/16 22,0,0.125788,0.781273,0.092938,0.998254,0.833486,0.001246,0.158092,0.121242,31,654
1055,16/08/16 23,0,0.130122,0.767074,0.102804,0.998279,0.833863,0.001098,0.157614,0.120166,31,657
1056,17/08/16 00,0,0.147476,0.745330,0.109848,0.997772,0.834476,0.001887,0.156865,0.148381,31,658
1057,17/08/16 01,0,0.165798,0.682873,0.151329,0.997713,0.835270,0.001963,0.155681,0.207086,31,659
1058,17/08/16 02,0,0.179903,0.611047,0.209049,0.997794,0.836524,0.001538,0.153637,0.268219,31,659
1059,17/08/16 03,0,0.138790,0.756721,0.104489,0.998262,0.837545,0.001198,0.152317,0.234791,31,661
1060,17/08/16 04,0,0.148402,0.710622,0.140976,0.998303,0.839060,0.000949,0.150231,0.234791,31,661
1061,17/08/16 05,0,0.146697,0.743694,0.109609,0.998303,0.838732,0.000949,0.150760,0.182856,31,664
1062,17/08/16 06,0,0.139543,0.738907,0.121550,0.997713,0.837492,0.001963,0.152358,0.242300,31,664
1063,17/08/16 07,0,0.128295,0.751448,0.120256,0.997713,0.837655,0.001963,0.152128,0.234791,31,657
1064,17/08/16 08,0,0.106753,0.812967,0.080281,0.997713,0.836316,0.001963,0.153954,0.182856,31,656
1065,17/08/16 09,0,0.104054,0.812998,0.082949,0.997713,0.834823,0.001963,0.155998,0.142408,31,658
1066,17/08/16 10,0,0.097994,0.835759,0.075605,0.998028,0.833797,0.001558,0.157407,0.110908,31,654
1067,17/08/16 11,0,0.126068,0.785508,0.088424,0.997713,0.833194,0.001425,0.158267,0.125664,31,652
1068,17/08/16 12,0,0.098778,0.827334,0.073888,0.998020,0.832582,0.001110,0.159077,0.097867,31,654
1069,17/08/16 13,0,0.121837,0.779498,0.099561,0.998318,0.834797,0.000864,0.155853,0.234791,31,653
1070,17/08/16 14,0,0.154303,0.661423,0.184274,0.997832,0.836208,0.001319,0.153736,0.338318,31,657
1071,17/08/16 15,0,0.115722,0.793327,0.090951,0.998290,0.835124,0.001027,0.155293,0.263482,31,665
1072,17/08/16 16,0,0.119342,0.783225,0.097434,0.998159,0.834458,0.001390,0.156306,0.205200,31,661
1073,17/08/16 17,0,0.116045,0.812210,0.087743,0.997767,0.834897,0.001894,0.155843,0.164096,31,653
1074,17/08/16 18,0,0.138516,0.767956,0.093528,0.997713,0.834526,0.001963,0.156472,0.132722,31,654
1075,17/08/16 19,0,0.126473,0.775925,0.097602,0.997768,0.834562,0.001892,0.156465,0.114453,31,658
1076,17/08/16 20,0,0.130616,0.763108,0.106276,0.997768,0.834763,0.001892,0.156226,0.114453,31,655
1077,17/08/16 21,0,0.133231,0.754319,0.112451,0.997929,0.835136,0.001685,0.155758,0.114453,31,655
1078,17/08/16 22,0,0.138456,0.748070,0.116948,0.997917,0.836794,0.001664,0.153565,0.165704,31,658
1079,17/08/16 23,0,0.149323,0.715258,0.135419,0.998231,0.838003,0.001296,0.151670,0.238123,31,663
1080,18/08/16 00,0,0.169821,0.623391,0.206788,0.998286,0.839415,0.001055,0.149343,0.303958,31,664
1081,18/08/16 01,0,0.145775,0.723887,0.130338,0.998325,0.840261,0.000822,0.148356,0.236723,31,665
1082,18/08/16 02,0,0.146949,0.719462,0.133589,0.998303,0.841279,0.000949,0.147083,0.184360,31,664
1083,18/08/16 03,0,0.147815,0.716128,0.136058,0.998303,0.840227,0.000949,0.148654,0.143580,31,667
1084,18/08/16 04,0,0.148460,0.713594,0.137946,0.998262,0.840210,0.001182,0.148631,0.234791,31,663
1085,18/08/16 05,0,0.148947,0.709205,0.142151,0.998308,0.840895,0.000921,0.147652,0.234791,31,660
1086,18/08/16 06,0,0.156298,0.710173,0.140510,0.998303,0.840460,0.000949,0.148418,0.182856,31,661
1087,18/08/16 07,0,0.149600,0.709029,0.141371,0.997655,0.839417,0.002037,0.149984,0.142408,31,663
1088,18/08/16 08,0,0.154561,0.708146,0.142037,0.997488,0.838603,0.001933,0.151235,0.131401,31,661
1089,18/08/16 09,0,0.168914,0.679223,0.151863,0.997601,0.838436,0.001506,0.151538,0.144718,31,658
1090,18/08/16 10,0,0.177216,0.658512,0.164271,0.997978,0.838428,0.001173,0.151589,0.144538,31,660
1091,18/08/16 11,0,0.183169,0.642682,0.174148,0.997822,0.838986,0.000913,0.150894,0.145438,31,660
1092,18/08/16 12,0,0.136929,0.733580,0.129490,0.998303,0.838759,0.000711,0.150849,0.347981,31,660
1093,18/08/16 13,0,0.135222,0.737366,0.127412,0.998369,0.837405,0.000554,0.152763,0.271008,31,664
1094,18/08/16 14,0,0.134426,0.739420,0.126154,0.997656,0.836429,0.002010,0.154148,0.211061,31,657
1095,18/08/16 15,0,0.124560,0.794004,0.089792,0.997764,0.836994,0.001566,0.153453,0.169688,31,654
1096,18/08/16 16,0,0.151276,0.726147,0.122576,0.998258,0.837177,0.001219,0.153198,0.187547,31,658
1097,18/08/16 17,0,0.125358,0.768023,0.106618,0.998057,0.835666,0.001521,0.155180,0.146061,31,661
1098,18/08/16 18,0,0.129032,0.758132,0.112836,0.997853,0.834511,0.001782,0.156750,0.113753,31,657
1099,18/08/16 19,0,0.130659,0.753157,0.116184,0.997853,0.833877,0.001782,0.157615,0.113414,31,653
1100,18/08/16 20,0,0.131506,0.740589,0.138310,0.997853,0.834722,0.001450,0.156043,0.416778,31,653
1101,18/08/16 21,0,0.131995,0.748480,0.119525,0.998259,0.834568,0.001130,0.156341,0.324587,31,655
1102,18/08/16 22,0,0.132299,0.747280,0.120421,0.998306,0.834244,0.000880,0.156887,0.252788,31,657
1103,18/08/16 23,0,0.132498,0.746450,0.121052,0.998347,0.833727,0.000685,0.157659,0.196872,31,656
1104,19/08/16 00,0,0.132633,0.745859,0.121507,0.998262,0.833554,0.001198,0.157939,0.153324,31,656
1105,19/08/16 01,0,0.132728,0.745430,0.121842,0.998262,0.833189,0.001198,0.158452,0.119409,31,654
1106,19/08/16 02,0,0.124080,0.778194,0.097726,0.997853,0.832899,0.001219,0.158851,0.109525,31,656
1107,19/08/16 03,0,0.117532,0.805231,0.081792,0.998303,0.833167,0.000949,0.158498,0.169688,31,655
1108,19/08/16 04,0,0.147137,0.741977,0.110885,0.998303,0.835346,0.000949,0.155518,0.234791,31,656
1109,19/08/16 05,0,0.149639,0.703451,0.146910,0.998262,0.836845,0.001198,0.153368,0.234791,31,658
1110,19/08/16 06,0,0.143736,0.746777,0.109487,0.997968,0.836704,0.001635,0.153608,0.198353,31,665
1111,19/08/16 07,0,0.148170,0.728562,0.123267,0.998042,0.836713,0.001405,0.153689,0.166721,31,661
1112,19/08/16 08,0,0.168427,0.663869,0.167704,0.998191,0.838103,0.001094,0.151538,0.232179,31,661
1113,19/08/16 09,0,0.160155,0.679864,0.159981,0.998189,0.838387,0.000852,0.150974,0.369089,31,663
1114,19/08/16 10,0,0.155623,0.670204,0.175426,0.998199,0.839176,0.000664,0.149698,0.344982,31,660
1115,19/08/16 11,0,0.154317,0.693452,0.152231,0.998375,0.839383,0.000517,0.149621,0.268672,31,662
1116,19/08/16 12,0,0.152326,0.698070,0.149604,0.997726,0.839531,0.001684,0.149511,0.209242,31,662
1117,19/08/16 13,0,0.165290,0.666039,0.168671,0.997768,0.840490,0.001312,0.147995,0.259754,31,663
1118,19/08/16 14,0,0.131925,0.777386,0.103132,0.998262,0.840283,0.001022,0.148379,0.202297,31,661
1119,19/08/16 15,0,0.147140,0.740283,0.112577,0.998273,0.840394,0.000796,0.148333,0.157549,31,665
1120,19/08/16 16,0,0.147017,0.730471,0.122512,0.997713,0.839751,0.000620,0.149308,0.122699,31,662
1121,19/08/16 17,0,0.142920,0.732566,0.124514,0.997713,0.838756,0.000483,0.150767,0.114453,31,659
1122,19/08/16 18,0,0.146165,0.723745,0.130090,0.997921,0.837997,0.000376,0.151893,0.115924,31,658
1123,19/08/16 19,0,0.163596,0.690326,0.146078,0.998381,0.838142,0.000293,0.151787,0.141659,31,656
1124,19/08/16 20,0,0.177671,0.656353,0.165975,0.997812,0.838188,0.001835,0.151749,0.159292,31,658
1125,19/08/16 21,0,0.186643,0.626314,0.187044,0.997716,0.838407,0.001959,0.151460,0.173239,31,661
1126,19/08/16 22,0,0.193298,0.594930,0.211772,0.997713,0.838968,0.001963,0.150661,0.194835,31,660
1127,19/08/16 23,0,0.135883,0.738466,0.125651,0.997716,0.837443,0.001959,0.152734,0.151737,31,660
1128,20/08/16 00,0,0.134429,0.741115,0.124456,0.997713,0.836237,0.001963,0.154354,0.118173,31,660
1129,20/08/16 01,0,0.139981,0.742338,0.123848,0.997799,0.835859,0.001538,0.154826,0.120990,31,655
1130,20/08/16 02,0,0.139039,0.743003,0.117958,0.998262,0.837410,0.001198,0.152644,0.234791,31,653
1131,20/08/16 03,0,0.148540,0.709457,0.142003,0.998303,0.837612,0.000949,0.152211,0.234791,31,658
1132,20/08/16 04,0,0.100037,0.807083,0.092880,0.998303,0.835760,0.000949,0.154835,0.182856,31,663
1133,20/08/16 05,0,0.111968,0.812193,0.075838,0.998280,0.834955,0.000924,0.155977,0.142408,31,656
1134,20/08/16 06,0,0.132063,0.751982,0.119854,0.998260,0.836860,0.000719,0.153336,0.234791,31,651
1135,20/08/16 07,0,0.156485,0.711729,0.131786,0.998302,0.836682,0.000560,0.153565,0.182856,31,657
1136,20/08/16 08,0,0.086041,0.853685,0.067272,0.998389,0.834898,0.000436,0.156009,0.142408,31,664
1137,20/08/16 09,0,0.101313,0.829358,0.071377,0.998374,0.833886,0.000528,0.157419,0.110908,31,655
1138,20/08/16 10,0,0.115536,0.806481,0.082695,0.998102,0.833515,0.001408,0.157945,0.105029,31,652
1139,20/08/16 11,0,0.109820,0.802982,0.087198,0.998270,0.832926,0.001096,0.158752,0.087153,31,653
1140,20/08/16 12,0,0.108594,0.815698,0.084021,0.998319,0.832691,0.000854,0.159083,0.103952,31,655
1141,20/08/16 13,0,0.120339,0.790011,0.089650,0.998127,0.832637,0.001431,0.159178,0.101860,31,655
1142,20/08/16 14,0,0.120084,0.785347,0.094682,0.998100,0.833398,0.001465,0.157972,0.234791,31,655
1143,20/08/16 15,0,0.109172,0.801603,0.089225,0.997892,0.833322,0.001733,0.158108,0.182856,31,656
1144,20/08/16 16,0,0.119989,0.794161,0.092463,0.997853,0.834578,0.001782,0.156465,0.169688,31,655
1145,20/08/16 17,0,0.149926,0.718028,0.132046,0.997870,0.835452,0.001761,0.155232,0.223253,31,659
1146,20/08/16 18,0,0.118556,0.800925,0.080518,0.998157,0.834285,0.001393,0.156904,0.173869,31,662
1147,20/08/16 19,0,0.125948,0.779919,0.094134,0.998255,0.833607,0.001238,0.157919,0.135410,31,657
1148,20/08/16 20,0,0.130220,0.751093,0.126957,0.998264,0.834057,0.001184,0.157004,0.366307,31,653
1149,20/08/16 21,0,0.132935,0.756620,0.110446,0.998278,0.834644,0.001102,0.156329,0.285280,31,656
1150,20/08/16 22,0,0.135865,0.749802,0.115435,0.997741,0.835484,0.001927,0.155306,0.222176,31,655
1151,20/08/16 23,0,0.158258,0.703902,0.137840,0.997852,0.837251,0.001565,0.152766,0.211789,31,660
1152,21/08/16 00,0,0.174323,0.632032,0.193646,0.997926,0.839230,0.001219,0.149753,0.257873,31,663
1153,21/08/16 01,0,0.145285,0.712258,0.142456,0.998303,0.838693,0.000949,0.150577,0.200832,31,666
1154,21/08/16 02,0,0.136008,0.740306,0.123686,0.998303,0.839595,0.000949,0.149478,0.169688,31,661
1155,21/08/16 03,0,0.148157,0.736636,0.115207,0.997371,0.838798,0.001565,0.150606,0.169688,31,657
1156,21/08/16 04,0,0.165858,0.688471,0.145670,0.997868,0.839800,0.001219,0.149095,0.242300,31,662
1157,21/08/16 05,0,0.149485,0.704955,0.145560,0.998303,0.839189,0.000949,0.150013,0.234791,31,663
1158,21/08/16 06,0,0.131138,0.768293,0.100569,0.998267,0.838401,0.001167,0.151151,0.182856,31,663
1159,21/08/16 07,0,0.133110,0.754697,0.112194,0.997382,0.838864,0.002388,0.150551,0.169688,31,659
1160,21/08/16 08,0,0.160235,0.698353,0.142165,0.997713,0.841878,0.001963,0.146462,0.234791,31,656
1161,21/08/16 09,0,0.133220,0.765051,0.101729,0.997749,0.840677,0.001917,0.148096,0.182856,31,663
1162,21/08/16 10,0,0.138471,0.749028,0.112501,0.997549,0.839998,0.002010,0.149082,0.142408,31,666
1163,21/08/16 11,0,0.141854,0.737841,0.120305,0.997737,0.839396,0.001565,0.149908,0.121242,31,659
1164,21/08/16 12,0,0.144155,0.729787,0.126058,0.997822,0.838805,0.001219,0.150717,0.114453,31,659
1165,21/08/16 13,0,0.145777,0.723867,0.130355,0.998303,0.838728,0.000949,0.150885,0.117533,31,659
1166,21/08/16 14,0,0.151910,0.719450,0.133599,0.997792,0.839128,0.001538,0.150443,0.149510,31,659
1167,21/08/16 15,0,0.170054,0.660042,0.169904,0.998262,0.839635,0.001198,0.149562,0.222134,31,662
1168,21/08/16 16,0,0.184360,0.578916,0.236724,0.998296,0.840578,0.000946,0.147860,0.301137,31,662
1169,21/08/16 17,0,0.150233,0.711656,0.139397,0.997768,0.840865,0.000737,0.147683,0.234526,31,662
1170,21/08/16 18,0,0.161380,0.697566,0.141054,0.997929,0.840697,0.000574,0.148080,0.182649,31,663
1171,21/08/16 19,0,0.169394,0.677138,0.153468,0.998387,0.840220,0.000447,0.148876,0.142247,31,664
1172,21/08/16 20,0,0.178363,0.655786,0.165851,0.997946,0.840052,0.001664,0.149219,0.145438,31,661
1173,21/08/16 21,0,0.187735,0.622279,0.189986,0.998185,0.840929,0.001332,0.148009,0.200411,31,661
1174,21/08/16 22,0,0.182145,0.598128,0.219726,0.998289,0.840131,0.001037,0.148969,0.279165,31,662
1175,21/08/16 23,0,0.192962,0.526767,0.280271,0.998318,0.838962,0.000861,0.150359,0.316225,31,663
1176,22/08/16 00,0,0.197608,0.512101,0.290292,0.998036,0.838039,0.001538,0.151592,0.246277,31,659
1177,22/08/16 01,0,0.164384,0.614011,0.221605,0.998262,0.837204,0.001198,0.152785,0.191800,31,656
1178,22/08/16 02,0,0.157227,0.707582,0.154473,0.998262,0.837379,0.001182,0.152603,0.169688,31,657
1179,22/08/16 03,0,0.154888,0.705920,0.139192,0.998308,0.837320,0.000921,0.152774,0.169688,31,657
1180,22/08/16 04,0,0.137780,0.733289,0.128931,0.998303,0.836174,0.000949,0.154367,0.141839,31,659
1181,22/08/16 05,0,0.120456,0.770458,0.112302,0.998186,0.836040,0.001355,0.154423,0.234791,31,658
1182,22/08/16 06,0,0.127446,0.776596,0.095958,0.998262,0.836075,0.001198,0.154438,0.182856,31,655
1183,22/08/16 07,0,0.156328,0.710193,0.133479,0.998303,0.835947,0.000949,0.154665,0.169688,31,658
1184,22/08/16 08,0,0.111412,0.814822,0.073766,0.997853,0.834799,0.001782,0.156233,0.132153,31,658
1185,22/08/16 09,0,0.116661,0.801583,0.081756,0.997853,0.833771,0.001782,0.157641,0.102921,31,655
1186,22/08/16 10,0,0.122961,0.782950,0.094090,0.997929,0.833134,0.001685,0.158503,0.115347,31,653
1187,22/08/16 11,0,0.126354,0.771531,0.102115,0.997853,0.832533,0.001782,0.159321,0.101860,31,653
1188,22/08/16 12,0,0.128391,0.764014,0.107595,0.997888,0.832303,0.001473,0.159662,0.107855,31,653
1189,22/08/16 13,0,0.129704,0.758829,0.111467,0.998244,0.832156,0.001147,0.159887,0.101860,31,653
1190,22/08/16 14,0,0.130591,0.755138,0.114271,0.998295,0.832452,0.000894,0.159488,0.110753,31,654
1191,22/08/16 15,0,0.120387,0.765559,0.114054,0.998346,0.833824,0.000696,0.157347,0.333320,31,654
1192,22/08/16 16,0,0.119915,0.802769,0.080125,0.998199,0.834597,0.001338,0.156334,0.259590,31,657
1193,22/08/16 17,0,0.148616,0.733958,0.117426,0.998106,0.835112,0.001457,0.155629,0.202169,31,660
1194,22/08/16 18,0,0.113627,0.811300,0.075073,0.998128,0.834180,0.001429,0.156951,0.157449,31,658
1195,22/08/16 19,0,0.110580,0.805975,0.083445,0.998199,0.833411,0.001286,0.158029,0.122621,31,658
1196,22/08/16 20,0,0.113828,0.795930,0.090243,0.998282,0.832878,0.001001,0.158813,0.106765,31,653
1197,22/08/16 21,0,0.118267,0.803039,0.078694,0.998332,0.832695,0.000780,0.159149,0.115347,31,653
1198,22/08/16 22,0,0.125787,0.781279,0.092934,0.998355,0.832972,0.000638,0.158817,0.106765,31,653
1199,22/08/16 23,0,0.130121,0.767082,0.102797,0.998302,0.833451,0.000957,0.158211,0.127314,31,654
1200,23/08/16 00,0,0.151620,0.732745,0.115636,0.998019,0.834213,0.001538,0.157208,0.161942,31,659
1201,23/08/16 01,0,0.168805,0.670128,0.161068,0.998262,0.836108,0.001198,0.154450,0.214610,31,659
1202,23/08/16 02,0,0.182434,0.595782,0.221784,0.998262,0.838154,0.001198,0.151334,0.281386,31,660
1203,23/08/16 03,0,0.142883,0.746895,0.110223,0.998159,0.837466,0.001219,0.152404,0.219144,31,665
1204,23/08/16 04,0,0.127116,0.775020,0.103049,0.998303,0.838701,0.000949,0.150707,0.234791,31,662
1205,23/08/16 05,0,0.148442,0.710422,0.141136,0.998262,0.840440,0.001198,0.148312,0.234791,31,658
1206,23/08/16 06,0,0.133567,0.772028,0.094405,0.998262,0.838292,0.001198,0.151289,0.182856,31,668
1207,23/08/16 07,0,0.064842,0.881749,0.055288,0.997913,0.836001,0.001706,0.154481,0.142408,31,663
1208,23/08/16 08,0,0.106494,0.826134,0.068203,0.997713,0.834802,0.001963,0.156155,0.111348,31,653
1209,23/08/16 09,0,0.125902,0.736813,0.137285,0.997863,0.836460,0.001769,0.153564,0.359976,31,651
1210,23/08/16 10,0,0.113238,0.808487,0.078274,0.997713,0.835544,0.001557,0.154875,0.280349,31,657
1211,23/08/16 11,0,0.116095,0.802137,0.083580,0.997780,0.834867,0.001213,0.155874,0.218336,31,659
1212,23/08/16 12,0,0.100386,0.825921,0.073693,0.997713,0.833746,0.000945,0.157430,0.170041,31,655
1213,23/08/16 13,0,0.103860,0.815679,0.080460,0.997902,0.832884,0.000736,0.158669,0.132428,31,655
1214,23/08/16 14,0,0.097165,0.823181,0.079654,0.998366,0.832349,0.000573,0.159421,0.103135,31,652
1215,23/08/16 15,0,0.108048,0.817619,0.079831,0.998262,0.832328,0.001198,0.159430,0.110265,31,652
1216,23/08/16 16,0,0.115684,0.806840,0.077476,0.998268,0.832089,0.001160,0.159749,0.125128,31,654
1217,23/08/16 17,0,0.118623,0.804937,0.079819,0.997974,0.832732,0.001628,0.158880,0.169688,31,656
1218,23/08/16 18,0,0.148256,0.711058,0.140687,0.997713,0.835810,0.001963,0.154482,0.262347,31,655
1219,23/08/16 19,0,0.136838,0.765549,0.097612,0.997768,0.835312,0.001892,0.155291,0.204316,31,664
1220,23/08/16 20,0,0.118690,0.799117,0.089168,0.997863,0.834898,0.001769,0.155960,0.159122,31,661
1221,23/08/16 21,0,0.139688,0.760006,0.100306,0.997768,0.835027,0.001892,0.155858,0.134139,31,656
1222,23/08/16 22,0,0.154462,0.724684,0.120854,0.997997,0.835496,0.001576,0.155298,0.138864,31,657
1223,23/08/16 23,0,0.133057,0.755489,0.111455,0.998257,0.837132,0.001228,0.153115,0.132205,31,659
1224,24/08/16 00,0,0.145242,0.745476,0.116205,0.998291,0.838291,0.000990,0.151519,0.176990,31,661
1225,24/08/16 01,0,0.165528,0.671721,0.162751,0.998333,0.839091,0.000771,0.150195,0.233420,31,663
1226,24/08/16 02,0,0.138454,0.749155,0.112392,0.998048,0.839227,0.001219,0.150062,0.181788,31,662
1227,24/08/16 03,0,0.142362,0.737922,0.120234,0.998303,0.839771,0.000949,0.149353,0.169688,31,660
1228,24/08/16 04,0,0.147812,0.729840,0.126011,0.998303,0.841352,0.000949,0.147184,0.234791,31,662
1229,24/08/16 05,0,0.148870,0.708007,0.143123,0.997970,0.840703,0.000997,0.147968,0.234791,31,665
1230,24/08/16 06,0,0.167776,0.643138,0.189086,0.997334,0.840193,0.000777,0.148489,0.277342,31,666
1231,24/08/16 07,0,0.147814,0.716138,0.136049,0.997924,0.839297,0.000605,0.149879,0.215994,31,661
1232,24/08/16 08,0,0.148460,0.713603,0.137938,0.998383,0.839312,0.000471,0.150002,0.169688,31,657
1233,24/08/16 09,0,0.149640,0.711666,0.139388,0.997907,0.839503,0.001713,0.149738,0.284563,31,660
1234,24/08/16 10,0,0.159256,0.700060,0.140684,0.997765,0.839415,0.001896,0.149980,0.221618,31,663
1235,24/08/16 11,0,0.161458,0.690967,0.147574,0.997541,0.838938,0.002184,0.150688,0.172596,31,663
1236,24/08/16 12,0,0.168556,0.674748,0.156696,0.997520,0.838731,0.002211,0.151079,0.135540,31,661
1237,24/08/16 13,0,0.170017,0.668585,0.161398,0.997452,0.839367,0.002294,0.149828,0.425441,31,659
1238,24/08/16 14,0,0.179266,0.649179,0.171554,0.997807,0.839426,0.001787,0.149926,0.331334,31,664
1239,24/08/16 15,0,0.136868,0.733873,0.129259,0.997972,0.838006,0.001392,0.151898,0.258043,31,662
1240,24/08/16 16,0,0.135175,0.737590,0.127235,0.998262,0.836907,0.001084,0.153470,0.200964,31,659
1241,24/08/16 17,0,0.134390,0.739592,0.126018,0.998321,0.835569,0.000844,0.155319,0.156511,31,655
1242,24/08/16 18,0,0.133954,0.740828,0.125217,0.998033,0.834548,0.001551,0.156692,0.121891,31,655
1243,24/08/16 19,0,0.133686,0.741651,0.124664,0.997807,0.834225,0.001842,0.157150,0.108905,31,653
1244,24/08/16 20,0,0.133509,0.742224,0.124268,0.998073,0.833780,0.001500,0.157723,0.101860,31,654
1245,24/08/16 21,0,0.133387,0.742634,0.123978,0.998125,0.833605,0.001433,0.157935,0.104469,31,655
1246,24/08/16 22,0,0.133301,0.742935,0.123763,0.998051,0.833606,0.001502,0.157970,0.143351,31,654
1247,24/08/16 23,0,0.133229,0.743208,0.123563,0.998267,0.833280,0.001170,0.158431,0.111642,31,655
1248,25/08/16 00,0,0.133175,0.743414,0.123411,0.998303,0.832882,0.000955,0.158995,0.101860,31,655
1249,25/08/16 01,0,0.133135,0.743571,0.123295,0.998127,0.832767,0.001431,0.159146,0.101860,31,655
1250,25/08/16 02,0,0.124647,0.767763,0.107590,0.998262,0.834485,0.001198,0.156674,0.234791,31,654
1251,25/08/16 03,0,0.146327,0.745698,0.107975,0.998303,0.835574,0.000949,0.155207,0.182856,31,658
1252,25/08/16 04,0,0.124178,0.791315,0.084507,0.998303,0.834725,0.000949,0.156325,0.142408,31,660
1253,25/08/16 05,0,0.131853,0.764751,0.105427,0.998331,0.835876,0.000787,0.154747,0.234791,31,661
1254,25/08/16 06,0,0.158476,0.683738,0.161287,0.997853,0.836785,0.001252,0.153314,0.234791,31,658
1255,25/08/16 07,0,0.140588,0.755927,0.103485,0.998262,0.837955,0.000975,0.151891,0.182856,31,660
1256,25/08/16 08,0,0.125823,0.780875,0.093346,0.998335,0.837144,0.000759,0.152999,0.228212,31,663
1257,25/08/16 09,0,0.130150,0.761399,0.109128,0.998221,0.836142,0.000593,0.154392,0.177732,31,660
1258,25/08/16 10,0,0.132890,0.757043,0.110067,0.998002,0.835440,0.000462,0.155384,0.138418,31,655
1259,25/08/16 11,0,0.140171,0.742111,0.117718,0.998088,0.835988,0.000360,0.154750,0.136719,31,655
1260,25/08/16 12,0,0.145688,0.740325,0.118946,0.998366,0.836365,0.000280,0.154113,0.194860,31,658
1261,25/08/16 13,0,0.166526,0.655007,0.178466,0.998181,0.837105,0.001362,0.152770,0.270100,31,660
1262,25/08/16 14,0,0.131324,0.749432,0.119244,0.997858,0.836455,0.001777,0.153693,0.210354,31,659
1263,25/08/16 15,0,0.137730,0.754259,0.115133,0.997825,0.835684,0.001819,0.154746,0.163824,31,659
1264,25/08/16 16,0,0.129050,0.761616,0.110311,0.997713,0.835588,0.001963,0.154916,0.127586,31,654
1265,25/08/16 17,0,0.119571,0.800959,0.090773,0.997713,0.836564,0.001963,0.153695,0.169688,31,653
1266,25/08/16 18,0,0.119398,0.778003,0.102599,0.997792,0.836444,0.001862,0.153634,0.297001,31,659
1267,25/08/16 19,0,0.063877,0.879065,0.057469,0.997713,0.834557,0.001963,0.156320,0.231304,31,662
1268,25/08/16 20,0,0.094198,0.837985,0.067817,0.997742,0.833272,0.001757,0.158187,0.180140,31,654
1269,25/08/16 21,0,0.101825,0.824065,0.074110,0.998175,0.832416,0.001368,0.159431,0.140293,31,651
1270,25/08/16 22,0,0.123323,0.784316,0.092360,0.997713,0.832400,0.001963,0.159515,0.119769,31,652
1271,25/08/16 23,0,0.149366,0.734213,0.116422,0.997713,0.832474,0.001565,0.159468,0.147928,31,653
1272,26/08/16 00,0,0.158371,0.708654,0.132974,0.997822,0.832441,0.001219,0.159549,0.134957,31,655
1273,26/08/16 01,0,0.119933,0.768519,0.111547,0.998303,0.832305,0.000949,0.159776,0.105104,31,656
1274,26/08/16 02,0,0.115647,0.793718,0.090635,0.998262,0.832120,0.001198,0.160037,0.105948,31,655
1275,26/08/16 03,0,0.117822,0.809035,0.079270,0.997970,0.833057,0.001219,0.158763,0.169688,31,654
1276,26/08/16 04,0,0.147175,0.741338,0.111487,0.998303,0.836052,0.000949,0.154671,0.234791,31,654
1277,26/08/16 05,0,0.149060,0.706496,0.144607,0.998303,0.837879,0.000949,0.151876,0.369089,31,664
1278,26/08/16 06,0,0.113784,0.815247,0.076441,0.998262,0.836851,0.001198,0.153407,0.287447,31,668
1279,26/08/16 07,0,0.132819,0.775315,0.091867,0.998299,0.835575,0.000974,0.155194,0.223864,31,661
1280,26/08/16 08,0,0.138394,0.754447,0.107159,0.997782,0.834891,0.001874,0.156175,0.174346,31,656
1281,26/08/16 09,0,0.153359,0.721862,0.124780,0.997768,0.835555,0.001724,0.155227,0.192245,31,653
1282,26/08/16 10,0,0.133171,0.753736,0.123904,0.998102,0.836453,0.001343,0.153830,0.312739,31,658
1283,26/08/16 11,0,0.150242,0.701558,0.148200,0.998278,0.838955,0.001046,0.150545,0.243561,31,657
1284,26/08/16 12,0,0.136174,0.743750,0.120076,0.998326,0.840129,0.000814,0.148841,0.234791,31,664
1285,26/08/16 13,0,0.152245,0.677338,0.170417,0.998074,0.840589,0.001499,0.147882,0.353645,31,665
1286,26/08/16 14,0,0.141838,0.737737,0.124557,0.997877,0.841889,0.001507,0.145808,0.287029,31,663
1287,26/08/16 15,0,0.144144,0.729893,0.125963,0.997805,0.841341,0.001173,0.146718,0.223539,31,662
1288,26/08/16 16,0,0.146565,0.723944,0.130286,0.998262,0.840561,0.000914,0.147947,0.174092,31,664
1289,26/08/16 17,0,0.146946,0.719507,0.133547,0.998343,0.839570,0.000712,0.149428,0.135583,31,662
1290,26/08/16 18,0,0.153585,0.714684,0.136025,0.997127,0.839027,0.002726,0.150300,0.128701,31,659
1291,26/08/16 19,0,0.156361,0.704235,0.139404,0.997516,0.838937,0.002216,0.150480,0.208219,31,659
1292,26/08/16 20,0,0.173775,0.664670,0.161555,0.997607,0.839369,0.002099,0.149997,0.162891,31,661
1293,26/08/16 21,0,0.183989,0.633688,0.182322,0.997913,0.839743,0.001673,0.149532,0.170989,31,659
1294,26/08/16 22,0,0.179039,0.641533,0.179428,0.998226,0.840317,0.001303,0.148443,0.405848,31,662
1295,26/08/16 23,0,0.183791,0.632324,0.183884,0.998082,0.839950,0.001489,0.149126,0.316075,31,663
1296,27/08/16 00,0,0.136685,0.734738,0.128577,0.997706,0.838902,0.001186,0.150638,0.246160,31,661
1297,27/08/16 01,0,0.135037,0.738248,0.126715,0.997768,0.837534,0.000924,0.152492,0.191709,31,659
1298,27/08/16 02,0,0.134285,0.740098,0.125617,0.998262,0.836225,0.000719,0.154280,0.149303,31,657
1299,27/08/16 03,0,0.133873,0.741219,0.124908,0.998303,0.835465,0.000560,0.155346,0.116278,31,655
1300,27/08/16 04,0,0.119784,0.784148,0.099820,0.998389,0.836323,0.000436,0.154125,0.234791,31,654
1301,27/08/16 05,0,0.150559,0.699501,0.149940,0.998104,0.837828,0.001460,0.152011,0.234791,31,659
1302,27/08/16 06,0,0.124604,0.750369,0.125027,0.997957,0.836495,0.001379,0.153631,0.340914,31,663
1303,27/08/16 07,0,0.089797,0.839151,0.080705,0.997870,0.834827,0.001074,0.155970,0.265504,31,662
1304,27/08/16 08,0,0.129637,0.746934,0.124023,0.998276,0.835791,0.000837,0.154622,0.234791,31,653
1305,27/08/16 09,0,0.161860,0.629545,0.208595,0.998353,0.836972,0.000652,0.152839,0.334652,31,654
1306,27/08/16 10,0,0.103036,0.828190,0.077439,0.998221,0.835993,0.000817,0.154302,0.260628,31,660
1307,27/08/16 11,0,0.118188,0.803483,0.079821,0.998303,0.835614,0.000636,0.154874,0.202977,31,659
1308,27/08/16 12,0,0.125759,0.781467,0.093885,0.998379,0.835515,0.000495,0.155129,0.158079,31,655
1309,27/08/16 13,0,0.148636,0.735335,0.116495,0.998337,0.835869,0.000750,0.154758,0.142738,31,658
1310,27/08/16 14,0,0.167585,0.677171,0.155244,0.998066,0.837857,0.001509,0.151973,0.196741,31,659
1311,27/08/16 15,0,0.181927,0.604012,0.214060,0.997986,0.841142,0.001385,0.147023,0.270100,31,663
1312,27/08/16 16,0,0.131731,0.772372,0.095897,0.997970,0.839358,0.001079,0.149621,0.210354,31,667
1313,27/08/16 17,0,0.117862,0.785367,0.096771,0.998012,0.837320,0.000840,0.152526,0.163824,31,665
1314,27/08/16 18,0,0.099151,0.821498,0.079351,0.998287,0.835871,0.000654,0.154542,0.127586,31,655
1315,27/08/16 19,0,0.121062,0.758168,0.120770,0.998258,0.835810,0.000510,0.154340,0.351979,31,653
1316,27/08/16 20,0,0.115171,0.807044,0.077785,0.998263,0.834543,0.000397,0.156196,0.274122,31,656
1317,27/08/16 21,0,0.131275,0.770849,0.097877,0.998399,0.833940,0.000309,0.157143,0.213486,31,654
1318,27/08/16 22,0,0.118994,0.782416,0.098590,0.998165,0.833474,0.001382,0.157932,0.166263,31,652
1319,27/08/16 23,0,0.120903,0.792724,0.086372,0.997772,0.832843,0.001887,0.158865,0.129486,31,655
1320,28/08/16 00,0,0.125795,0.784172,0.090033,0.997713,0.832404,0.001899,0.159541,0.125691,31,655
1321,28/08/16 01,0,0.117909,0.801197,0.085335,0.997713,0.833048,0.001479,0.158732,0.169688,31,655
1322,28/08/16 02,0,0.147471,0.740466,0.112063,0.997822,0.834099,0.001152,0.157362,0.169688,31,654
1323,28/08/16 03,0,0.130483,0.773339,0.096178,0.998303,0.833716,0.000897,0.157763,0.185949,31,658
1324,28/08/16 04,0,0.118626,0.792080,0.089294,0.998303,0.834860,0.000698,0.156157,0.234791,31,659
1325,28/08/16 05,0,0.149276,0.705466,0.145258,0.998371,0.838004,0.000544,0.151733,0.234791,31,658
1326,28/08/16 06,0,0.156756,0.683528,0.163395,0.997822,0.839203,0.000936,0.149647,0.320615,31,665
1327,28/08/16 07,0,0.172905,0.660183,0.171965,0.998303,0.840901,0.000729,0.147602,0.249695,31,665
1328,28/08/16 08,0,0.150520,0.733887,0.121090,0.998367,0.841216,0.000568,0.147145,0.234791,31,665
1329,28/08/16 09,0,0.159152,0.659414,0.181435,0.997768,0.840742,0.001892,0.147642,0.293668,31,666
1330,28/08/16 10,0,0.138425,0.749386,0.112735,0.997768,0.839365,0.001892,0.149686,0.228709,31,661
1331,28/08/16 11,0,0.141826,0.738080,0.120094,0.997858,0.839590,0.001724,0.149539,0.178119,31,657
1332,28/08/16 12,0,0.144137,0.729952,0.125911,0.998169,0.839986,0.001343,0.149102,0.148758,31,656
1333,28/08/16 13,0,0.163108,0.686475,0.150417,0.998279,0.840554,0.001046,0.148207,0.219313,31,663
1334,28/08/16 14,0,0.179147,0.602577,0.218276,0.998326,0.841151,0.000814,0.146972,0.295494,31,663
1335,28/08/16 15,0,0.147810,0.716179,0.136011,0.997968,0.840861,0.001062,0.147550,0.230131,31,663
1336,28/08/16 16,0,0.157651,0.713634,0.137909,0.997566,0.840938,0.000827,0.147571,0.179226,31,661
1337,28/08/16 17,0,0.160077,0.703123,0.139366,0.997917,0.841369,0.000644,0.147163,0.145978,31,660
1338,28/08/16 18,0,0.173128,0.674002,0.152870,0.998378,0.841320,0.000502,0.147342,0.149038,31,664
1339,28/08/16 19,0,0.182799,0.643449,0.173752,0.997913,0.841227,0.001706,0.147539,0.165590,31,664
1340,28/08/16 20,0,0.189738,0.615958,0.194304,0.997900,0.841270,0.001723,0.147503,0.177288,31,663
1341,28/08/16 21,0,0.194301,0.599596,0.206103,0.997798,0.841628,0.001854,0.147078,0.169640,31,662
1342,28/08/16 22,0,0.159627,0.706393,0.133980,0.997713,0.840409,0.001963,0.148694,0.177248,31,664
1343,28/08/16 23,0,0.162906,0.692897,0.144197,0.997979,0.839384,0.001538,0.150062,0.138041,31,662
1344,29/08/16 00,0,0.145803,0.718273,0.135924,0.998262,0.839208,0.001198,0.150357,0.169688,31,657
1345,29/08/16 01,0,0.146535,0.735221,0.125082,0.998262,0.839139,0.001198,0.150402,0.169688,31,657
1346,29/08/16 02,0,0.142800,0.731552,0.125648,0.998272,0.837933,0.001136,0.152073,0.132153,31,659
1347,29/08/16 03,0,0.135156,0.742251,0.122594,0.998303,0.836665,0.000949,0.153837,0.117036,31,657
1348,29/08/16 04,0,0.127117,0.768456,0.111630,0.998303,0.838000,0.000798,0.151907,0.234791,31,655
1349,29/08/16 05,0,0.156192,0.710068,0.141494,0.998358,0.838950,0.000621,0.150581,0.234791,31,657
1350,29/08/16 06,0,0.172425,0.666805,0.160770,0.998262,0.837939,0.001194,0.151944,0.185949,31,664
1351,29/08/16 07,0,0.111614,0.797472,0.090914,0.998303,0.835894,0.000930,0.154767,0.144817,31,664
1352,29/08/16 08,0,0.102532,0.835945,0.061523,0.998341,0.834446,0.000724,0.156755,0.112784,31,654
1353,29/08/16 09,0,0.126421,0.731770,0.141810,0.997853,0.835122,0.001782,0.155444,0.387965,31,652
1354,29/08/16 10,0,0.122961,0.782950,0.094090,0.997978,0.834476,0.001519,0.156345,0.302147,31,654
1355,29/08/16 11,0,0.126354,0.771531,0.102115,0.998236,0.834124,0.001183,0.156871,0.235313,31,658
1356,29/08/16 12,0,0.128391,0.764014,0.107595,0.998294,0.833853,0.000921,0.157343,0.183262,31,655
1357,29/08/16 13,0,0.129704,0.758829,0.111467,0.998342,0.833563,0.000717,0.157833,0.142724,31,655
1358,29/08/16 14,0,0.130807,0.755138,0.114271,0.998226,0.834171,0.001304,0.157040,0.169688,31,656
1359,29/08/16 15,0,0.158075,0.682152,0.159773,0.998142,0.835628,0.001411,0.154982,0.273523,31,655
1360,29/08/16 16,0,0.140226,0.762077,0.097697,0.998205,0.834695,0.001331,0.156256,0.213020,31,659
1361,29/08/16 17,0,0.083479,0.848091,0.068430,0.998239,0.833365,0.001287,0.158047,0.165900,31,662
1362,29/08/16 18,0,0.120041,0.779908,0.100052,0.998259,0.834330,0.001214,0.156647,0.252685,31,653
1363,29/08/16 19,0,0.110164,0.809066,0.080769,0.998267,0.833713,0.001169,0.157558,0.196791,31,653
1364,29/08/16 20,0,0.118274,0.802624,0.082083,0.998262,0.833337,0.001198,0.158153,0.153261,31,658
1365,29/08/16 21,0,0.128651,0.772718,0.098631,0.998267,0.834232,0.001169,0.157011,0.134508,31,654
1366,29/08/16 22,0,0.152886,0.725700,0.121414,0.998061,0.835221,0.001515,0.155713,0.147928,31,654
1367,29/08/16 23,0,0.150076,0.720942,0.128983,0.998262,0.836180,0.001198,0.154504,0.142738,31,660
1368,30/08/16 00,0,0.163879,0.688046,0.148074,0.998262,0.837572,0.001198,0.152512,0.202384,31,661
1369,30/08/16 01,0,0.178396,0.620653,0.200950,0.997824,0.838472,0.001565,0.151026,0.253171,31,662
1370,30/08/16 02,0,0.139360,0.755354,0.115832,0.997882,0.837752,0.001219,0.152060,0.197170,31,663
1371,30/08/16 03,0,0.142204,0.743273,0.114523,0.998303,0.837140,0.000949,0.152973,0.169688,31,660
1372,30/08/16 04,0,0.147129,0.741437,0.111434,0.998303,0.838642,0.000949,0.150845,0.234791,31,658
1373,30/08/16 05,0,0.148887,0.707987,0.143126,0.998272,0.838256,0.000771,0.151319,0.234791,31,662
1374,30/08/16 06,0,0.122854,0.784065,0.093080,0.997531,0.836930,0.000601,0.153159,0.182856,31,662
1375,30/08/16 07,0,0.137615,0.751083,0.111302,0.997947,0.836800,0.000468,0.153449,0.169688,31,658
1376,30/08/16 08,0,0.161179,0.698927,0.139894,0.998401,0.837255,0.000364,0.152857,0.169688,31,655
1377,30/08/16 09,0,0.113144,0.810175,0.078964,0.997814,0.835999,0.001833,0.154564,0.132153,31,659
1378,30/08/16 10,0,0.113547,0.798550,0.087903,0.997713,0.834945,0.001963,0.155963,0.107977,31,658
1379,30/08/16 11,0,0.119219,0.794405,0.086377,0.997713,0.834064,0.001696,0.157175,0.105029,31,655
1380,30/08/16 12,0,0.109020,0.812272,0.078708,0.998037,0.833183,0.001321,0.158385,0.100442,31,653
1381,30/08/16 13,0,0.121771,0.785003,0.093225,0.998262,0.832601,0.001029,0.159194,0.106002,31,653
1382,30/08/16 14,0,0.119796,0.784081,0.096124,0.998328,0.833094,0.000801,0.158334,0.251352,31,653
1383,30/08/16 15,0,0.108309,0.810291,0.085030,0.998159,0.832974,0.001390,0.158569,0.195753,31,656
1384,30/08/16 16,0,0.109733,0.809050,0.081218,0.997836,0.832656,0.001131,0.158971,0.152453,31,655
1385,30/08/16 17,0,0.117802,0.791449,0.090749,0.998315,0.833264,0.000881,0.158215,0.137210,31,656
1386,30/08/16 18,0,0.144104,0.748304,0.108311,0.997768,0.835646,0.001892,0.154928,0.212038,31,654
1387,30/08/16 19,0,0.156198,0.716423,0.127379,0.997768,0.836603,0.001892,0.153683,0.179560,31,661
1388,30/08/16 20,0,0.146070,0.725273,0.128657,0.998077,0.835644,0.001495,0.155031,0.139841,31,662
1389,30/08/16 21,0,0.133183,0.754548,0.112269,0.998226,0.835583,0.001303,0.155160,0.114453,31,658
1390,30/08/16 22,0,0.134945,0.748242,0.116812,0.998169,0.836880,0.001377,0.153516,0.140857,31,654
1391,30/08/16 23,0,0.145628,0.739873,0.120176,0.998283,0.837791,0.001073,0.152166,0.200503,31,661
1392,31/08/16 00,0,0.165927,0.659502,0.174571,0.998315,0.838631,0.000879,0.150709,0.258814,31,663
1393,31/08/16 01,0,0.141841,0.737957,0.120202,0.998218,0.838585,0.001314,0.150838,0.201565,31,662
1394,31/08/16 02,0,0.144167,0.729869,0.125984,0.998262,0.838615,0.001198,0.150829,0.156979,31,659
1395,31/08/16 03,0,0.145772,0.723926,0.130302,0.998303,0.840277,0.000949,0.148642,0.234791,31,660
1396,31/08/16 04,0,0.148522,0.709866,0.141613,0.998303,0.840987,0.000949,0.147664,0.234791,31,663
1397,31/08/16 05,0,0.147876,0.716152,0.136036,0.997962,0.840505,0.001538,0.148385,0.182856,31,666
1398,31/08/16 06,0,0.148459,0.713614,0.137928,0.998262,0.839591,0.001198,0.149460,0.340914,31,664
1399,31/08/16 07,0,0.148946,0.711674,0.139380,0.998262,0.840229,0.001198,0.148687,0.265504,31,661
1400,31/08/16 08,0,0.158625,0.665699,0.175676,0.997943,0.840174,0.001667,0.148682,0.272344,31,660
1401,31/08/16 09,0,0.158955,0.698819,0.142226,0.997781,0.839116,0.001875,0.150273,0.212101,31,664
1402,31/08/16 10,0,0.171254,0.672356,0.156390,0.997749,0.838647,0.001876,0.151036,0.165185,31,661
1403,31/08/16 11,0,0.176397,0.657939,0.165665,0.997697,0.838681,0.001461,0.151107,0.140399,31,659
1404,31/08/16 12,0,0.136788,0.734251,0.128961,0.997835,0.837041,0.001138,0.153379,0.109343,31,660
1405,31/08/16 13,0,0.135115,0.737877,0.127008,0.998314,0.835928,0.000886,0.154932,0.101860,31,658
1406,31/08/16 14,0,0.134344,0.739813,0.125843,0.997812,0.835254,0.001835,0.155905,0.116194,31,654
1407,31/08/16 15,0,0.133919,0.740999,0.125082,0.997628,0.834493,0.001708,0.156933,0.101860,31,655
1408,31/08/16 16,0,0.133658,0.741783,0.124559,0.998107,0.835322,0.001330,0.155549,0.293002,31,655
1409,31/08/16 17,0,0.133488,0.742326,0.124186,0.998289,0.834536,0.001036,0.156587,0.228190,31,656
1410,31/08/16 18,0,0.133371,0.742714,0.123915,0.998268,0.834171,0.001160,0.157090,0.177715,31,659
1411,31/08/16 19,0,0.133288,0.742998,0.123714,0.997807,0.834166,0.001842,0.157024,0.248623,31,655
1412,31/08/16 20,0,0.133229,0.743208,0.123563,0.997853,0.833755,0.001781,0.157598,0.193628,31,656
1413,31/08/16 21,0,0.133175,0.743414,0.123411,0.998148,0.833388,0.001387,0.158090,0.150797,31,655
1414,31/08/16 22,0,0.133135,0.743571,0.123295,0.998282,0.833633,0.001080,0.157794,0.122716,31,653
1415,31/08/16 23,0,0.133104,0.743691,0.123205,0.998319,0.833631,0.000858,0.157835,0.113199,31,654
1416,01/09/16 00,0,0.145439,0.736995,0.123136,0.998112,0.833649,0.001450,0.157840,0.130090,31,655
1417,01/09/16 01,0,0.154946,0.713467,0.131587,0.997983,0.834128,0.001219,0.157246,0.131296,31,657
1418,01/09/16 02,0,0.119219,0.788657,0.092124,0.998303,0.834653,0.000949,0.156329,0.234791,31,656
1419,01/09/16 03,0,0.129422,0.767475,0.103103,0.998303,0.834324,0.000897,0.156809,0.182856,31,659
1420,01/09/16 04,0,0.117858,0.793143,0.091443,0.998262,0.834630,0.000698,0.156364,0.169688,31,656
1421,01/09/16 05,0,0.147250,0.741243,0.111507,0.998371,0.837382,0.000544,0.152643,0.234791,31,655
1422,01/09/16 06,0,0.165050,0.682620,0.162642,0.998303,0.840274,0.000949,0.148388,0.236744,31,662
1423,01/09/16 07,0,0.141839,0.726667,0.131495,0.998327,0.839035,0.000806,0.150100,0.270475,31,667
1424,01/09/16 08,0,0.131356,0.757886,0.110758,0.998044,0.837154,0.001537,0.152826,0.210646,31,666
1425,01/09/16 09,0,0.130195,0.760474,0.111877,0.998179,0.835655,0.001364,0.154954,0.164052,31,656
1426,01/09/16 10,0,0.133377,0.749154,0.117469,0.998143,0.834739,0.001411,0.156246,0.127763,31,653
1427,01/09/16 11,0,0.154965,0.709675,0.135360,0.997713,0.836342,0.001963,0.154160,0.139809,31,653
1428,01/09/16 12,0,0.167361,0.682077,0.150562,0.997713,0.837556,0.001539,0.152581,0.147629,31,656
1429,01/09/16 13,0,0.161526,0.693940,0.144534,0.997873,0.838883,0.001199,0.150593,0.213670,31,664
1430,01/09/16 14,0,0.177602,0.612501,0.209897,0.997869,0.840648,0.000933,0.147819,0.286089,31,663
1431,01/09/16 15,0,0.140109,0.755786,0.104105,0.998340,0.840746,0.000727,0.147776,0.222806,31,663
1432,01/09/16 16,0,0.149379,0.729841,0.120780,0.997713,0.840837,0.001478,0.147723,0.173522,31,666
1433,01/09/16 17,0,0.141829,0.736578,0.122464,0.998080,0.841198,0.001151,0.147115,0.283672,31,663
1434,01/09/16 18,0,0.153359,0.716686,0.129955,0.998312,0.840536,0.000896,0.148171,0.220924,31,662
1435,01/09/16 19,0,0.162904,0.693760,0.143336,0.998159,0.840280,0.001390,0.148645,0.178620,31,664
1436,01/09/16 20,0,0.176123,0.664550,0.159327,0.997713,0.839990,0.001963,0.149174,0.149218,31,661
1437,01/09/16 21,0,0.179998,0.651376,0.168626,0.997946,0.839388,0.001664,0.150099,0.142379,31,660
1438,01/09/16 22,0,0.185464,0.636900,0.177636,0.997840,0.838864,0.001800,0.150933,0.145978,31,661
1439,01/09/16 23,0,0.188330,0.627761,0.183910,0.998028,0.838870,0.001558,0.150980,0.144898,31,659
1440,02/09/16 00,0,0.136164,0.737173,0.126663,0.998041,0.837683,0.001219,0.152550,0.112985,31,659
1441,02/09/16 01,0,0.134638,0.740139,0.125223,0.998303,0.836419,0.000949,0.154205,0.101870,31,659
1442,02/09/16 02,0,0.133981,0.741548,0.124471,0.997857,0.835400,0.001538,0.155584,0.104364,31,654
1443,02/09/16 03,0,0.133640,0.742338,0.124023,0.998262,0.834955,0.001198,0.156146,0.112480,31,654
1444,02/09/16 04,0,0.130774,0.756628,0.112599,0.998303,0.836799,0.000949,0.153603,0.234791,31,654
1445,02/09/16 05,0,0.148814,0.707970,0.143216,0.998305,0.838308,0.000942,0.151522,0.234791,31,659
1446,02/09/16 06,0,0.117806,0.809371,0.072824,0.998326,0.836815,0.000813,0.153522,0.182856,31,665
1447,02/09/16 07,0,0.089702,0.839631,0.070667,0.997781,0.835020,0.001876,0.155992,0.142408,31,663
1448,02/09/16 08,0,0.098356,0.827313,0.074330,0.997768,0.834202,0.001892,0.157080,0.110908,31,653
1449,02/09/16 09,0,0.138589,0.733258,0.140059,0.997773,0.837224,0.001822,0.152586,0.372971,31,651
1450,02/09/16 10,0,0.117720,0.811070,0.080613,0.998136,0.836756,0.001419,0.153290,0.290470,31,659
1451,02/09/16 11,0,0.102783,0.818459,0.079239,0.998223,0.835741,0.001242,0.154706,0.226218,31,664
1452,02/09/16 12,0,0.118305,0.802549,0.079146,0.998290,0.835166,0.000967,0.155601,0.176179,31,656
1453,02/09/16 13,0,0.128142,0.774647,0.097210,0.998336,0.835172,0.000753,0.155718,0.137208,31,654
1454,02/09/16 14,0,0.153411,0.723348,0.123241,0.998066,0.835716,0.001257,0.155038,0.155358,31,656
1455,02/09/16 15,0,0.170759,0.659579,0.169662,0.998026,0.836732,0.000979,0.153486,0.220253,31,659
1456,02/09/16 16,0,0.149496,0.729732,0.120772,0.998335,0.838510,0.000763,0.150890,0.252018,31,660
1457,02/09/16 17,0,0.168578,0.670770,0.163677,0.998060,0.841134,0.001494,0.147004,0.264013,31,665
1458,02/09/16 18,0,0.148294,0.733963,0.119455,0.998268,0.840859,0.001164,0.147584,0.205614,31,669
1459,02/09/16 19,0,0.121375,0.770433,0.108192,0.998241,0.839062,0.001284,0.150180,0.160132,31,664
1460,02/09/16 20,0,0.104397,0.813549,0.082054,0.998165,0.836896,0.001382,0.153171,0.124711,31,660
1461,02/09/16 21,0,0.103682,0.820515,0.075804,0.998205,0.835342,0.001331,0.155356,0.097125,31,655
1462,02/09/16 22,0,0.114367,0.805170,0.081988,0.998193,0.834752,0.001346,0.156205,0.125691,31,652
1463,02/09/16 23,0,0.138190,0.756756,0.105054,0.997837,0.834140,0.001803,0.157091,0.133104,31,654
1464,03/09/16 00,0,0.137963,0.747298,0.114739,0.997713,0.833217,0.001962,0.158399,0.110867,31,656
1465,03/09/16 01,0,0.102021,0.821524,0.076455,0.997741,0.832459,0.001565,0.159449,0.093099,31,653
1466,03/09/16 02,0,0.115995,0.794110,0.089896,0.997832,0.832694,0.001219,0.159188,0.120275,31,653
1467,03/09/16 03,0,0.118390,0.797284,0.086461,0.998303,0.833483,0.000949,0.158112,0.169688,31,652
1468,03/09/16 04,0,0.147879,0.738734,0.113387,0.998303,0.836217,0.000949,0.154404,0.234791,31,656
1469,03/09/16 05,0,0.149275,0.705397,0.145328,0.998221,0.837045,0.000892,0.153255,0.234791,31,664
1470,03/09/16 06,0,0.090880,0.835105,0.074015,0.997370,0.835441,0.000695,0.155367,0.182856,31,666
1471,03/09/16 07,0,0.104205,0.827306,0.075050,0.997935,0.834902,0.000541,0.156071,0.142408,31,657
1472,03/09/16 08,0,0.127269,0.784676,0.091160,0.998391,0.836100,0.000422,0.154469,0.169688,31,651
1473,03/09/16 09,0,0.153573,0.717450,0.128976,0.998159,0.836960,0.001390,0.153329,0.169688,31,658
1474,03/09/16 10,0,0.138398,0.753419,0.108182,0.997768,0.836826,0.001892,0.153587,0.132153,31,661
1475,03/09/16 11,0,0.130751,0.762222,0.107027,0.997768,0.837734,0.001892,0.152357,0.114453,31,661
1476,03/09/16 12,0,0.134866,0.753626,0.113040,0.997951,0.838666,0.001608,0.151139,0.137471,31,658
1477,03/09/16 13,0,0.157994,0.706973,0.135032,0.998253,0.839799,0.001253,0.149462,0.195800,31,663
1478,03/09/16 14,0,0.174798,0.630327,0.194875,0.998294,0.840760,0.001005,0.147807,0.265398,31,665
1479,03/09/16 15,0,0.141844,0.737926,0.120230,0.998314,0.840545,0.000883,0.148143,0.206692,31,662
1480,03/09/16 16,0,0.144149,0.729845,0.126007,0.998322,0.841183,0.000838,0.147091,0.283672,31,661
1481,03/09/16 17,0,0.145773,0.723906,0.130321,0.998262,0.841054,0.001196,0.147412,0.220924,31,663
1482,03/09/16 18,0,0.149727,0.719478,0.133574,0.997913,0.840747,0.001706,0.147996,0.172056,31,663
1483,03/09/16 19,0,0.156166,0.709798,0.136045,0.997473,0.839611,0.002271,0.149703,0.136620,31,662
1484,03/09/16 20,0,0.167492,0.683729,0.148779,0.997626,0.838999,0.002074,0.150686,0.141659,31,660
1485,03/09/16 21,0,0.174565,0.665127,0.160308,0.997979,0.838670,0.001621,0.151216,0.141839,31,659
1486,03/09/16 22,0,0.185183,0.630214,0.184602,0.998061,0.839151,0.001515,0.150551,0.177738,31,660
1487,03/09/16 23,0,0.136378,0.736179,0.127443,0.997814,0.838202,0.001834,0.151840,0.143361,31,661
1488,04/09/16 00,0,0.153439,0.717687,0.128873,0.997616,0.837731,0.001975,0.152446,0.187695,31,661
1489,04/09/16 01,0,0.136034,0.740541,0.124953,0.997918,0.836934,0.001538,0.153503,0.146177,31,658
1490,04/09/16 02,0,0.133738,0.741867,0.124395,0.998262,0.836169,0.001198,0.154536,0.113843,31,657
1491,04/09/16 03,0,0.139943,0.757591,0.102466,0.998303,0.837009,0.000949,0.153320,0.234791,31,655
1492,04/09/16 04,0,0.148826,0.707913,0.143261,0.998303,0.838250,0.000949,0.151602,0.234791,31,659
1493,04/09/16 05,0,0.167680,0.643347,0.188973,0.997370,0.839533,0.001975,0.149800,0.234791,31,660
1494,04/09/16 06,0,0.165335,0.691407,0.143258,0.997768,0.839281,0.001538,0.150052,0.228212,31,666
1495,04/09/16 07,0,0.148426,0.700125,0.157642,0.998262,0.839636,0.001198,0.149531,0.234791,31,662
1496,04/09/16 08,0,0.170147,0.619892,0.209961,0.998262,0.839225,0.001198,0.150111,0.234791,31,662
1497,04/09/16 09,0,0.102532,0.824776,0.082708,0.997970,0.837354,0.001632,0.152717,0.182856,31,661
1498,04/09/16 10,0,0.118253,0.802836,0.078912,0.997853,0.836160,0.001762,0.154410,0.142408,31,657
1499,04/09/16 11,0,0.126323,0.780920,0.093261,0.998110,0.836351,0.001372,0.154199,0.122206,31,654
1500,04/09/16 12,0,0.151560,0.732816,0.115624,0.998279,0.838769,0.001069,0.150930,0.179367,31,655
1501,04/09/16 13,0,0.157899,0.711146,0.130956,0.998323,0.839306,0.000832,0.150256,0.144619,31,661
1502,04/09/16 14,0,0.164272,0.689812,0.147524,0.998074,0.840092,0.000979,0.149107,0.208967,31,666
1503,04/09/16 15,0,0.178862,0.608635,0.212503,0.998335,0.840124,0.000763,0.148700,0.284208,31,664
1504,04/09/16 16,0,0.134425,0.768393,0.109925,0.998262,0.838415,0.001198,0.151086,0.221341,31,664
1505,04/09/16 17,0,0.138956,0.750328,0.110716,0.998262,0.837102,0.001198,0.152950,0.172381,31,659
1506,04/09/16 18,0,0.117473,0.780035,0.102492,0.998100,0.835329,0.001465,0.155412,0.134250,31,655
1507,04/09/16 19,0,0.092658,0.838903,0.074208,0.998157,0.833911,0.001393,0.157387,0.104554,31,654
1508,04/09/16 20,0,0.106584,0.813361,0.080055,0.998159,0.833359,0.001390,0.158181,0.101860,31,652
1509,04/09/16 21,0,0.127548,0.775195,0.097256,0.998267,0.832972,0.001167,0.158739,0.118025,31,652
1510,04/09/16 22,0,0.131469,0.761532,0.106999,0.998176,0.833101,0.001368,0.158623,0.112113,31,654
1511,04/09/16 23,0,0.103742,0.815881,0.085465,0.998273,0.832559,0.001129,0.159377,0.087314,31,654
1512,05/09/16 00,0,0.090022,0.842917,0.067785,0.997723,0.831907,0.001565,0.160325,0.074309,31,656
1513,05/09/16 01,0,0.103108,0.819226,0.077666,0.997822,0.831596,0.001219,0.160800,0.090381,31,653
1514,05/09/16 02,0,0.119558,0.791514,0.090812,0.998303,0.831646,0.000949,0.160739,0.134749,31,652
1515,05/09/16 03,0,0.118083,0.795265,0.086652,0.998303,0.833907,0.000949,0.157595,0.234791,31,654
1516,05/09/16 04,0,0.148571,0.709117,0.142312,0.998303,0.835726,0.000949,0.155037,0.234791,31,656
1517,05/09/16 05,0,0.118830,0.801473,0.079697,0.998299,0.834611,0.000974,0.156499,0.182856,31,666
1518,05/09/16 06,0,0.109293,0.811464,0.079243,0.998303,0.833750,0.000949,0.157640,0.142408,31,661
1519,05/09/16 07,0,0.128383,0.750644,0.120973,0.998303,0.835617,0.000949,0.155096,0.234791,31,652
1520,05/09/16 08,0,0.158985,0.615792,0.225223,0.997768,0.838383,0.001892,0.150811,0.446499,31,658
1521,05/09/16 09,0,0.138238,0.765232,0.096530,0.997768,0.838391,0.001892,0.150950,0.347734,31,666
1522,05/09/16 10,0,0.139402,0.750506,0.110092,0.997940,0.838018,0.001491,0.151635,0.270815,31,663
1523,05/09/16 11,0,0.130371,0.764813,0.104816,0.998268,0.838615,0.001161,0.150931,0.210911,31,661
1524,05/09/16 12,0,0.133056,0.755557,0.111387,0.998190,0.838781,0.001254,0.150751,0.164258,31,657
1525,05/09/16 13,0,0.155849,0.712923,0.131227,0.998287,0.839184,0.000977,0.150196,0.183574,31,664
1526,05/09/16 14,0,0.173195,0.640838,0.185967,0.998335,0.839959,0.000761,0.148880,0.248468,31,661
1527,05/09/16 15,0,0.141848,0.737879,0.120272,0.998036,0.840510,0.001548,0.148149,0.193507,31,661
1528,05/09/16 16,0,0.145069,0.729811,0.126038,0.997869,0.840709,0.001762,0.148020,0.150704,31,664
1529,05/09/16 17,0,0.145775,0.723882,0.130343,0.997520,0.839787,0.002211,0.149331,0.117368,31,662
1530,05/09/16 18,0,0.146950,0.719460,0.133590,0.997450,0.839678,0.002301,0.149345,0.264680,31,659
1531,05/09/16 19,0,0.147815,0.716127,0.136058,0.997713,0.838601,0.001963,0.150969,0.206133,31,659
1532,05/09/16 20,0,0.162110,0.695182,0.142708,0.997893,0.838472,0.001731,0.151292,0.160536,31,658
1533,05/09/16 21,0,0.171370,0.672804,0.155827,0.997827,0.838485,0.001816,0.151375,0.141659,31,658
1534,05/09/16 22,0,0.182333,0.645726,0.171941,0.997486,0.839179,0.002255,0.150524,0.155242,31,661
1535,05/09/16 23,0,0.189838,0.617322,0.192840,0.997406,0.839691,0.001864,0.149856,0.175489,31,663
1536,06/09/16 00,0,0.173171,0.673685,0.153144,0.997585,0.838364,0.001452,0.151650,0.158717,31,663
1537,06/09/16 01,0,0.149705,0.708847,0.141448,0.998080,0.837131,0.001131,0.153268,0.123609,31,661
1538,06/09/16 02,0,0.134208,0.740465,0.125327,0.998303,0.836705,0.000880,0.153796,0.125826,31,655
1539,06/09/16 03,0,0.121787,0.774988,0.103226,0.998303,0.836565,0.000686,0.153999,0.169688,31,656
1540,06/09/16 04,0,0.146585,0.744809,0.108606,0.998263,0.836992,0.000534,0.153306,0.228212,31,658
1541,06/09/16 05,0,0.118689,0.794579,0.087209,0.997822,0.836832,0.000416,0.153472,0.234791,31,658
1542,06/09/16 06,0,0.128566,0.777621,0.093814,0.998303,0.835509,0.000324,0.155290,0.182856,31,660
1543,06/09/16 07,0,0.144554,0.739820,0.115626,0.998327,0.835663,0.000252,0.155089,0.169688,31,657
1544,06/09/16 08,0,0.156227,0.711010,0.132762,0.998263,0.835530,0.001190,0.155283,0.169688,31,654
1545,06/09/16 09,0,0.142877,0.723784,0.133339,0.998064,0.834720,0.001511,0.156245,0.242300,31,659
1546,06/09/16 10,0,0.118995,0.764301,0.116703,0.997853,0.834301,0.001782,0.156803,0.188703,31,656
1547,06/09/16 11,0,0.128165,0.760016,0.118202,0.997984,0.835245,0.001470,0.155293,0.330987,31,654
1548,06/09/16 12,0,0.118521,0.800529,0.080950,0.998271,0.835019,0.001145,0.155701,0.257773,31,659
1549,06/09/16 13,0,0.125966,0.779393,0.094640,0.998312,0.834548,0.000897,0.156404,0.200754,31,658
1550,06/09/16 14,0,0.130245,0.765681,0.104074,0.998276,0.834833,0.001115,0.156136,0.156347,31,655
1551,06/09/16 15,0,0.144199,0.746925,0.110810,0.998221,0.836492,0.001309,0.153964,0.141610,31,657
1552,06/09/16 16,0,0.164102,0.682083,0.153815,0.997853,0.839860,0.001072,0.149065,0.226120,31,661
1553,06/09/16 17,0,0.173717,0.645574,0.180709,0.998322,0.840316,0.000835,0.148478,0.199534,31,669
1554,06/09/16 18,0,0.145263,0.716686,0.138051,0.997898,0.841140,0.001725,0.147473,0.155397,31,665
1555,06/09/16 19,0,0.138189,0.747321,0.132488,0.998167,0.841387,0.001380,0.146817,0.415978,31,663
1556,06/09/16 20,0,0.144610,0.743165,0.112224,0.998157,0.840804,0.001393,0.147811,0.323964,31,666
1557,06/09/16 21,0,0.154969,0.720086,0.125128,0.998253,0.840369,0.001253,0.148569,0.252303,31,662
1558,06/09/16 22,0,0.168525,0.687590,0.143885,0.998266,0.840367,0.001176,0.148733,0.196494,31,661
1559,06/09/16 23,0,0.178907,0.633933,0.190637,0.998255,0.840312,0.001240,0.148761,0.251369,31,663
1560,07/09/16 00,0,0.187003,0.581279,0.231718,0.997797,0.840460,0.001855,0.148500,0.246737,31,663
1561,07/09/16 01,0,0.183853,0.637256,0.178891,0.997980,0.840391,0.001538,0.148621,0.192159,31,662
1562,07/09/16 02,0,0.178494,0.644847,0.176659,0.998262,0.840477,0.001198,0.148557,0.149653,31,660
1563,07/09/16 03,0,0.117405,0.806845,0.080774,0.998299,0.839251,0.000974,0.150238,0.169688,31,660
1564,07/09/16 04,0,0.146844,0.743533,0.109624,0.998303,0.839969,0.000949,0.149105,0.234791,31,660
1565,07/09/16 05,0,0.149170,0.706343,0.144487,0.998159,0.839261,0.001390,0.150015,0.234791,31,659
1566,07/09/16 06,0,0.105678,0.824224,0.073973,0.998262,0.837277,0.001198,0.152791,0.182856,31,661
1567,07/09/16 07,0,0.110412,0.820771,0.072258,0.998262,0.835775,0.001182,0.154851,0.142408,31,657
1568,07/09/16 08,0,0.130440,0.733869,0.135691,0.998308,0.836639,0.000921,0.153501,0.300666,31,653
1569,07/09/16 09,0,0.124310,0.765318,0.110372,0.997900,0.835976,0.000747,0.154353,0.242300,31,655
1570,07/09/16 10,0,0.118644,0.770373,0.110983,0.998365,0.834701,0.000582,0.156105,0.188703,31,659
1571,07/09/16 11,0,0.114314,0.810019,0.075667,0.997910,0.834191,0.001691,0.156826,0.146962,31,654
1572,07/09/16 12,0,0.118658,0.796193,0.085149,0.997768,0.833940,0.001317,0.157254,0.114454,31,652
1573,07/09/16 13,0,0.100294,0.824546,0.075160,0.997892,0.833203,0.001026,0.158306,0.089137,31,655
1574,07/09/16 14,0,0.109588,0.806321,0.084379,0.998156,0.832928,0.000799,0.158750,0.101860,31,656
1575,07/09/16 15,0,0.111284,0.813501,0.077010,0.998298,0.832476,0.000622,0.159385,0.115706,31,654
1576,07/09/16 16,0,0.109928,0.811658,0.078414,0.998281,0.831854,0.000484,0.160190,0.101545,31,654
1577,07/09/16 17,0,0.109210,0.818030,0.072761,0.998112,0.831423,0.000377,0.160746,0.112554,31,653
1578,07/09/16 18,0,0.117840,0.809083,0.073077,0.998382,0.832032,0.000294,0.159971,0.169688,31,652
1579,07/09/16 19,0,0.120650,0.743079,0.136271,0.998135,0.833508,0.001421,0.157527,0.420110,31,654
1580,07/09/16 20,0,0.118476,0.801288,0.087207,0.998151,0.833507,0.001400,0.157662,0.327182,31,658
1581,07/09/16 21,0,0.125915,0.780063,0.094022,0.998219,0.834115,0.001138,0.156974,0.254809,31,659
1582,07/09/16 22,0,0.139807,0.751411,0.108782,0.998314,0.835321,0.000886,0.155442,0.198446,31,657
1583,07/09/16 23,0,0.163104,0.679611,0.157285,0.998311,0.836800,0.000904,0.153459,0.223574,31,659
1584,08/09/16 00,0,0.179757,0.594566,0.225677,0.998126,0.839027,0.001431,0.150350,0.302328,31,665
1585,08/09/16 01,0,0.188075,0.568944,0.242982,0.998044,0.839858,0.001537,0.149032,0.235453,31,664
1586,08/09/16 02,0,0.193839,0.552096,0.254065,0.998262,0.840821,0.001198,0.147363,0.288910,31,667
1587,08/09/16 03,0,0.144669,0.743532,0.138199,0.998303,0.839096,0.000949,0.149937,0.225003,31,667
1588,08/09/16 04,0,0.127224,0.763504,0.109272,0.998303,0.837775,0.000949,0.151897,0.175233,31,660
1589,08/09/16 05,0,0.120205,0.778146,0.109333,0.997761,0.837800,0.001150,0.151946,0.169688,31,656
1590,08/09/16 06,0,0.146831,0.742995,0.110173,0.997913,0.839810,0.000896,0.149165,0.234791,31,656
1591,08/09/16 07,0,0.104809,0.816414,0.080115,0.998345,0.837809,0.000698,0.151952,0.182856,31,664
1592,08/09/16 08,0,0.111568,0.801326,0.087106,0.998308,0.836596,0.000921,0.153616,0.142408,31,662
1593,08/09/16 09,0,0.117029,0.788715,0.094255,0.997594,0.835722,0.002116,0.154842,0.117066,31,653
1594,08/09/16 10,0,0.115016,0.800451,0.091621,0.997913,0.834998,0.001706,0.155872,0.106503,31,654
1595,08/09/16 11,0,0.118016,0.788829,0.093155,0.997713,0.834081,0.001656,0.157121,0.096870,31,655
1596,08/09/16 12,0,0.135978,0.754975,0.109047,0.997514,0.833553,0.001290,0.157889,0.121000,31,656
1597,08/09/16 13,0,0.121337,0.775276,0.103387,0.997713,0.834870,0.001005,0.155715,0.272010,31,653
1598,08/09/16 14,0,0.114226,0.801602,0.087414,0.997867,0.834609,0.000782,0.156179,0.211842,31,658
1599,08/09/16 15,0,0.112949,0.794197,0.092855,0.997710,0.833961,0.000609,0.157116,0.164983,31,658
1600,08/09/16 16,0,0.105430,0.816084,0.078486,0.997832,0.833296,0.000475,0.158012,0.128489,31,656
1601,08/09/16 17,0,0.116334,0.812576,0.082847,0.998262,0.833960,0.000370,0.157209,0.161143,31,655
1602,08/09/16 18,0,0.143599,0.759002,0.097400,0.998375,0.834564,0.000288,0.156490,0.144298,31,653
1603,08/09/16 19,0,0.126526,0.775418,0.098056,0.997999,0.835913,0.001595,0.154702,0.169688,31,657
1604,08/09/16 20,0,0.130662,0.762692,0.106646,0.997964,0.836544,0.001464,0.153707,0.284563,31,661
1605,08/09/16 21,0,0.150945,0.691259,0.157796,0.998020,0.838539,0.001140,0.151054,0.228212,31,659
1606,08/09/16 22,0,0.145887,0.703015,0.151097,0.998296,0.839992,0.000888,0.149140,0.177732,31,665
1607,08/09/16 23,0,0.163899,0.674691,0.161411,0.998346,0.840984,0.000691,0.147577,0.242825,31,666
1608,09/09/16 00,0,0.179603,0.590279,0.230118,0.998299,0.841768,0.000953,0.146113,0.307720,31,667
1609,09/09/16 01,0,0.180597,0.647464,0.171939,0.998338,0.841803,0.000743,0.146271,0.239653,31,667
1610,09/09/16 02,0,0.163703,0.694661,0.152182,0.998044,0.841853,0.001538,0.146296,0.186642,31,665
1611,09/09/16 03,0,0.151893,0.713393,0.136064,0.997980,0.842157,0.001538,0.145977,0.234791,31,664
1612,09/09/16 04,0,0.148461,0.713589,0.137950,0.998262,0.841253,0.001198,0.147307,0.182856,31,664
1613,09/09/16 05,0,0.148948,0.711655,0.139398,0.998303,0.840575,0.000949,0.148314,0.169688,31,662
1614,09/09/16 06,0,0.149317,0.710170,0.140513,0.997571,0.841574,0.002146,0.146915,0.234791,31,659
1615,09/09/16 07,0,0.155655,0.674127,0.170218,0.997726,0.841543,0.001946,0.146770,0.321324,31,661
1616,09/09/16 08,0,0.156438,0.703054,0.142039,0.997883,0.840575,0.001745,0.148303,0.250248,31,664
1617,09/09/16 09,0,0.171371,0.672094,0.156535,0.997765,0.839737,0.001709,0.149591,0.194893,31,662
1618,09/09/16 10,0,0.179014,0.652887,0.168099,0.997658,0.839375,0.001331,0.150217,0.151783,31,661
1619,09/09/16 11,0,0.136868,0.733873,0.129259,0.997926,0.837889,0.001036,0.152295,0.118209,31,659
1620,09/09/16 12,0,0.135175,0.737590,0.127235,0.998327,0.836541,0.000807,0.154118,0.101860,31,658
1621,09/09/16 13,0,0.134390,0.739592,0.126018,0.998033,0.835903,0.001551,0.155017,0.108520,31,655
1622,09/09/16 14,0,0.136661,0.740828,0.125217,0.997676,0.835681,0.002011,0.155330,0.116833,31,654
1623,09/09/16 15,0,0.141048,0.740102,0.124664,0.997761,0.836569,0.001580,0.153929,0.252685,31,655
1624,09/09/16 16,0,0.138067,0.740898,0.124268,0.998257,0.836129,0.001231,0.154583,0.196791,31,658
1625,09/09/16 17,0,0.129253,0.754019,0.116728,0.998186,0.835878,0.001252,0.154907,0.169688,31,659
1626,09/09/16 18,0,0.117056,0.792769,0.100322,0.998262,0.835407,0.000975,0.155563,0.157773,31,658
1627,09/09/16 19,0,0.125097,0.768969,0.105935,0.998335,0.834486,0.000759,0.156813,0.122874,31,656
1628,09/09/16 20,0,0.128821,0.758920,0.112259,0.998299,0.833630,0.000974,0.157969,0.101860,31,656
1629,09/09/16 21,0,0.130499,0.753767,0.115734,0.998265,0.833282,0.001106,0.158438,0.101860,31,653
1630,09/09/16 22,0,0.131384,0.750755,0.117861,0.998309,0.833227,0.000861,0.158537,0.116821,31,653
1631,09/09/16 23,0,0.131902,0.748842,0.119255,0.998350,0.833034,0.000671,0.158799,0.101860,31,654
1632,10/09/16 00,0,0.132228,0.747560,0.120212,0.998226,0.832841,0.001304,0.159073,0.103533,31,655
1633,10/09/16 01,0,0.132948,0.746667,0.120890,0.998180,0.832870,0.001219,0.159014,0.106858,31,655
1634,10/09/16 02,0,0.127737,0.757161,0.115103,0.998303,0.833144,0.000949,0.158660,0.105009,31,654
1635,10/09/16 03,0,0.129111,0.784005,0.102934,0.998257,0.834978,0.001225,0.156111,0.234791,31,655
1636,10/09/16 04,0,0.125593,0.777746,0.096661,0.998262,0.835037,0.001020,0.155955,0.182856,31,660
1637,10/09/16 05,0,0.146869,0.738168,0.115541,0.998303,0.835885,0.000795,0.154744,0.200037,31,661
1638,10/09/16 06,0,0.110460,0.817716,0.077611,0.998359,0.835861,0.000619,0.154844,0.155789,31,659
1639,10/09/16 07,0,0.124625,0.777885,0.100271,0.998068,0.836115,0.001506,0.154362,0.234791,31,658
1640,10/09/16 08,0,0.126012,0.779350,0.094638,0.998207,0.835121,0.001328,0.155789,0.182856,31,659
1641,10/09/16 09,0,0.132697,0.759252,0.112211,0.998189,0.835207,0.001351,0.155633,0.218555,31,657
1642,10/09/16 10,0,0.132963,0.756333,0.110705,0.997713,0.835193,0.001963,0.155668,0.200037,31,656
1643,10/09/16 11,0,0.135587,0.749595,0.115623,0.997713,0.836289,0.001865,0.154287,0.155789,31,656
1644,10/09/16 12,0,0.154473,0.713736,0.131790,0.997787,0.837539,0.001452,0.152564,0.175109,31,660
1645,10/09/16 13,0,0.166792,0.674476,0.161613,0.997880,0.838697,0.001131,0.150737,0.243766,31,664
1646,10/09/16 14,0,0.132342,0.762581,0.116843,0.998315,0.838897,0.000881,0.150498,0.189845,31,663
1647,10/09/16 15,0,0.145805,0.741468,0.112727,0.997769,0.839418,0.001538,0.149815,0.147851,31,662
1648,10/09/16 16,0,0.134639,0.750875,0.114486,0.998262,0.839769,0.001198,0.149144,0.271344,31,662
1649,10/09/16 17,0,0.142361,0.742756,0.115024,0.998254,0.839070,0.001243,0.150178,0.211323,31,664
1650,10/09/16 18,0,0.144999,0.731422,0.123579,0.997713,0.838805,0.001963,0.150699,0.169688,31,662
1651,10/09/16 19,0,0.159618,0.701582,0.138800,0.997713,0.838536,0.001963,0.151214,0.137880,31,658
1652,10/09/16 20,0,0.170077,0.677191,0.152732,0.997713,0.838320,0.001963,0.151598,0.142199,31,660
1653,10/09/16 21,0,0.180545,0.652694,0.166761,0.997880,0.838348,0.001748,0.151694,0.149038,31,660
1654,10/09/16 22,0,0.187456,0.634539,0.178005,0.997713,0.838502,0.001963,0.151586,0.149577,31,660
1655,10/09/16 23,0,0.189176,0.626692,0.184132,0.997732,0.838828,0.001939,0.151183,0.145078,31,661
1656,11/09/16 00,0,0.156505,0.708866,0.134628,0.997769,0.838176,0.001565,0.152005,0.184679,31,662
1657,11/09/16 01,0,0.136298,0.737897,0.125805,0.997822,0.836997,0.001219,0.153518,0.143828,31,660
1658,11/09/16 02,0,0.133814,0.742338,0.123848,0.998303,0.836064,0.000949,0.154739,0.112013,31,657
1659,11/09/16 03,0,0.128023,0.765459,0.106518,0.998262,0.836283,0.001198,0.154318,0.234791,31,655
1660,11/09/16 04,0,0.148828,0.707919,0.143252,0.998281,0.837852,0.001082,0.152159,0.234791,31,658
1661,11/09/16 05,0,0.146779,0.743936,0.109286,0.998004,0.837044,0.001219,0.153193,0.182856,31,660
1662,11/09/16 06,0,0.164718,0.694403,0.140879,0.998303,0.836958,0.000949,0.153116,0.284563,31,664
1663,11/09/16 07,0,0.128334,0.750968,0.120698,0.997808,0.837231,0.001299,0.152793,0.234791,31,657
1664,11/09/16 08,0,0.158776,0.664695,0.176529,0.998293,0.838016,0.001011,0.151609,0.263014,31,658
1665,11/09/16 09,0,0.131772,0.765329,0.104343,0.998281,0.839452,0.001082,0.149839,0.204835,31,661
1666,11/09/16 10,0,0.159620,0.682743,0.157637,0.998018,0.839070,0.001509,0.150301,0.238287,31,663
1667,11/09/16 11,0,0.125835,0.780725,0.095129,0.998265,0.837669,0.001175,0.152296,0.185578,31,664
1668,11/09/16 12,0,0.130166,0.766607,0.103227,0.998309,0.837272,0.000915,0.152945,0.144528,31,656
1669,11/09/16 13,0,0.144484,0.751658,0.110175,0.998188,0.837302,0.001335,0.153000,0.153477,31,655
1670,11/09/16 14,0,0.165313,0.678895,0.155792,0.998028,0.837453,0.001040,0.152592,0.223075,31,660
1671,11/09/16 15,0,0.180941,0.595568,0.223491,0.998327,0.838135,0.000810,0.151287,0.296434,31,659
1672,11/09/16 16,0,0.136736,0.762105,0.110391,0.997996,0.837019,0.001538,0.152896,0.230863,31,660
1673,11/09/16 17,0,0.137730,0.750587,0.111684,0.998262,0.836267,0.001198,0.154015,0.179796,31,659
1674,11/09/16 18,0,0.112525,0.787759,0.099716,0.998114,0.834961,0.001447,0.155848,0.140026,31,655
1675,11/09/16 19,0,0.114642,0.806844,0.078514,0.998163,0.834012,0.001385,0.157225,0.122507,31,655
1676,11/09/16 20,0,0.116768,0.805015,0.083493,0.998239,0.833467,0.001287,0.158033,0.105308,31,653
1677,11/09/16 21,0,0.137966,0.762494,0.099540,0.998245,0.832659,0.001279,0.159175,0.131251,31,653
1678,11/09/16 22,0,0.144508,0.741310,0.114182,0.998195,0.832182,0.001344,0.159874,0.121985,31,656
1679,11/09/16 23,0,0.162436,0.703563,0.134001,0.998272,0.832155,0.001141,0.160014,0.146075,31,652
1680,12/09/16 00,0,0.138458,0.736817,0.124725,0.997723,0.831844,0.001565,0.160460,0.113763,31,654
1681,12/09/16 01,0,0.090277,0.840410,0.073457,0.997822,0.831265,0.001219,0.161264,0.088599,31,654
1682,12/09/16 02,0,0.109253,0.808636,0.082392,0.998303,0.831293,0.000949,0.161242,0.102591,31,654
1683,12/09/16 03,0,0.126096,0.776048,0.097856,0.998303,0.832132,0.000949,0.160119,0.143346,31,652
1684,12/09/16 04,0,0.118062,0.796246,0.085845,0.998262,0.834873,0.000975,0.156362,0.234791,31,656
1685,12/09/16 05,0,0.148458,0.709792,0.141749,0.998335,0.838029,0.000759,0.152047,0.234791,31,659
1686,12/09/16 06,0,0.128836,0.777452,0.093712,0.998303,0.836603,0.000949,0.153905,0.182856,31,670
1687,12/09/16 07,0,0.111391,0.811252,0.077357,0.998321,0.835439,0.000841,0.155483,0.142408,31,661
1688,12/09/16 08,0,0.131155,0.719988,0.148858,0.998262,0.835900,0.001198,0.154471,0.366640,31,652
1689,12/09/16 09,0,0.119127,0.796088,0.085450,0.998306,0.835096,0.000936,0.155659,0.285539,31,656
1690,12/09/16 10,0,0.132321,0.770765,0.097434,0.997863,0.834506,0.001769,0.156534,0.222378,31,657
1691,12/09/16 11,0,0.156835,0.708237,0.134928,0.997921,0.836067,0.001511,0.154454,0.191265,31,655
1692,12/09/16 12,0,0.149723,0.731616,0.118662,0.998252,0.838428,0.001177,0.151241,0.195064,31,657
1693,12/09/16 13,0,0.137203,0.748178,0.116882,0.998296,0.839261,0.000917,0.150151,0.151916,31,663
1694,12/09/16 14,0,0.159590,0.700035,0.140375,0.998343,0.840104,0.000714,0.148907,0.207086,31,665
1695,12/09/16 15,0,0.176175,0.619803,0.204022,0.997998,0.841198,0.001596,0.147049,0.279505,31,662
1696,12/09/16 16,0,0.141832,0.738042,0.120126,0.997824,0.841387,0.001821,0.146905,0.217679,31,662
1697,12/09/16 17,0,0.144140,0.729930,0.125930,0.997579,0.840671,0.002135,0.147944,0.169528,31,661
1698,12/09/16 18,0,0.145767,0.723970,0.130263,0.997943,0.840776,0.001667,0.147612,0.306663,31,663
1699,12/09/16 19,0,0.146944,0.719527,0.133529,0.997752,0.840205,0.001913,0.148469,0.257549,31,661
1700,12/09/16 20,0,0.155465,0.709881,0.136012,0.998041,0.839777,0.001542,0.149254,0.200580,31,661
1701,12/09/16 21,0,0.171011,0.676932,0.152058,0.997937,0.839962,0.001674,0.149188,0.156212,31,660
1702,12/09/16 22,0,0.179271,0.655554,0.165175,0.998206,0.840255,0.001329,0.148904,0.146518,31,660
1703,12/09/16 23,0,0.184475,0.640580,0.174945,0.997713,0.840354,0.001963,0.148803,0.145978,31,664
1704,13/09/16 00,0,0.190881,0.623018,0.186101,0.997425,0.840905,0.002010,0.148146,0.153443,31,664
1705,13/09/16 01,0,0.136552,0.735366,0.128082,0.997721,0.838939,0.001565,0.150764,0.119501,31,662
1706,13/09/16 02,0,0.134937,0.738725,0.126338,0.998175,0.837412,0.001219,0.152813,0.101860,31,661
1707,13/09/16 03,0,0.116319,0.808359,0.085834,0.998303,0.836407,0.000949,0.154219,0.133386,31,653
1708,13/09/16 04,0,0.127521,0.777857,0.094621,0.998303,0.838073,0.000944,0.151864,0.234791,31,655
1709,13/09/16 05,0,0.148982,0.707145,0.143874,0.997845,0.839364,0.000735,0.150057,0.234791,31,658
1710,13/09/16 06,0,0.120522,0.775238,0.104240,0.997929,0.837387,0.000572,0.152602,0.270475,31,665
1711,13/09/16 07,0,0.067558,0.864135,0.068307,0.998387,0.835316,0.000446,0.155457,0.210646,31,662
1712,13/09/16 08,0,0.102601,0.835706,0.063834,0.997768,0.834148,0.001839,0.157068,0.164052,31,652
1713,13/09/16 09,0,0.116734,0.801320,0.081945,0.997936,0.833531,0.001432,0.157906,0.127763,31,651
1714,13/09/16 10,0,0.126083,0.779853,0.094282,0.998276,0.833536,0.001116,0.157899,0.117120,31,653
1715,13/09/16 11,0,0.122184,0.765423,0.112392,0.998278,0.834512,0.001101,0.156352,0.292336,31,653
1716,13/09/16 12,0,0.112185,0.805590,0.082225,0.998164,0.834062,0.001284,0.157039,0.227671,31,657
1717,13/09/16 13,0,0.104856,0.810646,0.084498,0.998286,0.833266,0.001000,0.158226,0.177311,31,657
1718,13/09/16 14,0,0.106481,0.811192,0.082326,0.998332,0.832914,0.000778,0.158746,0.138090,31,655
1719,13/09/16 15,0,0.108118,0.803404,0.088478,0.998051,0.832558,0.001112,0.159255,0.107544,31,654
1720,13/09/16 16,0,0.105338,0.813210,0.081452,0.997972,0.832125,0.000866,0.159796,0.101860,31,655
1721,13/09/16 17,0,0.105837,0.825256,0.070329,0.998349,0.831875,0.000675,0.160145,0.107855,31,654
1722,13/09/16 18,0,0.121104,0.764394,0.114503,0.998318,0.834420,0.000862,0.156535,0.308329,31,653
1723,13/09/16 19,0,0.147229,0.726331,0.126440,0.998159,0.835239,0.001390,0.155437,0.240127,31,658
1724,13/09/16 20,0,0.130815,0.775668,0.093516,0.998231,0.835295,0.001297,0.155446,0.187011,31,663
1725,13/09/16 21,0,0.125760,0.781434,0.092806,0.998211,0.835236,0.001323,0.155604,0.145645,31,657
1726,13/09/16 22,0,0.140424,0.742696,0.116881,0.998205,0.836399,0.001331,0.154067,0.195778,31,657
1727,13/09/16 23,0,0.163490,0.481283,0.442567,0.998252,0.839059,0.000000,0.149229,0.850000,31,658
1728,14/09/16 00,0,0.178629,0.592977,0.228394,0.997713,0.840574,0.000000,0.147010,0.661981,31,666
1729,14/09/16 01,0,0.185537,0.590192,0.224271,0.997713,0.842325,0.000000,0.144496,0.515551,31,669
1730,14/09/16 02,0,0.180099,0.607205,0.212697,0.998064,0.841321,0.000000,0.146169,0.401512,31,666
1731,14/09/16 03,1,0.193062,0.445134,0.478388,0.998303,0.840513,0.000000,0.146217,0.850000,31,666
1732,14/09/16 04,1,0.189196,0.279616,0.640585,0.998303,0.838941,0.000000,0.147311,0.850000,31,658
1733,14/09/16 05,1,0.196383,0.415301,0.388317,0.998326,0.840750,0.000000,0.145489,0.661981,31,659
1734,14/09/16 06,1,0.198647,0.468760,0.332593,0.997134,0.841929,0.000000,0.144379,0.515551,31,659
1735,14/09/16 07,1,0.201109,0.491627,0.307265,0.997713,0.840925,0.000000,0.146247,0.401512,31,667
1736,14/09/16 08,1,0.210840,0.404188,0.511485,0.997713,0.839563,0.000000,0.147188,0.850000,31,663
1737,14/09/16 09,1,0.212317,0.399885,0.387798,0.997883,0.838760,0.000000,0.148644,0.661981,31,658
1738,14/09/16 10,1,0.211922,0.417722,0.370356,0.998340,0.838148,0.000000,0.149822,0.515551,31,658
1739,14/09/16 11,1,0.207351,0.311247,0.523329,0.997749,0.837308,0.000000,0.149865,0.850000,31,658
1740,14/09/16 12,1,0.207421,0.396307,0.396271,0.997484,0.836606,0.000000,0.151468,0.661981,31,656
1741,14/09/16 13,1,0.212534,0.351282,0.571087,0.997640,0.836333,0.000000,0.151178,0.850000,31,657
1742,14/09/16 14,1,0.214360,0.216213,0.703354,0.997743,0.836508,0.000000,0.150453,0.850000,31,657
1743,14/09/16 15,1,0.216214,0.147345,0.771269,0.997713,0.835960,0.000000,0.150546,0.850000,31,658
1744,14/09/16 16,1,0.220679,0.105212,0.812939,0.997882,0.835490,0.000000,0.150737,0.850000,31,657
1745,14/09/16 17,1,0.217035,0.077098,0.840787,0.998350,0.836808,0.000000,0.148152,0.850000,31,655
1746,14/09/16 18,1,0.219289,0.057397,0.860319,0.998301,0.837436,0.000000,0.147318,0.850000,31,658
1747,14/09/16 19,1,0.217273,0.308056,0.474671,0.997907,0.837563,0.000000,0.148262,0.661981,31,660
1748,14/09/16 20,1,0.215434,0.225589,0.695606,0.997810,0.838137,0.000000,0.146968,0.850000,31,662
1749,14/09/16 21,1,0.212748,0.124544,0.794243,0.998279,0.840560,0.000000,0.143798,0.850000,31,658
1750,14/09/16 22,1,0.213282,0.080235,0.837847,0.998323,0.842580,0.000000,0.141056,0.850000,31,662
1751,14/09/16 23,1,0.214380,0.055584,0.862194,0.998338,0.844357,0.000000,0.138429,0.850000,31,674
1752,15/09/16 00,1,0.217095,0.363680,0.419225,0.998330,0.845800,0.000000,0.137024,0.661981,31,673
1753,15/09/16 01,1,0.212971,0.422571,0.364458,0.998262,0.845901,0.000000,0.137808,0.515551,31,670
1754,15/09/16 02,1,0.212532,0.307669,0.614670,0.998359,0.844967,0.000000,0.138388,0.850000,31,667
1755,15/09/16 03,1,0.209280,0.175910,0.743461,0.998152,0.843476,0.000000,0.139896,0.850000,31,665
1756,15/09/16 04,1,0.202167,0.379645,0.418188,0.998303,0.843311,0.000000,0.141193,0.661981,31,661
1757,15/09/16 05,1,0.201532,0.443636,0.354832,0.998333,0.843715,0.000000,0.141376,0.515551,31,661
1758,15/09/16 06,1,0.212715,0.339490,0.583112,0.998262,0.843220,0.000000,0.141435,0.850000,31,665
1759,15/09/16 07,1,0.215130,0.199892,0.719669,0.998396,0.842870,0.000000,0.141534,0.850000,31,668
1760,15/09/16 08,1,0.212823,0.132282,0.786272,0.998328,0.842580,0.000000,0.141611,0.850000,31,663
1761,15/09/16 09,1,0.215815,0.382918,0.401267,0.998300,0.842111,0.000000,0.143125,0.661981,31,664
1762,15/09/16 10,1,0.217372,0.370287,0.412341,0.998228,0.842389,0.000000,0.143366,0.515551,31,662
1763,15/09/16 11,1,0.201696,0.262171,0.589533,0.998262,0.841844,0.000000,0.143175,0.850000,31,661
1764,15/09/16 12,1,0.209178,0.195531,0.723984,0.998339,0.840466,0.000000,0.144476,0.850000,31,663
1765,15/09/16 13,1,0.216776,0.129341,0.789183,0.998326,0.840600,0.000000,0.143491,0.850000,31,660
1766,15/09/16 14,1,0.212214,0.090624,0.827443,0.998337,0.840244,0.000000,0.143887,0.850000,31,660
1767,15/09/16 15,1,0.214221,0.065627,0.852188,0.998389,0.839999,0.000000,0.144169,0.850000,31,662
1768,15/09/16 16,1,0.215174,0.357910,0.426917,0.998379,0.838892,0.000000,0.146736,0.661981,31,661
1769,15/09/16 17,1,0.214025,0.389864,0.396111,0.998353,0.838136,0.000000,0.148648,0.515551,31,660
1770,15/09/16 18,1,0.213744,0.407915,0.378341,0.998306,0.837611,0.000000,0.150026,0.401512,31,658
1771,15/09/16 19,1,0.219249,0.349744,0.431007,0.998292,0.837605,0.000000,0.150340,0.360909,31,658
1772,15/09/16 20,1,0.223608,0.295052,0.481341,0.998266,0.837397,0.000000,0.150757,0.397555,31,659
1773,15/09/16 21,0,0.225923,0.256136,0.517941,0.998294,0.837161,0.000000,0.150173,0.850000,31,659
1774,15/09/16 22,0,0.223611,0.255768,0.664303,0.998310,0.837903,0.000000,0.148490,0.850000,31,657
1775,15/09/16 23,0,0.222855,0.172521,0.746368,0.998344,0.838162,0.000000,0.147575,0.850000,31,661
1776,16/09/16 00,0,0.217867,0.121956,0.796359,0.998262,0.838646,0.000000,0.146335,0.850000,31,661
1777,16/09/16 01,0,0.213471,0.088655,0.829334,0.998283,0.838864,0.000000,0.145664,0.850000,31,663
1778,16/09/16 02,0,0.133049,0.667981,0.276248,0.998240,0.838674,0.000000,0.146900,0.661981,31,662
1779,16/09/16 03,0,0.148831,0.656659,0.217204,0.998262,0.838770,0.000000,0.147608,0.515551,31,660
1780,16/09/16 04,0,0.119167,0.707607,0.176740,0.998303,0.838243,0.000000,0.148999,0.401512,31,660
1781,16/09/16 05,0,0.149139,0.706261,0.168655,0.998392,0.837642,0.000000,0.150324,0.312698,31,660
1782,16/09/16 06,0,0.166963,0.686638,0.155903,0.998338,0.840027,0.000000,0.147340,0.270475,31,659
1783,16/09/16 07,0,0.158822,0.664210,0.176968,0.998310,0.839510,0.000000,0.148355,0.234791,31,664
1784,16/09/16 08,0,0.138230,0.756308,0.105463,0.998340,0.838248,0.000000,0.150430,0.182856,31,663
1785,16/09/16 09,0,0.130211,0.766285,0.103504,0.998340,0.836850,0.000000,0.152592,0.142408,31,657
1786,16/09/16 10,0,0.132926,0.756735,0.110339,0.998161,0.836135,0.000000,0.153798,0.124190,31,655
1787,16/09/16 11,0,0.134756,0.749894,0.115349,0.998316,0.836380,0.000000,0.153667,0.123928,31,655
1788,16/09/16 12,0,0.142983,0.735856,0.121161,0.998389,0.837212,0.000000,0.152730,0.154418,31,656
1789,16/09/16 13,0,0.162193,0.688139,0.149669,0.998316,0.839230,0.000000,0.149864,0.226837,31,661
1790,16/09/16 14,0,0.178349,0.601732,0.219919,0.998318,0.842551,0.000000,0.144658,0.303958,31,664
1791,16/09/16 15,0,0.137787,0.748683,0.120271,0.998318,0.840718,0.000000,0.147373,0.236723,31,671
1792,16/09/16 16,0,0.121247,0.775371,0.103382,0.998293,0.838827,0.000000,0.150155,0.184360,31,665
1793,16/09/16 17,0,0.119816,0.789661,0.090523,0.998296,0.837285,0.000000,0.152420,0.143580,31,655
1794,16/09/16 18,0,0.119840,0.774121,0.106039,0.998384,0.836817,0.000000,0.152893,0.309662,31,656
1795,16/09/16 19,0,0.115305,0.803280,0.081415,0.998407,0.835190,0.000000,0.155257,0.241165,31,655
1796,16/09/16 20,0,0.131120,0.768635,0.100244,0.998404,0.833979,0.000000,0.157029,0.187820,31,656
1797,16/09/16 21,0,0.123348,0.743676,0.132976,0.998347,0.834156,0.000000,0.156620,0.378292,31,652
1798,16/09/16 22,0,0.120425,0.780025,0.099551,0.998349,0.833959,0.000000,0.156962,0.294614,31,654
1799,16/09/16 23,0,0.122532,0.773435,0.106109,0.998326,0.833645,0.000000,0.157511,0.229446,31,656
1800,17/09/16 00,0,0.132227,0.758116,0.109657,0.998253,0.833350,0.000000,0.158054,0.178693,31,655
1801,17/09/16 01,0,0.123448,0.768682,0.107870,0.998303,0.832839,0.000949,0.158842,0.139166,31,657
1802,17/09/16 02,0,0.122338,0.781546,0.096116,0.998303,0.832577,0.000949,0.159248,0.108383,31,654
1803,17/09/16 03,0,0.119539,0.794253,0.086207,0.998262,0.832670,0.001198,0.159102,0.110388,31,653
1804,17/09/16 04,0,0.118962,0.792558,0.091399,0.998262,0.836243,0.001044,0.154222,0.234791,31,654
1805,17/09/16 05,0,0.148400,0.735967,0.115633,0.998326,0.836143,0.000813,0.154340,0.182856,31,662
1806,17/09/16 06,0,0.117069,0.801133,0.081799,0.998303,0.835586,0.000949,0.155205,0.142408,31,664
1807,17/09/16 07,0,0.141269,0.763450,0.095280,0.997902,0.834955,0.001720,0.156182,0.142172,31,656
1808,17/09/16 08,0,0.126486,0.772618,0.104786,0.997768,0.835891,0.001892,0.154660,0.253684,31,655
1809,17/09/16 09,0,0.130625,0.762654,0.106721,0.997962,0.836504,0.001643,0.153838,0.197569,31,657
1810,17/09/16 10,0,0.133237,0.753971,0.112793,0.997959,0.837025,0.001450,0.153148,0.153867,31,658
1811,17/09/16 11,0,0.138447,0.747803,0.117212,0.998252,0.840101,0.001130,0.149027,0.215266,31,658
1812,17/09/16 12,0,0.144785,0.737959,0.120482,0.998298,0.841260,0.000880,0.147414,0.176990,31,666
1813,17/09/16 13,0,0.165445,0.667710,0.166845,0.998347,0.841664,0.000685,0.146635,0.248468,31,668
1814,17/09/16 14,0,0.145772,0.723919,0.130309,0.997922,0.841120,0.001404,0.147438,0.193507,31,665
1815,17/09/16 15,0,0.150091,0.719487,0.133566,0.997612,0.840427,0.001094,0.148435,0.150704,31,661
1816,17/09/16 16,0,0.157193,0.713231,0.136040,0.998140,0.840302,0.000852,0.148652,0.132195,31,659
1817,17/09/16 17,0,0.154517,0.712231,0.137931,0.998351,0.839750,0.000663,0.149439,0.127982,31,660
1818,17/09/16 18,0,0.149157,0.711671,0.139383,0.997859,0.839223,0.000661,0.150194,0.114453,31,661
1819,17/09/16 19,0,0.149806,0.710183,0.140500,0.997939,0.839843,0.000515,0.149413,0.169688,31,658
1820,17/09/16 20,0,0.150433,0.709038,0.141363,0.998395,0.841394,0.000401,0.146921,0.337984,31,660
1821,17/09/16 21,0,0.163454,0.686168,0.150378,0.998308,0.841106,0.000921,0.147539,0.263223,31,665
1822,17/09/16 22,0,0.179343,0.639951,0.180706,0.997713,0.842157,0.001963,0.146243,0.204998,31,664
1823,17/09/16 23,0,0.187948,0.616351,0.195700,0.997964,0.843507,0.001640,0.144398,0.235955,31,663
1824,18/09/16 00,0,0.171749,0.629117,0.199134,0.997792,0.842408,0.001861,0.145794,0.257068,31,668
1825,18/09/16 01,0,0.178776,0.625036,0.196188,0.997747,0.840836,0.001565,0.148023,0.200205,31,666
1826,18/09/16 02,0,0.134390,0.739592,0.126018,0.997822,0.838948,0.001219,0.150584,0.155920,31,659
1827,18/09/16 03,0,0.139012,0.748858,0.112130,0.998303,0.837790,0.000949,0.152192,0.124416,31,656
1828,18/09/16 04,0,0.137710,0.752333,0.109957,0.998262,0.838768,0.001198,0.150805,0.234791,31,655
1829,18/09/16 05,0,0.149326,0.705564,0.145110,0.998152,0.839696,0.001399,0.149538,0.234791,31,659
1830,18/09/16 06,0,0.147620,0.740510,0.111870,0.998162,0.838601,0.001126,0.151001,0.182856,31,664
1831,18/09/16 07,0,0.138549,0.701971,0.159481,0.998315,0.837067,0.000877,0.152799,0.383177,31,663
1832,18/09/16 08,0,0.128639,0.749332,0.122030,0.997994,0.837558,0.001601,0.152122,0.298419,31,657
1833,18/09/16 09,0,0.108174,0.819061,0.078185,0.997940,0.836899,0.001315,0.153150,0.232409,31,656
1834,18/09/16 10,0,0.118452,0.795470,0.087051,0.998291,0.835726,0.001024,0.154855,0.181000,31,657
1835,18/09/16 11,0,0.125937,0.779693,0.094370,0.998267,0.834731,0.001152,0.156259,0.140963,31,656
1836,18/09/16 12,0,0.130231,0.765875,0.103894,0.998312,0.835056,0.000897,0.155885,0.141877,31,654
1837,18/09/16 13,0,0.132945,0.756393,0.110663,0.998226,0.835565,0.001304,0.155289,0.133333,31,655
1838,18/09/16 14,0,0.156056,0.716853,0.127091,0.998127,0.836238,0.001431,0.154357,0.177931,31,661
1839,18/09/16 15,0,0.173281,0.641273,0.185447,0.998051,0.837062,0.001509,0.152961,0.255992,31,661
1840,18/09/16 16,0,0.137451,0.748967,0.113582,0.998004,0.836765,0.001175,0.153410,0.199367,31,660
1841,18/09/16 17,0,0.147405,0.739185,0.114181,0.997853,0.836250,0.000915,0.154148,0.155267,31,659
1842,18/09/16 18,0,0.147245,0.729498,0.123257,0.998262,0.836051,0.000713,0.154416,0.120922,31,658
1843,18/09/16 19,0,0.126187,0.760388,0.113425,0.998369,0.835038,0.000555,0.155836,0.094174,31,657
1844,18/09/16 20,0,0.115588,0.795951,0.088461,0.998126,0.834494,0.001431,0.156643,0.104824,31,656
1845,18/09/16 21,0,0.121418,0.785872,0.092710,0.998273,0.833609,0.001133,0.157874,0.104824,31,653
1846,18/09/16 22,0,0.082523,0.843183,0.074294,0.998304,0.832415,0.000945,0.159498,0.081637,31,656
1847,18/09/16 23,0,0.096941,0.836476,0.066583,0.998318,0.831617,0.000864,0.160604,0.088816,31,653
1848,19/09/16 00,0,0.116026,0.799803,0.084172,0.998216,0.831319,0.001316,0.161069,0.105029,31,651
1849,19/09/16 01,0,0.111773,0.804961,0.083266,0.997771,0.831128,0.001335,0.161375,0.108935,31,652
1850,19/09/16 02,0,0.117043,0.809843,0.083511,0.997964,0.831799,0.001040,0.160520,0.169688,31,653
1851,19/09/16 03,0,0.128918,0.770610,0.101507,0.998303,0.833451,0.000810,0.158034,0.270475,31,655
1852,19/09/16 04,0,0.148529,0.709335,0.142136,0.998303,0.834481,0.000631,0.156634,0.234791,31,658
1853,19/09/16 05,0,0.102798,0.825306,0.076549,0.998262,0.833732,0.000491,0.157619,0.182856,31,660
1854,19/09/16 06,0,0.121121,0.795630,0.086598,0.998398,0.834098,0.000383,0.157121,0.169688,31,657
1855,19/09/16 07,0,0.150403,0.729809,0.119788,0.998303,0.835549,0.000949,0.155134,0.185949,31,655
1856,19/09/16 08,0,0.126499,0.730514,0.142987,0.997923,0.836326,0.001693,0.153733,0.391630,31,658
1857,19/09/16 09,0,0.123947,0.791892,0.085321,0.997768,0.835386,0.001892,0.155161,0.305002,31,662
1858,19/09/16 10,0,0.135893,0.762355,0.101751,0.997768,0.834512,0.001784,0.156443,0.237536,31,658
1859,19/09/16 11,0,0.146374,0.736535,0.117091,0.998159,0.834177,0.001389,0.156997,0.184993,31,655
1860,19/09/16 12,0,0.165850,0.693418,0.140732,0.998064,0.835291,0.001432,0.155597,0.157599,31,654
1861,19/09/16 13,0,0.136912,0.747977,0.117058,0.998267,0.836684,0.001115,0.153753,0.142362,31,656
1862,19/09/16 14,0,0.159158,0.699979,0.140863,0.998317,0.838627,0.000868,0.150954,0.213670,31,661
1863,19/09/16 15,0,0.175583,0.620926,0.203491,0.998218,0.841746,0.001314,0.146326,0.278565,31,662
1864,19/09/16 16,0,0.138431,0.749377,0.114887,0.998059,0.841727,0.001518,0.146463,0.216946,31,667
1865,19/09/16 17,0,0.141828,0.738088,0.120084,0.997892,0.841462,0.001733,0.146970,0.168958,31,667
1866,19/09/16 18,0,0.144137,0.729966,0.125897,0.997583,0.841608,0.002130,0.146690,0.234791,31,663
1867,19/09/16 19,0,0.150295,0.642843,0.206862,0.997746,0.840894,0.001920,0.147290,0.439569,31,664
1868,19/09/16 20,0,0.147558,0.719549,0.133509,0.997746,0.839890,0.001920,0.148933,0.342336,31,663
1869,19/09/16 21,0,0.164984,0.691145,0.143871,0.997231,0.839576,0.002583,0.149606,0.266612,31,660
1870,19/09/16 22,0,0.177015,0.662998,0.160187,0.997568,0.839556,0.002149,0.149740,0.209676,31,659
1871,19/09/16 23,0,0.180523,0.632605,0.187492,0.997749,0.839690,0.001721,0.149656,0.191146,31,661
1872,20/09/16 00,0,0.191770,0.553158,0.255072,0.997792,0.839906,0.001340,0.149247,0.306960,31,661
1873,20/09/16 01,0,0.197794,0.521028,0.281178,0.998262,0.838874,0.001044,0.150582,0.251369,31,662
1874,20/09/16 02,0,0.134807,0.739342,0.150342,0.998326,0.837620,0.000813,0.152338,0.195766,31,662
1875,20/09/16 03,0,0.121967,0.783594,0.094439,0.998303,0.837210,0.000949,0.152951,0.169688,31,656
1876,20/09/16 04,0,0.146889,0.742802,0.110309,0.997768,0.836641,0.000741,0.153738,0.169688,31,656
1877,20/09/16 05,0,0.164716,0.693842,0.141442,0.998262,0.838655,0.000577,0.150904,0.234791,31,656
1878,20/09/16 06,0,0.151069,0.669005,0.179926,0.998272,0.838584,0.000450,0.150731,0.394629,31,661
1879,20/09/16 07,0,0.120086,0.781400,0.098514,0.998403,0.836832,0.000350,0.153218,0.307337,31,666
1880,20/09/16 08,0,0.117675,0.797237,0.085088,0.997796,0.835152,0.001856,0.155558,0.239355,31,658
1881,20/09/16 09,0,0.123767,0.779429,0.096804,0.997899,0.834403,0.001724,0.156627,0.186410,31,653
1882,20/09/16 10,0,0.127387,0.768739,0.104280,0.997975,0.833920,0.001597,0.157295,0.145176,31,652
1883,20/09/16 11,0,0.128879,0.761805,0.109316,0.998254,0.834123,0.001244,0.157054,0.130086,31,654
1884,20/09/16 12,0,0.142559,0.743410,0.114031,0.998164,0.833967,0.001170,0.157282,0.128239,31,655
1885,20/09/16 13,0,0.130710,0.782056,0.087234,0.998290,0.834763,0.000911,0.156254,0.169688,31,658
1886,20/09/16 14,0,0.121720,0.786113,0.093010,0.998331,0.834571,0.000710,0.156518,0.200037,31,657
1887,20/09/16 15,0,0.121401,0.753685,0.124914,0.998096,0.835185,0.000553,0.155385,0.356977,31,658
1888,20/09/16 16,0,0.106581,0.816983,0.078200,0.997923,0.834208,0.000431,0.156791,0.278014,31,657
1889,20/09/16 17,0,0.111359,0.800608,0.088034,0.998303,0.833066,0.000335,0.158401,0.216518,31,658
1890,20/09/16 18,0,0.115714,0.789861,0.094425,0.998340,0.832591,0.000261,0.159152,0.168624,31,654
1891,20/09/16 19,0,0.118417,0.801699,0.079884,0.998144,0.832051,0.001409,0.159963,0.131325,31,652
1892,20/09/16 20,0,0.125885,0.780315,0.093800,0.998205,0.831791,0.001331,0.160349,0.106765,31,654
1893,20/09/16 21,0,0.130189,0.766368,0.103443,0.998287,0.831976,0.001045,0.160124,0.106765,31,653
1894,20/09/16 22,0,0.132918,0.756750,0.110332,0.998276,0.833770,0.000865,0.157722,0.122800,31,653
1895,20/09/16 23,0,0.145550,0.737029,0.117421,0.998349,0.835326,0.000674,0.155630,0.161942,31,656
1896,21/09/16 00,0,0.162014,0.686075,0.151911,0.998314,0.836889,0.000886,0.153245,0.231539,31,663
1897,21/09/16 01,0,0.177480,0.609989,0.212531,0.997768,0.838506,0.000921,0.150766,0.279505,31,663
1898,21/09/16 02,0,0.128188,0.772041,0.099771,0.998262,0.838243,0.000717,0.151115,0.234791,31,666
1899,21/09/16 03,0,0.117418,0.810402,0.084665,0.998262,0.837382,0.000559,0.152389,0.182856,31,662
1900,21/09/16 04,0,0.146796,0.742596,0.110607,0.998303,0.836911,0.000435,0.153099,0.169688,31,657
1901,21/09/16 05,0,0.125737,0.770769,0.105113,0.998405,0.837859,0.000339,0.151819,0.234791,31,657
1902,21/09/16 06,0,0.154476,0.684570,0.160954,0.997896,0.838175,0.001727,0.151431,0.234791,31,657
1903,21/09/16 07,0,0.104268,0.815422,0.080310,0.997713,0.836655,0.001963,0.153478,0.182856,31,661
1904,21/09/16 08,0,0.129127,0.780787,0.090769,0.997832,0.837129,0.001809,0.152927,0.169688,31,658
1905,21/09/16 09,0,0.153335,0.718185,0.128481,0.997913,0.838487,0.001684,0.151115,0.180499,31,657
1906,21/09/16 10,0,0.124377,0.788860,0.087763,0.998028,0.838388,0.001312,0.151285,0.140573,31,660
1907,21/09/16 11,0,0.133241,0.764873,0.101887,0.998007,0.838132,0.001022,0.151639,0.118263,31,662
1908,21/09/16 12,0,0.142305,0.743702,0.113992,0.998262,0.837755,0.000796,0.152208,0.123482,31,659
1909,21/09/16 13,0,0.151438,0.721280,0.127282,0.998281,0.838818,0.000620,0.150630,0.259682,31,657
1910,21/09/16 14,0,0.152320,0.713696,0.133984,0.998381,0.838134,0.000483,0.151670,0.202240,31,660
1911,21/09/16 15,0,0.159086,0.697899,0.143015,0.997693,0.837721,0.001988,0.152285,0.157505,31,659
1912,21/09/16 16,0,0.164172,0.684961,0.150867,0.997625,0.837743,0.002076,0.152314,0.131041,31,658
1913,21/09/16 17,0,0.161600,0.686219,0.152181,0.997768,0.837342,0.001892,0.152868,0.122943,31,659
1914,21/09/16 18,0,0.158345,0.690456,0.151199,0.997768,0.838178,0.001892,0.151741,0.169688,31,657
1915,21/09/16 19,0,0.156555,0.693073,0.150371,0.997768,0.838923,0.001892,0.150719,0.169688,31,659
1916,21/09/16 20,0,0.170716,0.666970,0.162315,0.997768,0.839108,0.001892,0.150504,0.140219,31,660
1917,21/09/16 21,0,0.136378,0.736179,0.127443,0.997946,0.837965,0.001576,0.152065,0.109203,31,661
1918,21/09/16 22,0,0.134807,0.739342,0.125851,0.998257,0.837331,0.001228,0.152948,0.120826,31,660
1919,21/09/16 23,0,0.134109,0.740938,0.124953,0.998301,0.836328,0.000962,0.154300,0.105195,31,657
1920,22/09/16 00,0,0.133819,0.741867,0.124395,0.998332,0.835959,0.000778,0.154855,0.112677,31,658
1921,22/09/16 01,0,0.137864,0.742455,0.124026,0.998303,0.836161,0.000949,0.154262,0.312994,31,656
1922,22/09/16 02,0,0.142115,0.733654,0.124230,0.998262,0.835673,0.001198,0.154951,0.243760,31,659
1923,22/09/16 03,0,0.137179,0.739226,0.123594,0.998262,0.835275,0.001198,0.155532,0.189841,31,657
1924,22/09/16 04,0,0.118225,0.779987,0.106698,0.998303,0.835188,0.000949,0.155602,0.169688,31,656
1925,22/09/16 05,0,0.147770,0.739607,0.112622,0.998303,0.837949,0.000949,0.151894,0.234791,31,657
1926,22/09/16 06,0,0.152461,0.691473,0.156066,0.997768,0.838665,0.001538,0.150830,0.234791,31,663
1927,22/09/16 07,0,0.136975,0.769883,0.093142,0.998262,0.837623,0.001198,0.152361,0.182856,31,665
1928,22/09/16 08,0,0.125835,0.775707,0.099113,0.998269,0.836425,0.001157,0.154052,0.142408,31,661
1929,22/09/16 09,0,0.130147,0.765728,0.105822,0.997907,0.835518,0.001713,0.155297,0.110908,31,656
1930,22/09/16 10,0,0.132884,0.757139,0.111429,0.997896,0.835121,0.001408,0.155865,0.117380,31,655
1931,22/09/16 11,0,0.156383,0.711680,0.131937,0.997954,0.837297,0.001097,0.152932,0.191775,31,655
1932,22/09/16 12,0,0.145445,0.728047,0.129032,0.998319,0.838057,0.000854,0.151827,0.190157,31,661
1933,22/09/16 13,0,0.165714,0.666456,0.167831,0.997926,0.838623,0.001689,0.150882,0.240944,31,665
1934,22/09/16 14,0,0.131228,0.749654,0.119118,0.998014,0.838178,0.001576,0.151528,0.187648,31,661
1935,22/09/16 15,0,0.123039,0.773878,0.105889,0.998038,0.837923,0.001545,0.151646,0.297001,31,659
1936,22/09/16 16,0,0.113369,0.806840,0.082203,0.997948,0.836699,0.001538,0.153366,0.231304,31,660
1937,22/09/16 17,0,0.125125,0.788309,0.086566,0.998262,0.836045,0.001198,0.154315,0.180140,31,657
1938,22/09/16 18,0,0.129292,0.773228,0.097480,0.998262,0.835498,0.001198,0.155075,0.179090,31,655
1939,22/09/16 19,0,0.100319,0.826575,0.073106,0.998141,0.834002,0.001413,0.157195,0.139475,31,656
1940,22/09/16 20,0,0.075347,0.865683,0.058969,0.997713,0.832743,0.001768,0.158951,0.108624,31,654
1941,22/09/16 21,0,0.093480,0.836460,0.070060,0.997924,0.831987,0.001377,0.160019,0.084596,31,652
1942,22/09/16 22,0,0.118807,0.797862,0.083331,0.997750,0.831575,0.001073,0.160621,0.115347,31,651
1943,22/09/16 23,0,0.101272,0.830331,0.071677,0.997885,0.831166,0.000835,0.161215,0.097151,31,653
1944,23/09/16 00,0,0.091507,0.835334,0.073159,0.998353,0.831004,0.000651,0.161454,0.075845,31,653
1945,23/09/16 01,0,0.108775,0.808234,0.083264,0.997852,0.831103,0.001784,0.161365,0.111962,31,653
1946,23/09/16 02,0,0.124729,0.777497,0.097774,0.997792,0.831820,0.001538,0.160383,0.124619,31,652
1947,23/09/16 03,0,0.125621,0.775896,0.098482,0.998262,0.835559,0.001198,0.155303,0.234791,31,654
1948,23/09/16 04,0,0.148897,0.707217,0.143886,0.998303,0.838077,0.000949,0.151833,0.234791,31,663
1949,23/09/16 05,0,0.115365,0.817970,0.077258,0.998303,0.836931,0.000949,0.153462,0.182856,31,671
1950,23/09/16 06,0,0.144954,0.754572,0.100474,0.998023,0.836398,0.001565,0.154255,0.154055,31,663
1951,23/09/16 07,0,0.149927,0.726101,0.123973,0.997867,0.838277,0.001764,0.151753,0.169688,31,655
1952,23/09/16 08,0,0.171503,0.642800,0.185697,0.997768,0.840328,0.001836,0.148859,0.260368,31,658
1953,23/09/16 09,0,0.139546,0.734376,0.141402,0.997886,0.840578,0.001430,0.148131,0.408914,31,667
1954,23/09/16 10,0,0.148763,0.727871,0.123365,0.998276,0.840457,0.001114,0.148383,0.318462,31,665
1955,23/09/16 11,0,0.151720,0.716515,0.131765,0.998275,0.841267,0.001120,0.147402,0.248019,31,660
1956,23/09/16 12,0,0.147172,0.720113,0.132715,0.998307,0.841397,0.000926,0.147208,0.193157,31,663
1957,23/09/16 13,0,0.167373,0.659464,0.173163,0.998074,0.841784,0.000914,0.146424,0.261635,31,664
1958,23/09/16 14,0,0.146945,0.719505,0.133550,0.998343,0.841136,0.000712,0.147354,0.203762,31,662
1959,23/09/16 15,0,0.148914,0.716160,0.136028,0.997792,0.840728,0.001862,0.147924,0.158690,31,662
1960,23/09/16 16,0,0.148519,0.713620,0.137922,0.998020,0.840351,0.001492,0.148508,0.125822,31,662
1961,23/09/16 17,0,0.148945,0.711679,0.139376,0.998268,0.840720,0.001162,0.148094,0.169688,31,660
1962,23/09/16 18,0,0.149316,0.710189,0.140495,0.997531,0.842037,0.002197,0.146055,0.305997,31,661
1963,23/09/16 19,0,0.150327,0.709042,0.141359,0.997259,0.840509,0.002546,0.148317,0.238311,31,665
1964,23/09/16 20,0,0.150737,0.708157,0.142028,0.997469,0.839891,0.002272,0.149317,0.185597,31,665
1965,23/09/16 21,0,0.171787,0.663850,0.164363,0.997863,0.840329,0.001769,0.148847,0.171439,31,656
1966,23/09/16 22,0,0.182588,0.640839,0.176573,0.997661,0.840457,0.002030,0.148734,0.151193,31,660
1967,23/09/16 23,0,0.136868,0.733873,0.129259,0.997423,0.838752,0.002010,0.151020,0.117749,31,663
1968,24/09/16 00,0,0.135175,0.737590,0.127235,0.997826,0.837354,0.001565,0.152925,0.101870,31,661
1969,24/09/16 01,0,0.134390,0.739592,0.126018,0.997967,0.836162,0.001219,0.154501,0.109352,31,654
1970,24/09/16 02,0,0.133954,0.740828,0.125217,0.998303,0.835564,0.000949,0.155285,0.111014,31,654
1971,24/09/16 03,0,0.133686,0.741651,0.124664,0.998303,0.835787,0.000949,0.155038,0.112554,31,654
1972,24/09/16 04,0,0.118383,0.784882,0.101956,0.998165,0.837038,0.000827,0.153269,0.234791,31,656
1973,24/09/16 05,0,0.149009,0.706985,0.144006,0.998252,0.838894,0.000644,0.150595,0.234791,31,661
1974,24/09/16 06,0,0.090446,0.837016,0.072538,0.998262,0.836666,0.000502,0.153665,0.182856,31,667
1975,24/09/16 07,0,0.094852,0.832533,0.074020,0.998320,0.835152,0.000391,0.155714,0.142408,31,661
1976,24/09/16 08,0,0.114014,0.807595,0.078391,0.998394,0.834605,0.000304,0.156448,0.114345,31,651
1977,24/09/16 09,0,0.124822,0.763586,0.111704,0.997988,0.835417,0.001610,0.155204,0.234791,31,652
1978,24/09/16 10,0,0.123859,0.768874,0.107267,0.998156,0.835719,0.001393,0.154766,0.247683,31,656
1979,24/09/16 11,0,0.118357,0.801899,0.081667,0.998265,0.835608,0.001087,0.154985,0.192896,31,660
1980,24/09/16 12,0,0.125866,0.780345,0.093789,0.998321,0.835189,0.000847,0.155615,0.150227,31,658
1981,24/09/16 13,0,0.139164,0.756422,0.104809,0.998127,0.835323,0.001431,0.155553,0.135214,31,658
1982,24/09/16 14,0,0.160502,0.703513,0.135985,0.998051,0.836734,0.001434,0.153664,0.172288,31,659
1983,24/09/16 15,0,0.176186,0.634153,0.189661,0.997980,0.837929,0.001117,0.151759,0.246587,31,660
1984,24/09/16 16,0,0.133425,0.773356,0.096109,0.998262,0.837160,0.000870,0.152913,0.192042,31,663
1985,24/09/16 17,0,0.132079,0.763230,0.104691,0.998349,0.837398,0.000677,0.152641,0.178150,31,660
1986,24/09/16 18,0,0.113145,0.810781,0.089028,0.998012,0.836244,0.001578,0.154261,0.138744,31,658
1987,24/09/16 19,0,0.120569,0.765410,0.114021,0.997888,0.835661,0.001530,0.154771,0.331987,31,659
1988,24/09/16 20,0,0.106647,0.822912,0.070440,0.998263,0.834226,0.001191,0.156844,0.258552,31,656
1989,24/09/16 21,0,0.115458,0.799471,0.085070,0.998250,0.833284,0.001269,0.158238,0.201360,31,653
1990,24/09/16 22,0,0.135021,0.761792,0.103186,0.997713,0.833239,0.001963,0.158431,0.156819,31,652
1991,24/09/16 23,0,0.160205,0.677939,0.161856,0.997713,0.833072,0.001962,0.158600,0.256002,31,655
1992,25/09/16 00,0,0.176747,0.604132,0.219121,0.997797,0.832739,0.001855,0.158964,0.279165,31,656
1993,25/09/16 01,0,0.162106,0.648755,0.189139,0.997815,0.832995,0.001565,0.158729,0.217414,31,656
1994,25/09/16 02,0,0.124873,0.777187,0.097941,0.997832,0.833901,0.001219,0.157540,0.169688,31,653
1995,25/09/16 03,0,0.147418,0.740555,0.112027,0.998303,0.834276,0.000949,0.157033,0.169688,31,657
1996,25/09/16 04,0,0.165189,0.691882,0.142929,0.998303,0.837508,0.000949,0.152636,0.234791,31,658
1997,25/09/16 05,0,0.149255,0.705547,0.145198,0.997370,0.838271,0.002010,0.151535,0.234791,31,664
1998,25/09/16 06,0,0.132358,0.759833,0.107809,0.997458,0.839029,0.001565,0.150481,0.232610,31,668
1999,25/09/16 07,0,0.147977,0.722003,0.130020,0.997852,0.839377,0.001219,0.150035,0.191265,31,659
2000,25/09/16 08,0,0.159499,0.698228,0.142302,0.998303,0.841125,0.000949,0.147523,0.234791,31,663
2001,25/09/16 09,0,0.159570,0.643889,0.196541,0.998312,0.841196,0.000900,0.147161,0.325989,31,666
2002,25/09/16 10,0,0.133276,0.753922,0.114795,0.998159,0.840081,0.001390,0.148766,0.253881,31,665
2003,25/09/16 11,0,0.138421,0.747787,0.117193,0.997768,0.839437,0.001892,0.149733,0.197722,31,658
2004,25/09/16 12,0,0.141821,0.738142,0.120477,0.998085,0.840319,0.001485,0.148639,0.153986,31,657
2005,25/09/16 13,0,0.147918,0.730002,0.125865,0.998264,0.840735,0.001161,0.147933,0.208027,31,663
2006,25/09/16 14,0,0.168579,0.642530,0.188890,0.998311,0.841463,0.000904,0.146574,0.281386,31,664
2007,25/09/16 15,0,0.146940,0.719564,0.133496,0.998165,0.841490,0.001224,0.146718,0.219144,31,663
2008,25/09/16 16,0,0.152838,0.716206,0.135987,0.998267,0.841411,0.000953,0.146942,0.170669,31,664
2009,25/09/16 17,0,0.168923,0.684927,0.146151,0.998033,0.841741,0.000742,0.146614,0.155242,31,663
2010,25/09/16 18,0,0.179989,0.647609,0.172402,0.998365,0.841945,0.000578,0.146420,0.175938,31,663
2011,25/09/16 19,0,0.187031,0.626922,0.186047,0.997752,0.841814,0.001838,0.146693,0.161541,31,664
2012,25/09/16 20,0,0.192457,0.606256,0.201287,0.997669,0.841840,0.001432,0.146738,0.171889,31,664
2013,25/09/16 21,0,0.196755,0.585883,0.217362,0.998060,0.841934,0.001115,0.146623,0.182687,31,663
2014,25/09/16 22,0,0.136697,0.734679,0.128624,0.998317,0.840292,0.000868,0.148852,0.142277,31,662
2015,25/09/16 23,0,0.135037,0.738248,0.126715,0.998332,0.839323,0.000780,0.150156,0.111846,31,661
2016,26/09/16 00,0,0.136705,0.740098,0.125617,0.997896,0.838019,0.001538,0.151903,0.116002,31,658
2017,26/09/16 01,0,0.140102,0.740969,0.124908,0.998262,0.836855,0.001198,0.153518,0.113508,31,659
2018,26/09/16 02,0,0.140244,0.736730,0.124424,0.998262,0.835979,0.001198,0.154709,0.110183,31,655
2019,26/09/16 03,0,0.133460,0.742458,0.124081,0.998303,0.835915,0.000949,0.154769,0.112902,31,654
2020,26/09/16 04,0,0.120661,0.773491,0.109045,0.998303,0.836882,0.000949,0.153393,0.234791,31,654
2021,26/09/16 05,0,0.148405,0.710272,0.141323,0.998302,0.837336,0.000958,0.152732,0.234791,31,659
2022,26/09/16 06,0,0.164446,0.694723,0.140830,0.998276,0.836895,0.000991,0.153248,0.256388,31,662
2023,26/09/16 07,0,0.140208,0.738710,0.121082,0.998303,0.835557,0.000772,0.155099,0.199675,31,661
2024,26/09/16 08,0,0.128453,0.751372,0.120340,0.998361,0.836220,0.000601,0.154134,0.236024,31,655
2025,26/09/16 09,0,0.161775,0.618095,0.220130,0.997853,0.836440,0.001782,0.153545,0.396628,31,656
2026,26/09/16 10,0,0.125604,0.779256,0.095141,0.997853,0.835753,0.001633,0.154526,0.308894,31,660
2027,26/09/16 11,0,0.122680,0.784523,0.092797,0.998160,0.835973,0.001272,0.154244,0.240567,31,658
2028,26/09/16 12,0,0.156006,0.653156,0.190838,0.998286,0.836047,0.000990,0.153653,0.438352,31,655
2029,26/09/16 13,0,0.173469,0.598833,0.227699,0.998333,0.835508,0.000771,0.154520,0.341389,31,660
2030,26/09/16 14,0,0.186602,0.535828,0.277571,0.998142,0.836103,0.001411,0.153818,0.293572,31,659
2031,26/09/16 15,0,0.194050,0.509464,0.296487,0.998185,0.836552,0.001356,0.153273,0.248469,31,657
2032,26/09/16 16,0,0.200764,0.471992,0.327244,0.998253,0.838504,0.001253,0.150418,0.283706,31,660
2033,26/09/16 17,0,0.205097,0.449744,0.345159,0.998266,0.838978,0.001174,0.149816,0.272900,31,664
2034,26/09/16 18,0,0.195487,0.325851,0.478662,0.998257,0.837489,0.001229,0.151488,0.536711,31,666
2035,26/09/16 19,0,0.207769,0.288467,0.503764,0.998263,0.836765,0.001190,0.152521,0.417991,31,660
2036,26/09/16 20,0,0.214010,0.255192,0.530799,0.998270,0.836105,0.001148,0.153448,0.415310,31,655
2037,26/09/16 21,0,0.210924,0.344482,0.444595,0.997713,0.836531,0.001962,0.153193,0.323444,31,657
2038,26/09/16 22,0,0.216099,0.316786,0.467115,0.997824,0.836448,0.001820,0.153316,0.340237,31,658
2039,26/09/16 23,0,0.216568,0.331300,0.452132,0.997871,0.837087,0.001760,0.152536,0.281040,31,658
2040,27/09/16 00,0,0.214170,0.377895,0.407935,0.997843,0.837910,0.001796,0.151515,0.218874,31,661
2041,27/09/16 01,0,0.213992,0.396472,0.389536,0.997806,0.839028,0.001565,0.149885,0.229207,31,663
2042,27/09/16 02,0,0.209930,0.453885,0.336185,0.997836,0.841436,0.001219,0.146399,0.287970,31,661
2043,27/09/16 03,0,0.201831,0.503760,0.294409,0.998303,0.840889,0.000949,0.147353,0.224271,31,668
2044,27/09/16 04,0,0.186538,0.559780,0.253682,0.998303,0.842196,0.000900,0.145688,0.234791,31,665
2045,27/09/16 05,0,0.191494,0.392692,0.415814,0.998317,0.841422,0.000701,0.146289,0.523556,31,665
2046,27/09/16 06,0,0.196857,0.459152,0.343991,0.998033,0.840589,0.000546,0.147673,0.407746,31,666
2047,27/09/16 07,0,0.184340,0.309024,0.506636,0.998304,0.839104,0.000425,0.149283,0.585008,31,662
2048,27/09/16 08,0,0.159471,0.698224,0.170344,0.998406,0.838034,0.000331,0.150954,0.455605,31,659
2049,27/09/16 09,0,0.107111,0.817265,0.093012,0.998262,0.836362,0.000433,0.153405,0.354825,31,655
2050,27/09/16 10,0,0.095559,0.835993,0.083633,0.998280,0.834981,0.000337,0.155400,0.276338,31,655
2051,27/09/16 11,0,0.116176,0.799523,0.084300,0.998390,0.834178,0.000263,0.156630,0.215212,31,652
2052,27/09/16 12,0,0.127233,0.774891,0.097875,0.998307,0.833302,0.000561,0.157912,0.167608,31,653
2053,27/09/16 13,0,0.120880,0.767772,0.111348,0.998341,0.833785,0.000437,0.157052,0.312661,31,654
2054,27/09/16 14,0,0.122281,0.773487,0.104232,0.998312,0.834759,0.000340,0.155868,0.243501,31,655
2055,27/09/16 15,0,0.152802,0.692238,0.154960,0.998335,0.835888,0.000265,0.154370,0.211037,31,659
2056,27/09/16 16,0,0.100373,0.825033,0.074594,0.998328,0.834723,0.000206,0.156018,0.164356,31,659
2057,27/09/16 17,0,0.111049,0.803455,0.085496,0.998131,0.833914,0.000161,0.157175,0.128001,31,660
2058,27/09/16 18,0,0.116232,0.806727,0.082237,0.998389,0.833762,0.000300,0.157504,0.132029,31,654
2059,27/09/16 19,0,0.135554,0.776101,0.088346,0.998383,0.833553,0.000295,0.157889,0.136029,31,655
2060,27/09/16 20,0,0.143099,0.749449,0.107452,0.998274,0.833167,0.000702,0.158465,0.122326,31,656
2061,27/09/16 21,0,0.130586,0.763124,0.106290,0.998371,0.833779,0.000547,0.157669,0.114453,31,654
2062,27/09/16 22,0,0.133206,0.754334,0.112460,0.998333,0.835522,0.000769,0.155411,0.140105,31,654
2063,27/09/16 23,0,0.145666,0.740938,0.116954,0.998288,0.836671,0.000599,0.153753,0.192979,31,662
2064,28/09/16 00,0,0.166121,0.658884,0.174995,0.998300,0.837735,0.000466,0.151966,0.261635,31,665
2065,28/09/16 01,0,0.141845,0.737906,0.120249,0.998337,0.837964,0.000363,0.151703,0.203762,31,662
2066,28/09/16 02,0,0.144296,0.729827,0.126023,0.998262,0.839465,0.000283,0.149714,0.169688,31,659
2067,28/09/16 03,0,0.147313,0.723893,0.130333,0.998303,0.840291,0.000220,0.148628,0.169688,31,661
2068,28/09/16 04,0,0.165138,0.692139,0.142723,0.998303,0.841865,0.000172,0.146373,0.242300,31,666
2069,28/09/16 05,0,0.148383,0.710605,0.141011,0.998226,0.841067,0.000162,0.147442,0.234791,31,667
2070,28/09/16 06,0,0.148460,0.713597,0.137943,0.998262,0.840375,0.000126,0.148478,0.182856,31,667
2071,28/09/16 07,0,0.148947,0.711661,0.139392,0.998262,0.839835,0.001198,0.149353,0.169688,31,658
2072,28/09/16 08,0,0.168037,0.636923,0.195040,0.997686,0.840156,0.001772,0.148880,0.305001,31,660
2073,28/09/16 09,0,0.155350,0.707542,0.141369,0.997519,0.840969,0.001380,0.147469,0.376969,31,661
2074,28/09/16 10,0,0.166141,0.683585,0.150274,0.997765,0.840543,0.001075,0.148212,0.293584,31,664
2075,28/09/16 11,0,0.170884,0.670143,0.158973,0.997885,0.840427,0.000837,0.148531,0.228643,31,663
2076,28/09/16 12,0,0.179734,0.650218,0.170048,0.998353,0.840319,0.000652,0.148843,0.178068,31,663
2077,28/09/16 13,0,0.136868,0.733873,0.129259,0.998262,0.838827,0.001198,0.150899,0.138679,31,662
2078,28/09/16 14,0,0.135175,0.737590,0.127235,0.998288,0.837411,0.001040,0.152882,0.108003,31,661
2079,28/09/16 15,0,0.134390,0.739592,0.126018,0.997513,0.837203,0.002220,0.152894,0.311661,31,656
2080,28/09/16 16,0,0.133954,0.740828,0.125217,0.997648,0.836281,0.001965,0.154199,0.242722,31,658
2081,28/09/16 17,0,0.133686,0.741651,0.124664,0.998049,0.835215,0.001531,0.155614,0.189032,31,658
2082,28/09/16 18,0,0.133509,0.742224,0.124268,0.998094,0.835050,0.001473,0.155886,0.169688,31,655
2083,28/09/16 19,0,0.147912,0.738356,0.123978,0.997941,0.835146,0.001669,0.155827,0.169688,31,655
2084,28/09/16 20,0,0.133301,0.742935,0.123763,0.997853,0.834332,0.001782,0.156926,0.132153,31,658
2085,28/09/16 21,0,0.133229,0.743208,0.123563,0.998139,0.833787,0.001396,0.157659,0.102921,31,655
2086,28/09/16 22,0,0.133175,0.743414,0.123411,0.998277,0.833966,0.001087,0.157454,0.140403,31,654
2087,28/09/16 23,0,0.133135,0.743571,0.123295,0.998321,0.833788,0.000847,0.157712,0.109346,31,654
2088,29/09/16 00,0,0.133104,0.743691,0.123205,0.998112,0.833313,0.001450,0.158383,0.101860,31,656
2089,29/09/16 01,0,0.117232,0.792338,0.090430,0.998262,0.832739,0.001198,0.159157,0.107635,31,657
2090,29/09/16 02,0,0.126989,0.770578,0.102433,0.998262,0.834027,0.001182,0.157258,0.234791,31,656
2091,29/09/16 03,0,0.149142,0.705770,0.145087,0.998308,0.835240,0.000921,0.155586,0.234791,31,655
2092,29/09/16 04,0,0.118120,0.805471,0.083832,0.998303,0.834756,0.000949,0.156250,0.182856,31,659
2093,29/09/16 05,0,0.147789,0.739010,0.113201,0.998263,0.835088,0.000860,0.155814,0.169688,31,661
2094,29/09/16 06,0,0.128997,0.750248,0.121321,0.998262,0.836761,0.000670,0.153480,0.234791,31,656
2095,29/09/16 07,0,0.160567,0.656282,0.183151,0.998348,0.837051,0.000522,0.152830,0.311661,31,661
2096,29/09/16 08,0,0.149191,0.741478,0.109331,0.998394,0.836707,0.000406,0.153432,0.242722,31,662
2097,29/09/16 09,0,0.155811,0.718262,0.125927,0.998124,0.836197,0.001434,0.154190,0.189032,31,657
2098,29/09/16 10,0,0.141424,0.734765,0.123811,0.998096,0.835710,0.001470,0.154939,0.147218,31,658
2099,29/09/16 11,0,0.143284,0.729187,0.127529,0.998195,0.835931,0.001344,0.154689,0.114654,31,657
2100,29/09/16 12,0,0.166610,0.686099,0.147291,0.997949,0.838265,0.001081,0.151494,0.244394,31,656
2101,29/09/16 13,0,0.171040,0.671867,0.157094,0.997884,0.839008,0.000842,0.150429,0.211789,31,664
2102,29/09/16 14,0,0.175749,0.618484,0.205768,0.998352,0.839853,0.000656,0.148920,0.286089,31,666
2103,29/09/16 15,0,0.142747,0.751321,0.108092,0.997713,0.839925,0.001963,0.148945,0.222806,31,661
2104,29/09/16 16,0,0.156995,0.715882,0.127123,0.997768,0.840083,0.001538,0.148862,0.173522,31,662
2105,29/09/16 17,0,0.148294,0.721673,0.130033,0.998262,0.839298,0.001198,0.149994,0.135139,31,660
2106,29/09/16 18,0,0.144642,0.730374,0.125035,0.998262,0.838599,0.001198,0.151030,0.116464,31,658
2107,29/09/16 19,0,0.147899,0.720867,0.131234,0.997713,0.838447,0.001963,0.151314,0.118973,31,656
2108,29/09/16 20,0,0.153886,0.707253,0.138860,0.997713,0.839778,0.001811,0.149323,0.312661,31,658
2109,29/09/16 21,0,0.169084,0.677043,0.153873,0.998143,0.839787,0.001411,0.149401,0.243501,31,663
2110,29/09/16 22,0,0.180681,0.651053,0.168266,0.997713,0.840657,0.001963,0.148357,0.189639,31,663
2111,29/09/16 23,0,0.187536,0.633264,0.179200,0.997713,0.841090,0.001565,0.147858,0.149218,31,663
2112,30/09/16 00,0,0.135856,0.738599,0.125546,0.997822,0.839546,0.001219,0.149975,0.118025,31,665
2113,30/09/16 01,0,0.134417,0.741172,0.124411,0.998303,0.838248,0.000949,0.151752,0.101860,31,662
2114,30/09/16 02,0,0.133814,0.742338,0.123848,0.998303,0.837021,0.000949,0.153345,0.104364,31,655
2115,30/09/16 03,0,0.126035,0.770180,0.103786,0.998262,0.836321,0.001198,0.154364,0.131694,31,656
2116,30/09/16 04,0,0.121367,0.784831,0.099838,0.998262,0.838109,0.001081,0.151852,0.234791,31,656
2117,30/09/16 05,0,0.149473,0.704615,0.145912,0.998303,0.838583,0.000842,0.151090,0.234791,31,660
2118,30/09/16 06,0,0.165297,0.691800,0.142903,0.998352,0.837992,0.000656,0.151916,0.182856,31,667
2119,30/09/16 07,0,0.121707,0.786876,0.091417,0.998196,0.836286,0.001341,0.154253,0.142408,31,663
2120,30/09/16 08,0,0.111832,0.815045,0.073123,0.998033,0.835070,0.001551,0.155926,0.121147,31,656
2121,30/09/16 09,0,0.116656,0.801667,0.081677,0.997913,0.834097,0.001505,0.157210,0.101860,31,653
2122,30/09/16 10,0,0.122964,0.782979,0.094057,0.997854,0.833479,0.001172,0.158011,0.103555,31,653
2123,30/09/16 11,0,0.126365,0.771513,0.102123,0.998310,0.833241,0.000913,0.158331,0.101860,31,653
2124,30/09/16 12,0,0.128409,0.763954,0.107637,0.998289,0.834314,0.000967,0.156706,0.234791,31,654
2125,30/09/16 13,0,0.151197,0.695362,0.153441,0.998336,0.834531,0.000753,0.156294,0.234791,31,659
2126,30/09/16 14,0,0.112278,0.803183,0.086026,0.998188,0.834303,0.001353,0.156670,0.182856,31,660
2127,30/09/16 15,0,0.106076,0.818989,0.074935,0.998135,0.833749,0.001421,0.157477,0.142408,31,655
2128,30/09/16 16,0,0.118566,0.805709,0.081854,0.997853,0.834076,0.001380,0.157080,0.169688,31,657
2129,30/09/16 17,0,0.119924,0.777798,0.102278,0.997876,0.834147,0.001075,0.156888,0.270475,31,655
2130,30/09/16 18,0,0.111417,0.786617,0.101966,0.997904,0.833856,0.000837,0.157400,0.210646,31,658
2131,30/09/16 19,0,0.118490,0.801471,0.080039,0.998353,0.833443,0.000652,0.158084,0.164052,31,656
2132,30/09/16 20,0,0.125908,0.737772,0.139876,0.998272,0.833911,0.001136,0.157080,0.412646,31,656
2133,30/09/16 21,0,0.130194,0.766416,0.103390,0.998254,0.834282,0.001243,0.156730,0.321369,31,657
2134,30/09/16 22,0,0.132917,0.756819,0.110264,0.998241,0.834610,0.001284,0.156399,0.250282,31,655
2135,30/09/16 23,0,0.151198,0.732827,0.115975,0.997893,0.835501,0.001731,0.155279,0.194920,31,661
2136,01/10/16 00,0,0.168782,0.665789,0.165429,0.997713,0.836637,0.001963,0.153596,0.226837,31,659
2137,01/10/16 01,0,0.182529,0.590332,0.227138,0.997741,0.839309,0.001565,0.149588,0.287970,31,660
2138,01/10/16 02,0,0.136994,0.745899,0.120768,0.998046,0.839831,0.001219,0.149012,0.224271,31,665
2139,01/10/16 03,0,0.147352,0.740333,0.112315,0.998303,0.839478,0.000949,0.149669,0.174662,31,664
2140,01/10/16 04,0,0.122319,0.795607,0.090836,0.998303,0.838113,0.000949,0.151539,0.141839,31,661
2141,01/10/16 05,0,0.119604,0.793007,0.088455,0.998262,0.838341,0.001198,0.151185,0.234791,31,659
2142,01/10/16 06,0,0.111085,0.812797,0.081064,0.997719,0.837056,0.001955,0.153008,0.182856,31,656
2143,01/10/16 07,0,0.126158,0.781343,0.092498,0.997928,0.836261,0.001686,0.154115,0.169688,31,659
2144,01/10/16 08,0,0.112694,0.797166,0.091129,0.997713,0.834995,0.001963,0.155863,0.132153,31,657
2145,01/10/16 09,0,0.103575,0.808294,0.088131,0.997732,0.833739,0.001565,0.157528,0.102921,31,654
2146,01/10/16 10,0,0.107964,0.813423,0.078613,0.997822,0.833425,0.001219,0.157979,0.100608,31,653
2147,01/10/16 11,0,0.122650,0.783176,0.094174,0.998303,0.833557,0.000949,0.157794,0.107855,31,652
2148,01/10/16 12,0,0.121443,0.752721,0.125836,0.998303,0.834459,0.000949,0.156210,0.374970,31,654
2149,01/10/16 13,0,0.112324,0.801310,0.086366,0.997812,0.834062,0.001339,0.156837,0.292027,31,658
2150,01/10/16 14,0,0.115776,0.791093,0.093131,0.997768,0.834278,0.001043,0.156589,0.227431,31,659
2151,01/10/16 15,0,0.126880,0.781493,0.097380,0.998262,0.834696,0.000812,0.156079,0.177123,31,656
2152,01/10/16 16,0,0.154560,0.693950,0.151491,0.998326,0.836024,0.000633,0.154205,0.257079,31,660
2153,01/10/16 17,0,0.130551,0.782528,0.088969,0.997768,0.835341,0.000493,0.155271,0.200214,31,660
2154,01/10/16 18,0,0.126661,0.774415,0.098924,0.997930,0.835383,0.000384,0.155333,0.155927,31,659
2155,01/10/16 19,0,0.130749,0.749454,0.128861,0.998388,0.836455,0.000299,0.153586,0.365640,31,656
2156,01/10/16 20,0,0.133328,0.753495,0.113177,0.997946,0.836284,0.001664,0.153875,0.284761,31,658
2157,01/10/16 21,0,0.138468,0.747448,0.117497,0.997988,0.836557,0.001567,0.153599,0.221772,31,660
2158,01/10/16 22,0,0.141854,0.737824,0.120697,0.998258,0.838450,0.001220,0.151124,0.172716,31,655
2159,01/10/16 23,0,0.148330,0.721088,0.130582,0.998298,0.839949,0.000958,0.148895,0.233420,31,660
2160,02/10/16 00,0,0.168468,0.635623,0.195909,0.998337,0.841064,0.000746,0.146938,0.284208,31,669
2161,02/10/16 01,0,0.149843,0.688579,0.161578,0.998262,0.840718,0.001198,0.147563,0.221341,31,667
2162,02/10/16 02,0,0.147817,0.716104,0.136079,0.998262,0.841244,0.001198,0.147023,0.172381,31,661
2163,02/10/16 03,0,0.148462,0.713577,0.137962,0.998159,0.840853,0.001219,0.147689,0.169688,31,662
2164,02/10/16 04,0,0.165309,0.691279,0.143412,0.998303,0.842056,0.000949,0.146039,0.234791,31,662
2165,02/10/16 05,0,0.150526,0.693142,0.156333,0.997926,0.841572,0.001538,0.146505,0.298651,31,665
2166,02/10/16 06,0,0.149600,0.709021,0.141378,0.998262,0.839754,0.001198,0.149154,0.232589,31,666
2167,02/10/16 07,0,0.149817,0.708140,0.142043,0.997907,0.839782,0.001125,0.149285,0.181141,31,658
2168,02/10/16 08,0,0.159572,0.697681,0.142747,0.997450,0.839890,0.000876,0.149248,0.169688,31,657
2169,02/10/16 09,0,0.150113,0.706930,0.142957,0.997699,0.840578,0.000682,0.148146,0.288337,31,662
2170,02/10/16 10,0,0.152579,0.706521,0.143267,0.997936,0.839767,0.000531,0.149330,0.224557,31,664
2171,02/10/16 11,0,0.162996,0.689518,0.147486,0.998393,0.839344,0.000414,0.150007,0.174885,31,661
2172,02/10/16 12,0,0.175544,0.662418,0.162038,0.997656,0.838992,0.001829,0.150609,0.146878,31,661
2173,02/10/16 13,0,0.185230,0.635147,0.179623,0.997768,0.839053,0.001425,0.150637,0.161541,31,660
2174,02/10/16 14,0,0.137043,0.733038,0.129919,0.998262,0.837593,0.001110,0.152673,0.125808,31,660
2175,02/10/16 15,0,0.135308,0.736953,0.127740,0.998318,0.836463,0.000864,0.154226,0.104364,31,660
2176,02/10/16 16,0,0.134492,0.739101,0.126407,0.997933,0.836082,0.000741,0.154789,0.112677,31,654
2177,02/10/16 17,0,0.137749,0.740449,0.125518,0.997929,0.835594,0.000577,0.155492,0.115171,31,654
2178,02/10/16 18,0,0.139644,0.741405,0.124858,0.998387,0.835102,0.000450,0.156218,0.133709,31,658
2179,02/10/16 19,0,0.157243,0.713401,0.129356,0.997853,0.835076,0.001782,0.156281,0.157533,31,656
2180,02/10/16 20,0,0.171767,0.673189,0.155044,0.997853,0.835150,0.001558,0.156129,0.166581,31,656
2181,02/10/16 21,0,0.180986,0.650107,0.168906,0.998259,0.835229,0.001213,0.155994,0.151500,31,657
2182,02/10/16 22,0,0.187672,0.629750,0.182578,0.998303,0.835361,0.000955,0.155815,0.157533,31,658
2183,02/10/16 23,0,0.161886,0.677113,0.162180,0.998335,0.835025,0.000761,0.156290,0.129303,31,659
2184,03/10/16 00,0,0.168330,0.673792,0.157878,0.998059,0.834666,0.001518,0.156799,0.134291,31,659
2185,03/10/16 01,0,0.173537,0.661284,0.165179,0.998262,0.834331,0.001198,0.157256,0.136784,31,658
2186,03/10/16 02,0,0.176603,0.652841,0.170556,0.998262,0.834154,0.001163,0.157460,0.136784,31,655
2187,03/10/16 03,0,0.171440,0.660155,0.168405,0.998303,0.834316,0.000906,0.157217,0.126809,31,655
2188,03/10/16 04,0,0.146958,0.705144,0.147898,0.998344,0.836289,0.000705,0.154442,0.234791,31,656
2189,03/10/16 05,0,0.148515,0.709320,0.142165,0.997853,0.838132,0.001538,0.151833,0.234791,31,659
2190,03/10/16 06,0,0.164303,0.695899,0.139799,0.998262,0.838164,0.001198,0.151717,0.214124,31,668
2191,03/10/16 07,0,0.137903,0.750472,0.111625,0.998262,0.837846,0.000956,0.152189,0.166760,31,664
2192,03/10/16 08,0,0.118498,0.801492,0.080009,0.998338,0.836274,0.000745,0.154343,0.129873,31,659
2193,03/10/16 09,0,0.126180,0.739943,0.133876,0.998034,0.836434,0.001550,0.153824,0.347314,31,657
2194,03/10/16 10,0,0.130192,0.766451,0.103357,0.998090,0.835383,0.001478,0.155376,0.270489,31,657
2195,03/10/16 11,0,0.132914,0.756846,0.110240,0.998215,0.835497,0.001318,0.155313,0.210657,31,656
2196,03/10/16 12,0,0.138007,0.749970,0.115281,0.998257,0.835930,0.001229,0.154798,0.164060,31,654
2197,03/10/16 13,0,0.159725,0.705140,0.145201,0.997713,0.837080,0.001963,0.153093,0.246737,31,660
2198,03/10/16 14,0,0.176381,0.622397,0.201223,0.997741,0.838554,0.001927,0.150727,0.281386,31,661
2199,03/10/16 15,0,0.134295,0.740574,0.129107,0.997834,0.837845,0.001808,0.151771,0.219144,31,662
2200,03/10/16 16,0,0.131673,0.762362,0.105965,0.997861,0.836811,0.001772,0.153248,0.170669,31,661
2201,03/10/16 17,0,0.122104,0.795583,0.089070,0.998068,0.836603,0.001506,0.153629,0.169688,31,657
2202,03/10/16 18,0,0.147810,0.737980,0.117829,0.998254,0.835901,0.001244,0.154566,0.206809,31,659
2203,03/10/16 19,0,0.105963,0.816743,0.077294,0.998260,0.834342,0.001210,0.156758,0.161063,31,657
2204,03/10/16 20,0,0.099950,0.831595,0.070395,0.998250,0.833554,0.001267,0.157867,0.125436,31,654
2205,03/10/16 21,0,0.120860,0.749685,0.129455,0.998254,0.834479,0.001244,0.156282,0.404249,31,652
2206,03/10/16 22,0,0.132987,0.764552,0.102461,0.998019,0.833867,0.001570,0.157268,0.314830,31,656
2207,03/10/16 23,0,0.158109,0.696245,0.145645,0.998074,0.834000,0.001498,0.157152,0.245189,31,659
2208,04/10/16 00,0,0.173125,0.651746,0.175129,0.998102,0.834335,0.001462,0.156822,0.190954,31,655
2209,04/10/16 01,0,0.165849,0.666226,0.167925,0.998102,0.834180,0.001462,0.157107,0.148715,31,658
2210,04/10/16 02,0,0.119821,0.786242,0.093937,0.997991,0.833635,0.001219,0.157884,0.115819,31,658
2211,04/10/16 03,0,0.119667,0.796169,0.084165,0.998303,0.833110,0.000949,0.158607,0.112338,31,654
2212,04/10/16 04,0,0.118223,0.790254,0.096684,0.998303,0.834015,0.000949,0.157346,0.169688,31,654
2213,04/10/16 05,0,0.147627,0.739232,0.113141,0.998290,0.837064,0.001028,0.153191,0.234791,31,654
2214,04/10/16 06,0,0.165370,0.690776,0.143854,0.998025,0.838231,0.000857,0.151473,0.256388,31,663
2215,04/10/16 07,0,0.135482,0.762431,0.105107,0.997914,0.836849,0.000667,0.153455,0.199675,31,665
2216,04/10/16 08,0,0.144777,0.737273,0.117950,0.998375,0.835818,0.000520,0.154924,0.155507,31,663
2217,04/10/16 09,0,0.138366,0.741302,0.120333,0.997946,0.835224,0.001664,0.155762,0.121109,31,655
2218,04/10/16 10,0,0.161402,0.698616,0.139981,0.997817,0.835679,0.001490,0.155138,0.146424,31,654
2219,04/10/16 11,0,0.134971,0.747975,0.117053,0.998194,0.837324,0.001160,0.152911,0.143491,31,657
2220,04/10/16 12,0,0.147530,0.734867,0.120364,0.998311,0.839148,0.000904,0.150273,0.198622,31,661
2221,04/10/16 13,0,0.168188,0.645960,0.185852,0.998333,0.841438,0.000771,0.146802,0.282327,31,663
2222,04/10/16 14,0,0.138438,0.749326,0.112236,0.998051,0.841375,0.001396,0.146909,0.219876,31,666
2223,04/10/16 15,0,0.149144,0.733953,0.120113,0.997768,0.841323,0.001088,0.147081,0.171240,31,665
2224,04/10/16 16,0,0.154104,0.718884,0.128432,0.998262,0.840667,0.000847,0.148122,0.133362,31,662
2225,04/10/16 17,0,0.158082,0.704350,0.137569,0.998286,0.839817,0.000660,0.149339,0.128701,31,664
2226,04/10/16 18,0,0.161479,0.692964,0.145556,0.997594,0.839986,0.000514,0.148954,0.285338,31,660
2227,04/10/16 19,0,0.162793,0.686609,0.150598,0.997948,0.839309,0.000400,0.150022,0.222222,31,661
2228,04/10/16 20,0,0.164627,0.680485,0.154888,0.998402,0.838616,0.000312,0.151065,0.173067,31,660
2229,04/10/16 21,0,0.170880,0.666890,0.162230,0.997907,0.838432,0.001346,0.151413,0.135180,31,659
2230,04/10/16 22,0,0.183692,0.637165,0.179143,0.998287,0.839751,0.001049,0.149725,0.159292,31,659
2231,04/10/16 23,0,0.152273,0.724335,0.127490,0.998275,0.838835,0.001118,0.150946,0.163350,31,662
2232,05/10/16 00,0,0.170388,0.656451,0.173161,0.998082,0.838110,0.001489,0.151839,0.228206,31,662
2233,05/10/16 01,0,0.141333,0.712468,0.146199,0.997747,0.837085,0.001919,0.153220,0.177727,31,659
2234,05/10/16 02,0,0.141620,0.741554,0.124395,0.997830,0.836477,0.001538,0.154035,0.138414,31,657
2235,05/10/16 03,0,0.142534,0.734461,0.123005,0.998262,0.836117,0.001198,0.154602,0.169688,31,655
2236,05/10/16 04,0,0.146469,0.745201,0.117569,0.998303,0.836815,0.000949,0.153635,0.171861,31,657
2237,05/10/16 05,0,0.118109,0.793746,0.099974,0.998317,0.836566,0.000867,0.153887,0.234791,31,658
2238,05/10/16 06,0,0.103229,0.815287,0.081484,0.997962,0.835248,0.001642,0.155650,0.182856,31,660
2239,05/10/16 07,0,0.133964,0.762159,0.103876,0.997960,0.835043,0.001646,0.155936,0.169688,31,657
2240,05/10/16 08,0,0.158649,0.699853,0.141498,0.997797,0.835728,0.001700,0.154916,0.188956,31,655
2241,05/10/16 09,0,0.135868,0.755931,0.108201,0.998210,0.834848,0.001324,0.156105,0.147159,31,658
2242,05/10/16 10,0,0.101324,0.840637,0.073004,0.998177,0.834257,0.001266,0.156869,0.114608,31,657
2243,05/10/16 11,0,0.117240,0.799965,0.082795,0.998280,0.833873,0.000986,0.157447,0.110925,31,653
2244,05/10/16 12,0,0.123976,0.782619,0.093405,0.998334,0.833351,0.000768,0.158191,0.115267,31,655
2245,05/10/16 13,0,0.119208,0.788853,0.091939,0.998290,0.833896,0.001028,0.157333,0.234791,31,655
2246,05/10/16 14,0,0.151164,0.683528,0.165308,0.998191,0.834369,0.001349,0.156381,0.349313,31,655
2247,05/10/16 15,0,0.114925,0.804559,0.089285,0.998062,0.834023,0.001247,0.156973,0.272046,31,658
2248,05/10/16 16,0,0.111293,0.797238,0.091469,0.998012,0.833300,0.000971,0.157971,0.211869,31,656
2249,05/10/16 17,0,0.121809,0.777734,0.100457,0.998336,0.833469,0.000756,0.157843,0.165004,31,656
2250,05/10/16 18,0,0.136068,0.776918,0.087014,0.997994,0.835392,0.001601,0.155372,0.169688,31,653
2251,05/10/16 19,0,0.135302,0.762462,0.111738,0.998002,0.835457,0.001591,0.155193,0.312739,31,661
2252,05/10/16 20,0,0.149696,0.701746,0.148558,0.998084,0.835344,0.001485,0.155391,0.243561,31,659
2253,05/10/16 21,0,0.149783,0.709189,0.145608,0.998255,0.836392,0.001238,0.154091,0.189686,31,658
2254,05/10/16 22,0,0.168658,0.666372,0.164970,0.998258,0.837411,0.001222,0.152716,0.220873,31,657
2255,05/10/16 23,0,0.182898,0.590012,0.227090,0.998299,0.838171,0.000974,0.151405,0.287230,31,663
2256,06/10/16 00,0,0.192206,0.538474,0.269320,0.997889,0.838935,0.001736,0.149929,0.286089,31,662
2257,06/10/16 01,0,0.197898,0.512044,0.290058,0.997908,0.838023,0.001538,0.151236,0.248019,31,662
2258,06/10/16 02,0,0.188414,0.561287,0.250298,0.998262,0.837920,0.001198,0.151498,0.193158,31,660
2259,06/10/16 03,0,0.123369,0.795955,0.093070,0.998263,0.838038,0.001190,0.151346,0.234791,31,656
2260,06/10/16 04,0,0.136928,0.763382,0.108432,0.998303,0.836663,0.000949,0.153298,0.182856,31,662
2261,06/10/16 05,0,0.117780,0.786171,0.096902,0.997768,0.836400,0.001538,0.153756,0.169688,31,657
2262,06/10/16 06,0,0.147113,0.737488,0.117438,0.998262,0.839005,0.001198,0.150251,0.234791,31,653
2263,06/10/16 07,0,0.157637,0.650233,0.192130,0.998274,0.839838,0.001124,0.148915,0.351646,31,662
2264,06/10/16 08,0,0.103824,0.814217,0.081960,0.997928,0.837412,0.001686,0.152299,0.273862,31,667
2265,06/10/16 09,0,0.091986,0.830746,0.077268,0.997713,0.835625,0.001391,0.154799,0.213284,31,660
2266,06/10/16 10,0,0.110841,0.816259,0.072900,0.997814,0.834534,0.001084,0.156372,0.166106,31,652
2267,06/10/16 11,0,0.103460,0.816584,0.079956,0.997863,0.833621,0.000844,0.157676,0.129363,31,651
2268,06/10/16 12,0,0.102401,0.814915,0.082684,0.998303,0.832934,0.000657,0.158619,0.100748,31,653
2269,06/10/16 13,0,0.109899,0.814258,0.081255,0.998376,0.833241,0.000512,0.158218,0.102591,31,654
2270,06/10/16 14,0,0.133559,0.726793,0.149819,0.997903,0.836029,0.001718,0.154033,0.417977,31,654
2271,06/10/16 15,0,0.115671,0.803359,0.086670,0.997580,0.837204,0.001379,0.152565,0.325521,31,662
2272,06/10/16 16,0,0.143407,0.762285,0.094308,0.997768,0.837452,0.001074,0.152390,0.253516,31,666
2273,06/10/16 17,0,0.126514,0.775950,0.097536,0.998262,0.836899,0.000837,0.153212,0.197438,31,661
2274,06/10/16 18,0,0.130656,0.763096,0.106248,0.998353,0.836240,0.000652,0.154163,0.153765,31,660
2275,06/10/16 19,0,0.133265,0.754294,0.112441,0.998272,0.835675,0.001136,0.154978,0.119752,31,656
2276,06/10/16 20,0,0.138459,0.748043,0.116947,0.998149,0.835398,0.001235,0.155321,0.114453,31,655
2277,06/10/16 21,0,0.141848,0.737871,0.120282,0.998295,0.835940,0.000962,0.154578,0.118279,31,655
2278,06/10/16 22,0,0.144152,0.729800,0.126048,0.998337,0.838270,0.000749,0.151093,0.271981,31,656
2279,06/10/16 23,0,0.164484,0.677618,0.157898,0.998336,0.839608,0.000753,0.149385,0.211819,31,664
2280,07/10/16 00,0,0.178984,0.612743,0.208273,0.998312,0.839951,0.000899,0.148914,0.251369,31,666
2281,07/10/16 01,0,0.188262,0.572639,0.239099,0.998095,0.839959,0.001219,0.148927,0.232839,31,666
2282,07/10/16 02,0,0.194210,0.550797,0.254993,0.998303,0.840436,0.000949,0.148322,0.214308,31,662
2283,07/10/16 03,0,0.149128,0.711654,0.160765,0.997945,0.841099,0.001065,0.147466,0.169688,31,659
2284,07/10/16 04,0,0.149317,0.710169,0.140513,0.998262,0.841597,0.000829,0.146855,0.185949,31,662
2285,07/10/16 05,0,0.150690,0.709026,0.141374,0.998303,0.840333,0.000646,0.148614,0.144817,31,663
2286,07/10/16 06,0,0.154475,0.702278,0.143247,0.998378,0.840196,0.000503,0.148737,0.234791,31,662
2287,07/10/16 07,0,0.163117,0.684673,0.152209,0.997497,0.839981,0.001304,0.149191,0.182856,31,658
2288,07/10/16 08,0,0.162772,0.682483,0.154745,0.997349,0.840263,0.001015,0.148889,0.208688,31,661
2289,07/10/16 09,0,0.136868,0.733873,0.129259,0.997880,0.838916,0.000791,0.150791,0.162527,31,662
2290,07/10/16 10,0,0.135175,0.737590,0.127235,0.997519,0.837460,0.000616,0.152822,0.126576,31,661
2291,07/10/16 11,0,0.134390,0.739592,0.126018,0.997474,0.836464,0.000480,0.154253,0.110925,31,656
2292,07/10/16 12,0,0.133954,0.740828,0.125217,0.997918,0.835549,0.000374,0.155475,0.114345,31,655
2293,07/10/16 13,0,0.133686,0.741651,0.124664,0.998379,0.834796,0.000291,0.156506,0.101860,31,656
2294,07/10/16 14,0,0.133509,0.742224,0.124268,0.998236,0.834319,0.001290,0.157173,0.101860,31,655
2295,07/10/16 15,0,0.133387,0.742634,0.123978,0.998194,0.835302,0.001345,0.155574,0.308663,31,655
2296,07/10/16 16,0,0.133301,0.742935,0.123763,0.997853,0.834736,0.001782,0.156381,0.240387,31,658
2297,07/10/16 17,0,0.133881,0.743208,0.123563,0.997853,0.834034,0.001782,0.157353,0.187213,31,658
2298,07/10/16 18,0,0.135925,0.743414,0.123411,0.997853,0.833683,0.001709,0.157859,0.145802,31,654
2299,07/10/16 19,0,0.133135,0.743571,0.123295,0.997853,0.833495,0.001331,0.158124,0.113551,31,654
2300,07/10/16 20,0,0.133104,0.743691,0.123205,0.997896,0.833339,0.001036,0.158329,0.101860,31,654
2301,07/10/16 21,0,0.133081,0.743783,0.123136,0.998327,0.834749,0.000807,0.156151,0.348694,31,656
2302,07/10/16 22,0,0.133063,0.743854,0.123083,0.998287,0.835084,0.001045,0.155741,0.271563,31,657
2303,07/10/16 23,0,0.133049,0.743909,0.123042,0.998314,0.834656,0.000886,0.156362,0.211493,31,661
2304,08/10/16 00,0,0.133038,0.743952,0.123010,0.998302,0.834022,0.000957,0.157294,0.164711,31,657
2305,08/10/16 01,0,0.133030,0.743985,0.122985,0.998290,0.833536,0.001027,0.157995,0.128277,31,656
2306,08/10/16 02,0,0.133024,0.744011,0.122965,0.998262,0.834720,0.001198,0.156252,0.234791,31,654
2307,08/10/16 03,0,0.149017,0.706484,0.144498,0.998272,0.835823,0.001136,0.154704,0.234791,31,657
2308,08/10/16 04,0,0.117975,0.801910,0.091599,0.997956,0.836069,0.001219,0.154362,0.182856,31,659
2309,08/10/16 05,0,0.147649,0.740452,0.111899,0.998303,0.835780,0.000949,0.154713,0.169688,31,661
2310,08/10/16 06,0,0.129551,0.749962,0.121546,0.998262,0.836869,0.001198,0.152964,0.312739,31,659
2311,08/10/16 07,0,0.159393,0.663958,0.177169,0.998287,0.837635,0.001049,0.151851,0.243561,31,659
2312,08/10/16 08,0,0.148217,0.740446,0.111337,0.998033,0.837036,0.001551,0.152839,0.189686,31,660
2313,08/10/16 09,0,0.130212,0.764429,0.107906,0.997713,0.835614,0.001963,0.154887,0.147727,31,660
2314,08/10/16 10,0,0.132927,0.756721,0.110352,0.997814,0.834771,0.001813,0.156132,0.115050,31,658
2315,08/10/16 11,0,0.134757,0.749887,0.115642,0.997852,0.835135,0.001412,0.155741,0.115347,31,653
2316,08/10/16 12,0,0.136548,0.743869,0.119949,0.997713,0.835649,0.001100,0.155116,0.143491,31,655
2317,08/10/16 13,0,0.158505,0.705588,0.135907,0.997882,0.836342,0.000857,0.154067,0.201443,31,660
2318,08/10/16 14,0,0.174977,0.626825,0.198198,0.998350,0.839051,0.000667,0.150104,0.273862,31,660
2319,08/10/16 15,0,0.147943,0.735003,0.126154,0.997808,0.840098,0.001795,0.148733,0.213284,31,663
2320,08/10/16 16,0,0.136583,0.752649,0.110768,0.997797,0.838843,0.001398,0.150554,0.166106,31,667
2321,08/10/16 17,0,0.105422,0.799914,0.094664,0.997797,0.837295,0.001089,0.152706,0.129363,31,659
2322,08/10/16 18,0,0.121092,0.795250,0.083658,0.997713,0.836075,0.000848,0.154442,0.122507,31,656
2323,08/10/16 19,0,0.120442,0.764849,0.114708,0.997915,0.835894,0.000660,0.154432,0.339984,31,655
2324,08/10/16 20,0,0.094731,0.837507,0.067762,0.998376,0.834374,0.000514,0.156579,0.264780,31,656
2325,08/10/16 21,0,0.084077,0.856031,0.062697,0.998263,0.833157,0.001190,0.158292,0.206211,31,656
2326,08/10/16 22,0,0.123580,0.792846,0.083574,0.997713,0.832597,0.001963,0.159151,0.160597,31,652
2327,08/10/16 23,0,0.113829,0.803563,0.083166,0.997713,0.832141,0.001565,0.159853,0.125073,31,652
2328,09/10/16 00,0,0.145318,0.739265,0.115418,0.997822,0.831935,0.001219,0.160166,0.167983,31,653
2329,09/10/16 01,0,0.129625,0.756813,0.113562,0.998303,0.832048,0.000949,0.160057,0.130825,31,655
2330,09/10/16 02,0,0.125373,0.777895,0.096731,0.998303,0.833259,0.000949,0.158433,0.169688,31,653
2331,09/10/16 03,0,0.147202,0.741612,0.111187,0.998262,0.834190,0.001074,0.157126,0.169688,31,655
2332,09/10/16 04,0,0.136490,0.722125,0.141385,0.998262,0.836212,0.000837,0.154089,0.340914,31,659
2333,09/10/16 05,0,0.149271,0.705430,0.145299,0.998353,0.837675,0.000652,0.151992,0.265504,31,663
2334,09/10/16 06,0,0.159984,0.657339,0.182677,0.998305,0.839513,0.000939,0.149016,0.337743,31,663
2335,09/10/16 07,0,0.173467,0.638102,0.188614,0.998012,0.840746,0.001578,0.147626,0.263035,31,664
2336,09/10/16 08,0,0.130877,0.761420,0.121008,0.997768,0.840054,0.001892,0.148657,0.228212,31,666
2337,09/10/16 09,1,0.148646,0.704827,0.146527,0.997768,0.839480,0.001892,0.149329,0.322324,31,663
2338,09/10/16 10,1,0.161375,0.679867,0.158758,0.997863,0.838242,0.001694,0.151226,0.251026,31,661
2339,09/10/16 11,1,0.171974,0.658521,0.169504,0.998177,0.837713,0.001319,0.152106,0.195499,31,658
2340,09/10/16 12,1,0.181082,0.639348,0.179570,0.998282,0.838754,0.001027,0.150861,0.161891,31,657
2341,09/10/16 13,1,0.190216,0.600400,0.209384,0.998328,0.840702,0.000800,0.148014,0.210848,31,661
2342,09/10/16 14,1,0.197116,0.556167,0.248841,0.998278,0.842597,0.001101,0.144946,0.287970,31,665
2343,09/10/16 15,1,0.201563,0.506290,0.292147,0.997808,0.841706,0.001159,0.146157,0.284507,31,669
2344,09/10/16 16,1,0.204343,0.493022,0.302634,0.997532,0.840558,0.000903,0.147799,0.236707,31,665
2345,09/10/16 17,1,0.203707,0.518902,0.277391,0.997943,0.839359,0.000703,0.149637,0.184348,31,660
2346,09/10/16 18,1,0.187747,0.572800,0.239453,0.998370,0.837738,0.000548,0.151967,0.143570,31,659
2347,09/10/16 19,1,0.162283,0.639718,0.197999,0.997463,0.836321,0.002285,0.154026,0.144222,31,658
2348,09/10/16 20,1,0.172315,0.657302,0.170383,0.997531,0.835252,0.001920,0.155527,0.200411,31,655
2349,09/10/16 21,1,0.183489,0.618599,0.197912,0.998077,0.834350,0.001495,0.156758,0.195778,31,654
2350,09/10/16 22,1,0.190410,0.596729,0.212861,0.997855,0.833916,0.001547,0.157374,0.181880,31,655
2351,09/10/16 23,1,0.194395,0.591177,0.214428,0.998261,0.833613,0.001204,0.157866,0.158717,31,653
2352,10/10/16 00,1,0.174007,0.635453,0.190540,0.997873,0.833499,0.001152,0.158046,0.123609,31,655
2353,10/10/16 01,1,0.134022,0.718346,0.147632,0.998262,0.833679,0.000897,0.157835,0.115157,31,654
2354,10/10/16 02,1,0.131887,0.773964,0.098193,0.998262,0.834634,0.000698,0.156572,0.169688,31,655
2355,10/10/16 03,1,0.119816,0.777436,0.102747,0.998371,0.834620,0.000544,0.156367,0.270475,31,657
2356,10/10/16 04,1,0.118105,0.795033,0.088613,0.998313,0.835789,0.000714,0.154808,0.234791,31,657
2357,10/10/16 05,1,0.148558,0.709026,0.142416,0.998369,0.837261,0.000556,0.152720,0.234791,31,659
2358,10/10/16 06,1,0.135560,0.759234,0.105206,0.998262,0.837967,0.001014,0.151796,0.226704,31,664
2359,10/10/16 07,1,0.159347,0.706541,0.144400,0.998299,0.839430,0.000790,0.149848,0.240288,31,660
2360,10/10/16 08,1,0.167588,0.646085,0.186327,0.998359,0.839340,0.000615,0.149984,0.224932,31,665
2361,10/10/16 09,1,0.179012,0.613810,0.207178,0.998094,0.839281,0.001473,0.150114,0.194218,31,665
2362,10/10/16 10,1,0.187649,0.580867,0.231484,0.998165,0.839815,0.001382,0.149319,0.212528,31,661
2363,10/10/16 11,1,0.194428,0.547942,0.257631,0.998257,0.842773,0.001228,0.145237,0.236707,31,662
2364,10/10/16 12,1,0.198465,0.534171,0.267364,0.998288,0.844612,0.000958,0.142574,0.221194,31,667
2365,10/10/16 13,1,0.201448,0.524608,0.273944,0.998337,0.844322,0.000746,0.142624,0.287970,31,672
2366,10/10/16 14,1,0.192373,0.600265,0.207362,0.998335,0.842034,0.000759,0.145949,0.224271,31,669
2367,10/10/16 15,1,0.174277,0.638046,0.187678,0.998305,0.840315,0.000942,0.148411,0.174662,31,660
2368,10/10/16 16,1,0.149293,0.690456,0.160251,0.998257,0.838844,0.001228,0.150540,0.136027,31,654
2369,10/10/16 17,1,0.134405,0.724312,0.141283,0.998025,0.839323,0.001562,0.149662,0.286338,31,656
2370,10/10/16 18,1,0.130725,0.736359,0.132916,0.998185,0.838059,0.001356,0.151472,0.223000,31,660
2371,10/10/16 19,1,0.135396,0.739078,0.129643,0.998282,0.838262,0.001081,0.151341,0.173673,31,660
2372,10/10/16 20,1,0.127827,0.747687,0.124486,0.998279,0.837169,0.001098,0.152775,0.256388,31,660
2373,10/10/16 21,1,0.148374,0.724042,0.127584,0.998270,0.836443,0.001151,0.153828,0.199675,31,658
2374,10/10/16 22,1,0.168266,0.645571,0.186163,0.998255,0.836258,0.001240,0.153995,0.256388,31,655
2375,10/10/16 23,1,0.163916,0.670532,0.170962,0.997917,0.835588,0.001701,0.154940,0.199675,31,659
2376,11/10/16 00,1,0.177612,0.626657,0.195731,0.997861,0.834705,0.001340,0.156158,0.217857,31,656
2377,11/10/16 01,1,0.184817,0.616755,0.198429,0.998262,0.833938,0.001044,0.157308,0.169667,31,656
2378,11/10/16 02,1,0.171690,0.644945,0.183366,0.998326,0.833641,0.000813,0.157744,0.132137,31,654
2379,11/10/16 03,1,0.118627,0.791917,0.089456,0.998303,0.836188,0.000949,0.154265,0.234791,31,655
2380,11/10/16 04,1,0.149156,0.705772,0.145072,0.998303,0.838627,0.000949,0.150720,0.284586,31,659
2381,11/10/16 05,1,0.156977,0.653383,0.194351,0.998298,0.839786,0.000980,0.148550,0.371410,31,668
2382,11/10/16 06,1,0.176036,0.558260,0.268736,0.998307,0.840439,0.000928,0.147228,0.353424,31,666
2383,11/10/16 07,1,0.189001,0.494653,0.318902,0.998297,0.843090,0.000987,0.143218,0.344974,31,664
2384,11/10/16 08,1,0.196833,0.305066,0.540471,0.998278,0.845023,0.001104,0.138620,0.684355,31,667
2385,11/10/16 09,1,0.179852,0.286425,0.533723,0.998289,0.843566,0.001034,0.141134,0.532976,31,671
2386,11/10/16 10,1,0.187262,0.244014,0.568723,0.998305,0.843185,0.000942,0.142022,0.494642,31,667
2387,11/10/16 11,1,0.191502,0.177411,0.653049,0.998295,0.845174,0.000958,0.138387,0.627418,31,662
2388,11/10/16 12,1,0.192817,0.091440,0.799082,0.998337,0.846834,0.000746,0.133974,0.819965,31,667
2389,11/10/16 13,1,0.170694,0.056615,0.851198,0.998228,0.847433,0.001300,0.129154,0.850000,31,674
2390,11/10/16 14,1,0.157477,0.283822,0.558701,0.997932,0.846602,0.001240,0.132411,0.661981,31,669
2391,11/10/16 15,1,0.156455,0.530689,0.336516,0.997864,0.844496,0.000966,0.137004,0.515551,31,669
2392,11/10/16 16,1,0.147922,0.711719,0.157119,0.998336,0.842338,0.000752,0.141334,0.401512,31,659
2393,11/10/16 17,1,0.115278,0.770655,0.114067,0.997792,0.839846,0.000837,0.145758,0.312698,31,660
2394,11/10/16 18,1,0.119964,0.778534,0.101502,0.998262,0.839091,0.000652,0.147403,0.270677,31,656
2395,11/10/16 19,1,0.095988,0.842389,0.073070,0.998317,0.836846,0.000508,0.151156,0.210804,31,656
2396,11/10/16 20,1,0.125997,0.765189,0.108814,0.998254,0.835775,0.000396,0.153077,0.209690,31,656
2397,11/10/16 21,0,0.149911,0.717585,0.132504,0.998317,0.836548,0.000308,0.152494,0.163307,31,653
2398,11/10/16 22,0,0.134203,0.739534,0.126263,0.998275,0.837444,0.000240,0.151654,0.127183,31,654
2399,11/10/16 23,0,0.133224,0.751577,0.118940,0.998293,0.837313,0.000187,0.152061,0.114453,31,661
2400,12/10/16 00,0,0.138469,0.749117,0.117046,0.998252,0.836923,0.000146,0.152784,0.114453,31,660
2401,12/10/16 01,0,0.141850,0.737925,0.122940,0.997960,0.837051,0.000113,0.152801,0.114453,31,658
2402,12/10/16 02,0,0.144150,0.729860,0.125990,0.998303,0.837551,0.000088,0.152285,0.169688,31,658
2403,12/10/16 03,0,0.147387,0.723927,0.130300,0.998335,0.838545,0.000069,0.151079,0.169688,31,660
2404,12/10/16 04,0,0.146948,0.719496,0.133556,0.998390,0.838955,0.000054,0.150520,0.234791,31,661
2405,12/10/16 05,0,0.149084,0.706315,0.144600,0.998379,0.839555,0.000042,0.149690,0.234791,31,661
2406,12/10/16 06,0,0.148459,0.713614,0.137927,0.998374,0.839655,0.000032,0.149580,0.182856,31,663
2407,12/10/16 07,0,0.156101,0.711673,0.139381,0.998404,0.839833,0.000025,0.149380,0.169688,31,661
2408,12/10/16 08,0,0.149317,0.710178,0.140506,0.998313,0.839045,0.000020,0.150525,0.132153,31,663
2409,12/10/16 09,0,0.149600,0.709029,0.141371,0.998260,0.838647,0.000015,0.151095,0.120783,31,660
2410,12/10/16 10,0,0.154482,0.703924,0.142041,0.998399,0.838715,0.000012,0.151021,0.125822,31,658
2411,12/10/16 11,0,0.156997,0.696660,0.146343,0.998281,0.838958,0.000009,0.150717,0.137456,31,659
2412,12/10/16 12,0,0.174969,0.661827,0.163203,0.998385,0.839325,0.000007,0.150280,0.151193,31,661
2413,12/10/16 13,0,0.137114,0.733873,0.129259,0.998296,0.840106,0.000995,0.148967,0.295001,31,662
2414,12/10/16 14,0,0.161685,0.668441,0.169874,0.997939,0.839760,0.001673,0.149364,0.263187,31,664
2415,12/10/16 15,0,0.138983,0.739592,0.126018,0.998080,0.839014,0.001339,0.150439,0.204970,31,662
2416,12/10/16 16,0,0.133954,0.740828,0.125217,0.997851,0.837710,0.001043,0.152214,0.159631,31,659
2417,12/10/16 17,0,0.133686,0.741651,0.124664,0.998326,0.836189,0.000812,0.154301,0.124321,31,657
2418,12/10/16 18,0,0.133509,0.742224,0.124268,0.997801,0.835063,0.001342,0.155831,0.101860,31,655
2419,12/10/16 19,0,0.133387,0.742634,0.123978,0.998287,0.834588,0.001045,0.156522,0.101860,31,652
2420,12/10/16 20,0,0.133301,0.742935,0.123763,0.998136,0.833948,0.001419,0.157380,0.101860,31,654
2421,12/10/16 21,0,0.121705,0.778312,0.099983,0.997990,0.833513,0.001607,0.158013,0.106765,31,656
2422,12/10/16 22,0,0.118566,0.797822,0.083612,0.997853,0.833373,0.001782,0.158193,0.113873,31,654
2423,12/10/16 23,0,0.125681,0.782408,0.091912,0.997853,0.833311,0.001782,0.158297,0.106765,31,654
2424,13/10/16 00,0,0.130045,0.767929,0.102026,0.997853,0.833734,0.001538,0.157794,0.122047,31,654
2425,13/10/16 01,0,0.150872,0.733707,0.115421,0.998262,0.834403,0.001198,0.156926,0.148005,31,655
2426,13/10/16 02,0,0.168362,0.671915,0.159723,0.998262,0.835778,0.001198,0.154915,0.211789,31,659
2427,13/10/16 03,0,0.153238,0.693016,0.153746,0.998303,0.838538,0.000949,0.150920,0.262732,31,659
2428,13/10/16 04,0,0.146925,0.742755,0.110320,0.998303,0.838610,0.000949,0.150945,0.204616,31,665
2429,13/10/16 05,0,0.121585,0.794730,0.084212,0.998262,0.837994,0.001198,0.151696,0.234791,31,666
2430,13/10/16 06,0,0.148288,0.711240,0.140472,0.998262,0.837582,0.001198,0.152200,0.234791,31,661
2431,13/10/16 07,0,0.127725,0.775006,0.097269,0.997853,0.837440,0.001782,0.152496,0.182856,31,656
2432,13/10/16 08,0,0.156588,0.708768,0.134644,0.997924,0.836976,0.001692,0.153149,0.181439,31,657
2433,13/10/16 09,0,0.108348,0.810150,0.081502,0.997980,0.835481,0.001523,0.155202,0.141305,31,660
2434,13/10/16 10,0,0.091102,0.841517,0.067381,0.998110,0.834093,0.001186,0.157088,0.110048,31,655
2435,13/10/16 11,0,0.116913,0.805817,0.081568,0.998250,0.833385,0.000924,0.158074,0.125664,31,653
2436,13/10/16 12,0,0.121779,0.771727,0.106494,0.998342,0.833710,0.000719,0.157413,0.274010,31,653
2437,13/10/16 13,0,0.106420,0.814910,0.078670,0.998322,0.832984,0.000841,0.158485,0.213399,31,655
2438,13/10/16 14,0,0.111001,0.802410,0.086588,0.998096,0.832445,0.001471,0.159283,0.166195,31,655
2439,13/10/16 15,0,0.099464,0.817433,0.083121,0.997775,0.832203,0.001883,0.159610,0.129433,31,653
2440,13/10/16 16,0,0.112400,0.807473,0.080127,0.997713,0.832081,0.001963,0.159784,0.105967,31,653
2441,13/10/16 17,0,0.119029,0.803371,0.077600,0.997713,0.833347,0.001963,0.158113,0.169688,31,654
2442,13/10/16 18,0,0.148449,0.734439,0.119651,0.997713,0.836348,0.001963,0.153967,0.200209,31,656
2443,13/10/16 19,0,0.121636,0.789085,0.089279,0.997713,0.835607,0.001963,0.155069,0.155923,31,663
2444,13/10/16 20,0,0.128614,0.769966,0.101421,0.997768,0.834685,0.001892,0.156381,0.121433,31,661
2445,13/10/16 21,0,0.130593,0.761250,0.108279,0.997847,0.834401,0.001791,0.156836,0.106765,31,656
2446,13/10/16 22,0,0.137543,0.745601,0.116855,0.997768,0.835129,0.001892,0.155931,0.123552,31,654
2447,13/10/16 23,0,0.144705,0.729575,0.125720,0.997938,0.835898,0.001671,0.154939,0.158180,31,655
2448,14/10/16 00,0,0.161964,0.690688,0.147348,0.998227,0.837175,0.001302,0.153011,0.219313,31,661
2449,14/10/16 01,0,0.177469,0.613543,0.208988,0.998289,0.838664,0.001037,0.150612,0.278565,31,660
2450,14/10/16 02,0,0.136936,0.759529,0.103535,0.998321,0.839942,0.000843,0.148872,0.234791,31,662
2451,14/10/16 03,0,0.148364,0.710782,0.140855,0.998262,0.841031,0.001198,0.147370,0.234791,31,663
2452,14/10/16 04,0,0.147941,0.737923,0.120232,0.998303,0.841046,0.000949,0.147482,0.182856,31,665
2453,14/10/16 05,0,0.144149,0.729845,0.126006,0.998303,0.839772,0.000949,0.149290,0.142408,31,665
2454,14/10/16 06,0,0.145773,0.723908,0.130319,0.998262,0.840162,0.001198,0.148710,0.234791,31,660
2455,14/10/16 07,0,0.146948,0.719480,0.133572,0.998269,0.839906,0.001153,0.149176,0.182856,31,658
2456,14/10/16 08,0,0.161402,0.627249,0.211349,0.997594,0.839904,0.001692,0.148996,0.410297,31,661
2457,14/10/16 09,0,0.151971,0.713607,0.137934,0.997404,0.839750,0.001318,0.149314,0.319540,31,661
2458,14/10/16 10,0,0.161977,0.694528,0.143495,0.997978,0.839610,0.001027,0.149648,0.248858,31,661
2459,14/10/16 11,0,0.167786,0.678856,0.153359,0.998328,0.839496,0.000799,0.149918,0.193811,31,661
2460,14/10/16 12,0,0.174494,0.662427,0.163079,0.997616,0.839372,0.002088,0.150203,0.150940,31,662
2461,14/10/16 13,0,0.173909,0.659580,0.166511,0.997595,0.839299,0.002115,0.150462,0.133021,31,662
2462,14/10/16 14,0,0.138019,0.734738,0.128577,0.997479,0.837882,0.001975,0.152405,0.103597,31,663
2463,14/10/16 15,0,0.135037,0.738248,0.126715,0.997768,0.836694,0.001538,0.154012,0.101860,31,659
2464,14/10/16 16,0,0.134285,0.740098,0.125617,0.998262,0.835664,0.001198,0.155372,0.101860,31,655
2465,14/10/16 17,0,0.133873,0.741219,0.124908,0.998281,0.834817,0.001081,0.156466,0.119786,31,656
2466,14/10/16 18,0,0.133623,0.741954,0.124424,0.997768,0.834015,0.001892,0.157498,0.113414,31,655
2467,14/10/16 19,0,0.133460,0.742458,0.125181,0.997768,0.834679,0.001892,0.156196,0.395629,31,654
2468,14/10/16 20,0,0.133350,0.742817,0.123834,0.997768,0.834045,0.001892,0.157079,0.308116,31,655
2469,14/10/16 21,0,0.139719,0.743077,0.123651,0.997955,0.834899,0.001595,0.155932,0.239961,31,657
2470,14/10/16 22,0,0.149759,0.699668,0.150573,0.998255,0.835836,0.001242,0.154611,0.272583,31,657
2471,14/10/16 23,0,0.143810,0.743414,0.123411,0.998294,0.835843,0.001004,0.154689,0.212288,31,661
2472,15/10/16 00,0,0.133135,0.743571,0.123295,0.998331,0.835221,0.000782,0.155597,0.165330,31,659
2473,15/10/16 01,0,0.106077,0.815751,0.080083,0.998303,0.834176,0.000949,0.157099,0.128759,31,657
2474,15/10/16 02,0,0.118897,0.789417,0.091686,0.998303,0.833629,0.000949,0.157863,0.103617,31,656
2475,15/10/16 03,0,0.125165,0.776268,0.098566,0.998262,0.833978,0.000822,0.157398,0.113465,31,652
2476,15/10/16 04,0,0.123525,0.772000,0.104475,0.997853,0.835568,0.000640,0.155191,0.234791,31,653
2477,15/10/16 05,0,0.149806,0.731183,0.122345,0.998303,0.835780,0.000498,0.154917,0.182856,31,661
2478,15/10/16 06,0,0.103146,0.829055,0.074637,0.998262,0.834700,0.000388,0.156448,0.142408,31,661
2479,15/10/16 07,0,0.129162,0.787078,0.083760,0.998392,0.834542,0.000302,0.156704,0.131540,31,655
2480,15/10/16 08,0,0.140933,0.754939,0.104128,0.998290,0.834845,0.001028,0.156301,0.124925,31,655
2481,15/10/16 09,0,0.162437,0.691949,0.145614,0.998092,0.837645,0.001475,0.151883,0.404915,31,657
2482,15/10/16 10,0,0.162301,0.687852,0.149847,0.998088,0.837912,0.001480,0.151674,0.315348,31,664
2483,15/10/16 11,0,0.155179,0.697933,0.146888,0.998139,0.838478,0.001416,0.151056,0.245594,31,662
2484,15/10/16 12,0,0.156490,0.694895,0.148616,0.998060,0.838613,0.001501,0.150882,0.191269,31,664
2485,15/10/16 13,0,0.165786,0.661800,0.172415,0.997719,0.839542,0.001169,0.149395,0.259754,31,663
2486,15/10/16 14,0,0.133683,0.773920,0.105873,0.997713,0.839357,0.000911,0.149721,0.202297,31,661
2487,15/10/16 15,0,0.148754,0.736794,0.114452,0.997713,0.839244,0.000709,0.149906,0.157549,31,661
2488,15/10/16 16,0,0.151339,0.722342,0.126319,0.997913,0.839171,0.000552,0.150113,0.127076,31,661
2489,15/10/16 17,0,0.141832,0.738062,0.120106,0.997953,0.838665,0.000430,0.150890,0.116284,31,659
2490,15/10/16 18,0,0.144139,0.729951,0.125909,0.998406,0.839119,0.000335,0.150363,0.169688,31,658
2491,15/10/16 19,0,0.151284,0.689775,0.158940,0.997789,0.839927,0.001327,0.149134,0.308759,31,659
2492,15/10/16 20,0,0.163594,0.690865,0.145541,0.998278,0.839978,0.001034,0.149191,0.240462,31,662
2493,15/10/16 21,0,0.177654,0.655226,0.167120,0.998328,0.840108,0.000805,0.149090,0.187272,31,662
2494,15/10/16 22,0,0.187324,0.615814,0.196861,0.998221,0.841091,0.001309,0.147773,0.195285,31,661
2495,15/10/16 23,0,0.154783,0.697059,0.148158,0.997713,0.840033,0.001963,0.149141,0.235955,31,665
2496,16/10/16 00,0,0.174909,0.593492,0.231600,0.997666,0.839121,0.002010,0.150177,0.344539,31,662
2497,16/10/16 01,0,0.183873,0.577872,0.238255,0.997733,0.838073,0.001565,0.151662,0.268327,31,660
2498,16/10/16 02,0,0.138587,0.742945,0.138764,0.997842,0.837193,0.001219,0.152850,0.208973,31,656
2499,16/10/16 03,0,0.140005,0.740621,0.119374,0.998303,0.837778,0.000949,0.152089,0.234791,31,655
2500,16/10/16 04,0,0.148380,0.710413,0.141207,0.998262,0.839204,0.000844,0.150139,0.234791,31,658
2501,16/10/16 05,0,0.147702,0.739851,0.112447,0.997768,0.838020,0.000657,0.151743,0.182856,31,661
2502,16/10/16 06,0,0.165527,0.690915,0.143557,0.998044,0.839620,0.000512,0.149598,0.234791,31,663
2503,16/10/16 07,0,0.165050,0.643121,0.191829,0.997970,0.839824,0.000399,0.149147,0.270475,31,659
2504,16/10/16 08,0,0.099468,0.833717,0.079778,0.998401,0.837685,0.000311,0.152110,0.210646,31,665
2505,16/10/16 09,0,0.107934,0.813480,0.078586,0.998159,0.836395,0.001390,0.153981,0.164052,31,657
2506,16/10/16 10,0,0.118489,0.801149,0.080362,0.998097,0.835019,0.001408,0.155902,0.127763,31,653
2507,16/10/16 11,0,0.125932,0.779914,0.094154,0.998274,0.834222,0.001096,0.157042,0.106765,31,655
2508,16/10/16 12,0,0.130217,0.766089,0.103694,0.998319,0.834552,0.000854,0.156650,0.110761,31,653
2509,16/10/16 13,0,0.137373,0.756573,0.110496,0.998157,0.835028,0.001392,0.156046,0.141610,31,654
2510,16/10/16 14,0,0.159752,0.701466,0.138783,0.998081,0.835842,0.001489,0.154845,0.198622,31,660
2511,16/10/16 15,0,0.176260,0.623105,0.200635,0.997994,0.837624,0.001412,0.152094,0.271981,31,659
2512,16/10/16 16,0,0.132146,0.766367,0.111255,0.997874,0.836972,0.001099,0.153046,0.211819,31,662
2513,16/10/16 17,0,0.140137,0.744657,0.115205,0.998262,0.836651,0.000856,0.153553,0.164965,31,662
2514,16/10/16 18,0,0.147842,0.725715,0.126442,0.998351,0.835644,0.000667,0.155020,0.128475,31,656
2515,16/10/16 19,0,0.099983,0.808314,0.094039,0.998195,0.834429,0.001344,0.156711,0.101860,31,657
2516,16/10/16 20,0,0.068395,0.863423,0.068471,0.998258,0.833003,0.001122,0.158697,0.079329,31,654
2517,16/10/16 21,0,0.069251,0.873743,0.057007,0.998278,0.831891,0.000874,0.160253,0.061781,31,652
2518,16/10/16 22,0,0.104398,0.825673,0.069929,0.998304,0.831775,0.000681,0.160474,0.103555,31,651
2519,16/10/16 23,0,0.117036,0.796832,0.086132,0.998373,0.831681,0.000530,0.160626,0.102082,31,651
2520,17/10/16 00,0,0.122322,0.786918,0.090760,0.998277,0.831486,0.001106,0.160880,0.101860,31,655
2521,17/10/16 01,0,0.111893,0.810329,0.081909,0.997871,0.831282,0.001219,0.161177,0.112113,31,655
2522,17/10/16 02,0,0.116935,0.790839,0.092226,0.998303,0.831609,0.000949,0.160775,0.121000,31,653
2523,17/10/16 03,0,0.133711,0.758987,0.107302,0.998303,0.832746,0.000949,0.159242,0.169688,31,653
2524,17/10/16 04,0,0.146539,0.744313,0.109148,0.998262,0.835788,0.001198,0.155054,0.234791,31,655
2525,17/10/16 05,0,0.148423,0.709991,0.141586,0.998303,0.836356,0.000949,0.154145,0.234791,31,661
2526,17/10/16 06,0,0.099139,0.833539,0.073875,0.998326,0.835022,0.000813,0.155918,0.182856,31,666
2527,17/10/16 07,0,0.118302,0.795955,0.085743,0.997587,0.833988,0.002124,0.157316,0.142408,31,656
2528,17/10/16 08,0,0.112289,0.807977,0.079735,0.997768,0.833362,0.001892,0.158175,0.110908,31,652
2529,17/10/16 09,0,0.125820,0.743310,0.130870,0.997768,0.834052,0.001892,0.156905,0.325323,31,653
2530,17/10/16 10,0,0.118918,0.797949,0.083133,0.997768,0.833921,0.001892,0.157220,0.253362,31,656
2531,17/10/16 11,0,0.126253,0.777479,0.096268,0.997812,0.834234,0.001709,0.156828,0.197318,31,656
2532,17/10/16 12,0,0.149626,0.734273,0.116101,0.998156,0.836411,0.001331,0.153793,0.294665,31,656
2533,17/10/16 13,0,0.157668,0.710709,0.131623,0.998280,0.837747,0.001036,0.152106,0.229485,31,661
2534,17/10/16 14,0,0.161108,0.693920,0.144972,0.998327,0.838850,0.000807,0.150513,0.199562,31,666
2535,17/10/16 15,0,0.176959,0.620111,0.202929,0.998044,0.840200,0.001538,0.148379,0.266338,31,665
2536,17/10/16 16,0,0.134157,0.765354,0.101466,0.997926,0.840201,0.001688,0.148556,0.207424,31,661
2537,17/10/16 17,0,0.138446,0.749228,0.112325,0.997953,0.839184,0.001654,0.150009,0.161542,31,662
2538,17/10/16 18,0,0.145268,0.737979,0.120183,0.997713,0.838544,0.001963,0.150983,0.131761,31,659
2539,17/10/16 19,0,0.150679,0.721465,0.127856,0.997183,0.837959,0.002645,0.151859,0.124742,31,658
2540,17/10/16 20,0,0.148046,0.720511,0.131443,0.997191,0.839464,0.002489,0.149399,0.400517,31,658
2541,17/10/16 21,0,0.166621,0.684881,0.148498,0.997732,0.839800,0.001938,0.149134,0.311923,31,660
2542,17/10/16 22,0,0.178310,0.658120,0.163570,0.997716,0.840101,0.001959,0.148894,0.242926,31,664
2543,17/10/16 23,0,0.178857,0.651443,0.169700,0.997713,0.839350,0.001963,0.150028,0.189191,31,662
2544,18/10/16 00,0,0.178289,0.649026,0.172685,0.997827,0.838780,0.001816,0.150908,0.147342,31,663
2545,18/10/16 01,0,0.174932,0.653141,0.171928,0.997926,0.838502,0.001538,0.151354,0.130141,31,659
2546,18/10/16 02,0,0.136378,0.736179,0.127443,0.998262,0.837367,0.001198,0.152844,0.121147,31,659
2547,18/10/16 03,0,0.114444,0.800227,0.087923,0.998303,0.836435,0.000949,0.154124,0.111862,31,658
2548,18/10/16 04,0,0.118750,0.791686,0.089565,0.998303,0.836887,0.000949,0.153471,0.234791,31,655
2549,18/10/16 05,0,0.147403,0.741084,0.111513,0.997610,0.836483,0.001278,0.154011,0.182856,31,659
2550,18/10/16 06,0,0.111066,0.810877,0.078614,0.997777,0.835166,0.000995,0.155812,0.142408,31,662
2551,18/10/16 07,0,0.124327,0.769232,0.106441,0.997896,0.835788,0.000775,0.154898,0.234791,31,656
2552,18/10/16 08,0,0.154790,0.629733,0.217223,0.998361,0.838169,0.000603,0.151321,0.454763,31,655
2553,18/10/16 09,0,0.156760,0.659701,0.183748,0.997768,0.838522,0.001188,0.150667,0.362318,31,663
2554,18/10/16 10,0,0.143900,0.747833,0.108267,0.997886,0.838096,0.000925,0.151435,0.282174,31,665
2555,18/10/16 11,0,0.126471,0.768235,0.106920,0.998342,0.837628,0.000721,0.152143,0.219757,31,660
2556,18/10/16 12,0,0.125932,0.773858,0.101359,0.998065,0.837182,0.001366,0.152879,0.171147,31,658
2557,18/10/16 13,0,0.140825,0.751972,0.107490,0.998281,0.837396,0.001064,0.152741,0.135967,31,656
2558,18/10/16 14,0,0.161899,0.697540,0.140561,0.998324,0.837722,0.000829,0.152299,0.177931,31,660
2559,18/10/16 15,0,0.177266,0.629043,0.193691,0.998066,0.838010,0.000863,0.151634,0.247528,31,661
2560,18/10/16 16,0,0.131649,0.757329,0.113885,0.997853,0.837453,0.000672,0.152441,0.192775,31,661
2561,18/10/16 17,0,0.130943,0.764935,0.104122,0.998046,0.836059,0.000523,0.154410,0.150133,31,658
2562,18/10/16 18,0,0.100730,0.809945,0.089325,0.997968,0.834683,0.000408,0.156311,0.116924,31,656
2563,18/10/16 19,0,0.109711,0.806188,0.084101,0.998408,0.834035,0.000317,0.157233,0.110141,31,653
2564,18/10/16 20,0,0.127766,0.774721,0.097513,0.998272,0.833211,0.001136,0.158406,0.116174,31,652
2565,18/10/16 21,0,0.133118,0.758152,0.108730,0.998235,0.832722,0.001292,0.159072,0.110141,31,654
2566,18/10/16 22,0,0.120225,0.773522,0.106253,0.998118,0.833124,0.001442,0.158424,0.286208,31,653
2567,18/10/16 23,0,0.124539,0.784512,0.090948,0.998086,0.832843,0.001483,0.158933,0.222899,31,655
2568,19/10/16 00,0,0.143388,0.753493,0.103119,0.998028,0.832960,0.001393,0.158866,0.173594,31,656
2569,19/10/16 01,0,0.135660,0.752936,0.111405,0.997928,0.832474,0.001085,0.159578,0.135195,31,655
2570,19/10/16 02,0,0.118321,0.792930,0.088972,0.997825,0.833437,0.000845,0.158177,0.234791,31,655
2571,19/10/16 03,0,0.148596,0.708915,0.142489,0.998303,0.834389,0.000658,0.156774,0.234791,31,655
2572,19/10/16 04,0,0.139920,0.756324,0.103756,0.998262,0.834031,0.000512,0.157259,0.182856,31,659
2573,19/10/16 05,0,0.150189,0.727032,0.122779,0.997822,0.834658,0.000399,0.156415,0.169688,31,658
2574,19/10/16 06,0,0.159855,0.702206,0.137939,0.998303,0.838150,0.000311,0.151551,0.234791,31,656
2575,19/10/16 07,0,0.126398,0.772948,0.100654,0.998311,0.838123,0.000242,0.151642,0.184768,31,664
2576,19/10/16 08,0,0.127335,0.777836,0.094829,0.998385,0.836725,0.000462,0.153651,0.143898,31,663
2577,19/10/16 09,0,0.135119,0.756728,0.108154,0.998254,0.835501,0.001243,0.155371,0.113585,31,658
2578,19/10/16 10,0,0.144442,0.734956,0.120602,0.997946,0.834798,0.001664,0.156385,0.121618,31,654
2579,19/10/16 11,0,0.133183,0.754521,0.112295,0.997800,0.836069,0.001851,0.154697,0.133034,31,654
2580,19/10/16 12,0,0.141132,0.748207,0.116844,0.998093,0.837343,0.001474,0.152962,0.147629,31,656
2581,19/10/16 13,0,0.162754,0.684970,0.152276,0.998267,0.841027,0.001156,0.147694,0.231539,31,662
2582,19/10/16 14,0,0.178737,0.602487,0.218777,0.998312,0.843870,0.000901,0.143458,0.294553,31,668
2583,19/10/16 15,0,0.141842,0.737950,0.120208,0.998097,0.842695,0.001470,0.145177,0.229398,31,674
2584,19/10/16 16,0,0.145264,0.729865,0.125988,0.997755,0.841853,0.001908,0.146405,0.178656,31,666
2585,19/10/16 17,0,0.145772,0.723923,0.130305,0.997450,0.841006,0.002047,0.147633,0.139137,31,659
2586,19/10/16 18,0,0.146947,0.719491,0.133562,0.997805,0.839986,0.001594,0.149067,0.122583,31,660
2587,19/10/16 19,0,0.165717,0.685457,0.148826,0.997873,0.839925,0.001241,0.149245,0.170539,31,658
2588,19/10/16 20,0,0.172828,0.667488,0.159684,0.997864,0.839544,0.000967,0.149849,0.142019,31,659
2589,19/10/16 21,0,0.178477,0.652703,0.168819,0.998336,0.840231,0.000753,0.148591,0.403316,31,661
2590,19/10/16 22,0,0.186264,0.634513,0.179222,0.998033,0.840215,0.001551,0.148781,0.314103,31,663
2591,19/10/16 23,0,0.136390,0.736120,0.127490,0.998254,0.838549,0.001243,0.151063,0.244624,31,662
2592,20/10/16 00,0,0.134807,0.739342,0.125851,0.997880,0.837596,0.001219,0.152397,0.190513,31,660
2593,20/10/16 01,0,0.134109,0.740938,0.124953,0.998303,0.836786,0.000949,0.153534,0.148372,31,657
2594,20/10/16 02,0,0.133738,0.741867,0.124395,0.998303,0.836613,0.000949,0.153780,0.169688,31,655
2595,20/10/16 03,0,0.118999,0.797692,0.083309,0.998259,0.835784,0.001215,0.154932,0.185949,31,656
2596,20/10/16 04,0,0.107352,0.809234,0.083413,0.998262,0.834813,0.001198,0.156291,0.144817,31,657
2597,20/10/16 05,0,0.118670,0.792107,0.089223,0.998303,0.835473,0.000949,0.155336,0.234791,31,653
2598,20/10/16 06,0,0.149362,0.705315,0.145323,0.998272,0.836234,0.001140,0.154218,0.234791,31,657
2599,20/10/16 07,0,0.150322,0.730749,0.118929,0.997799,0.835864,0.001852,0.154803,0.182856,31,661
2600,20/10/16 08,0,0.120247,0.787310,0.092443,0.997844,0.834467,0.001795,0.156692,0.142408,31,661
2601,20/10/16 09,0,0.131582,0.711967,0.156451,0.997933,0.835574,0.001680,0.154903,0.382300,31,654
2602,20/10/16 10,0,0.104350,0.821676,0.073974,0.998060,0.835015,0.001516,0.155743,0.297736,31,654
2603,20/10/16 11,0,0.126357,0.791363,0.082280,0.998223,0.835034,0.001189,0.155833,0.231877,31,658
2604,20/10/16 12,0,0.141459,0.754798,0.103743,0.998301,0.836143,0.000926,0.154386,0.180586,31,655
2605,20/10/16 13,0,0.130172,0.766571,0.103889,0.998341,0.836577,0.000721,0.153878,0.140640,31,657
2606,20/10/16 14,0,0.149216,0.739299,0.117302,0.998051,0.836818,0.001403,0.153594,0.146877,31,663
2607,20/10/16 15,0,0.167767,0.673335,0.158898,0.997930,0.837171,0.001093,0.152946,0.217432,31,662
2608,20/10/16 16,0,0.182376,0.591913,0.225711,0.998019,0.839193,0.000851,0.149796,0.296434,31,659
2609,20/10/16 17,0,0.148065,0.728252,0.124353,0.997944,0.839188,0.000663,0.149843,0.230863,31,663
2610,20/10/16 18,0,0.126554,0.768533,0.104913,0.998263,0.837486,0.000516,0.152300,0.179796,31,663
2611,20/10/16 19,0,0.090034,0.826927,0.083039,0.998161,0.835777,0.000402,0.154710,0.140026,31,657
2612,20/10/16 20,0,0.104693,0.815449,0.079858,0.998403,0.834332,0.000313,0.156778,0.109052,31,655
2613,20/10/16 21,0,0.115988,0.793008,0.091004,0.998239,0.833629,0.001287,0.157807,0.098872,31,652
2614,20/10/16 22,0,0.108634,0.810778,0.080588,0.997713,0.832822,0.001956,0.158957,0.092582,31,652
2615,20/10/16 23,0,0.120645,0.793763,0.085592,0.998055,0.832183,0.001524,0.159903,0.115347,31,654
2616,21/10/16 00,0,0.092172,0.837442,0.070386,0.997873,0.831379,0.001538,0.161020,0.089832,31,653
2617,21/10/16 01,0,0.098415,0.826647,0.074938,0.998262,0.830842,0.001198,0.161800,0.086481,31,653
2618,21/10/16 02,0,0.115703,0.795128,0.089169,0.998272,0.830889,0.001136,0.161760,0.111561,31,652
2619,21/10/16 03,0,0.131947,0.763265,0.104788,0.997822,0.832984,0.001219,0.158800,0.234791,31,652
2620,21/10/16 04,0,0.147453,0.740507,0.112040,0.998303,0.833921,0.000949,0.157510,0.182856,31,656
2621,21/10/16 05,0,0.123795,0.794311,0.081893,0.998303,0.833258,0.000817,0.158318,0.142408,31,660
2622,21/10/16 06,0,0.124601,0.770177,0.105661,0.998262,0.835017,0.000636,0.155913,0.234791,31,659
2623,21/10/16 07,0,0.154887,0.684233,0.161312,0.997942,0.838339,0.000495,0.151066,0.256350,31,657
2624,21/10/16 08,0,0.156805,0.663305,0.180160,0.998397,0.840134,0.000386,0.148020,0.371245,31,666
2625,21/10/16 09,0,0.139334,0.713369,0.147297,0.997768,0.839994,0.001892,0.148277,0.326826,31,667
2626,21/10/16 10,0,0.160594,0.675142,0.164264,0.997973,0.839828,0.001629,0.148756,0.254533,31,666
2627,21/10/16 11,0,0.133247,0.754055,0.112699,0.998012,0.839940,0.001578,0.148815,0.198230,31,662
2628,21/10/16 12,0,0.139988,0.747842,0.117160,0.997909,0.840081,0.001511,0.148811,0.154382,31,660
2629,21/10/16 13,0,0.161091,0.700144,0.138765,0.998215,0.840222,0.001177,0.148565,0.194860,31,663
2630,21/10/16 14,0,0.144130,0.730025,0.134928,0.998292,0.840984,0.000917,0.147192,0.403583,31,663
2631,21/10/16 15,0,0.145760,0.724039,0.130201,0.998343,0.840983,0.000714,0.147349,0.314311,31,660
2632,21/10/16 16,0,0.146939,0.719576,0.133485,0.998288,0.840512,0.001040,0.148159,0.244785,31,663
2633,21/10/16 17,0,0.147807,0.716214,0.135979,0.997767,0.839575,0.001894,0.149527,0.190639,31,659
2634,21/10/16 18,0,0.148454,0.713661,0.137884,0.997402,0.839114,0.002363,0.150280,0.148470,31,658
2635,21/10/16 19,0,0.167442,0.684334,0.148224,0.997585,0.839336,0.002127,0.150124,0.149038,31,658
2636,21/10/16 20,0,0.169654,0.673942,0.156404,0.997680,0.839393,0.002005,0.149984,0.266006,31,660
2637,21/10/16 21,0,0.182436,0.639200,0.178364,0.997610,0.839898,0.002095,0.149372,0.207166,31,663
2638,21/10/16 22,0,0.189994,0.613919,0.196087,0.997863,0.840642,0.001769,0.148418,0.172789,31,660
2639,21/10/16 23,0,0.136685,0.734738,0.128577,0.997413,0.839166,0.002010,0.150412,0.134568,31,663
2640,22/10/16 00,0,0.140524,0.738248,0.126715,0.997542,0.838129,0.001565,0.151833,0.127677,31,662
2641,22/10/16 01,0,0.135520,0.740098,0.125617,0.997822,0.837111,0.001219,0.153212,0.117665,31,658
2642,22/10/16 02,0,0.143741,0.737183,0.124908,0.998303,0.836679,0.000949,0.153804,0.139318,31,655
2643,22/10/16 03,0,0.141211,0.735982,0.124424,0.998262,0.836299,0.001164,0.154349,0.110183,31,656
2644,22/10/16 04,0,0.125694,0.760050,0.114255,0.998096,0.837514,0.000906,0.152626,0.234791,31,656
2645,22/10/16 05,0,0.147549,0.740165,0.112286,0.998303,0.836769,0.000706,0.153644,0.182856,31,659
2646,22/10/16 06,0,0.112414,0.813794,0.073912,0.998317,0.835408,0.000550,0.155509,0.142408,31,664
2647,22/10/16 07,0,0.104307,0.826175,0.074975,0.998390,0.834455,0.000428,0.156839,0.110908,31,656
2648,22/10/16 08,0,0.123331,0.768188,0.108482,0.998362,0.834789,0.000598,0.156161,0.259015,31,653
2649,22/10/16 09,0,0.102532,0.835945,0.065389,0.998254,0.833979,0.000850,0.157230,0.201721,31,656
2650,22/10/16 10,0,0.116661,0.801583,0.081756,0.997871,0.833683,0.000662,0.157684,0.157101,31,656
2651,22/10/16 11,0,0.122961,0.782950,0.094090,0.998215,0.833237,0.000515,0.158293,0.122350,31,654
2652,22/10/16 12,0,0.126354,0.771531,0.102115,0.998278,0.832889,0.000401,0.158773,0.104109,31,655
2653,22/10/16 13,0,0.135129,0.759362,0.107595,0.998403,0.832876,0.000313,0.158801,0.125826,31,655
2654,22/10/16 14,0,0.118140,0.796001,0.087498,0.998051,0.833871,0.001528,0.157463,0.169688,31,655
2655,22/10/16 15,0,0.112506,0.814645,0.072850,0.997916,0.833506,0.001702,0.157994,0.132153,31,657
2656,22/10/16 16,0,0.120078,0.782281,0.097642,0.997853,0.834647,0.001757,0.156354,0.243688,31,656
2657,22/10/16 17,0,0.111025,0.806294,0.082681,0.997930,0.833967,0.001369,0.157303,0.189784,31,656
2658,22/10/16 18,0,0.120061,0.792860,0.087079,0.998239,0.833501,0.001066,0.158029,0.147804,31,658
2659,22/10/16 19,0,0.118343,0.802464,0.079193,0.998323,0.832796,0.000830,0.159015,0.115110,31,654
2660,22/10/16 20,0,0.125829,0.780896,0.093275,0.998262,0.832441,0.001198,0.159526,0.106765,31,655
2661,22/10/16 21,0,0.130148,0.766804,0.103048,0.998264,0.832486,0.001186,0.159513,0.121242,31,653
2662,22/10/16 22,0,0.132888,0.757080,0.110032,0.997772,0.833586,0.001887,0.158101,0.144996,31,654
2663,22/10/16 23,0,0.147568,0.731824,0.120607,0.998001,0.834430,0.001593,0.156799,0.209908,31,658
2664,23/10/16 00,0,0.167615,0.651608,0.180777,0.997889,0.835531,0.001736,0.154998,0.260695,31,661
2665,23/10/16 01,0,0.132532,0.760881,0.113474,0.998130,0.835327,0.001426,0.155345,0.203029,31,660
2666,23/10/16 02,0,0.134602,0.754776,0.115927,0.997822,0.836301,0.001219,0.154058,0.169688,31,658
2667,23/10/16 03,0,0.146806,0.743156,0.110038,0.998303,0.838314,0.000949,0.151322,0.234791,31,657
2668,23/10/16 04,0,0.148718,0.708854,0.143125,0.998262,0.838817,0.001198,0.150367,0.355002,31,663
2669,23/10/16 05,0,0.096100,0.832598,0.077014,0.997970,0.837113,0.001413,0.152741,0.276476,31,667
2670,23/10/16 06,0,0.122766,0.790588,0.086646,0.997841,0.836569,0.001100,0.153547,0.215319,31,658
2671,23/10/16 07,0,0.132838,0.751205,0.120479,0.998319,0.839913,0.000857,0.149068,0.234791,31,654
2672,23/10/16 08,0,0.158742,0.665017,0.176241,0.997713,0.841884,0.001963,0.146258,0.268678,31,657
2673,23/10/16 09,0,0.133224,0.765008,0.101769,0.997863,0.840350,0.001769,0.148423,0.209247,31,671
2674,23/10/16 10,0,0.138473,0.748994,0.112533,0.997713,0.839007,0.001963,0.150348,0.162962,31,664
2675,23/10/16 11,0,0.141856,0.737814,0.120330,0.997738,0.838474,0.001930,0.151156,0.126915,31,657
2676,23/10/16 12,0,0.146455,0.729495,0.126078,0.997980,0.838017,0.001538,0.151859,0.121863,31,656
2677,23/10/16 13,0,0.155161,0.709405,0.135433,0.998262,0.837832,0.001198,0.152213,0.129061,31,657
2678,23/10/16 14,0,0.154383,0.705938,0.139678,0.997842,0.837327,0.001175,0.152950,0.120423,31,660
2679,23/10/16 15,0,0.155728,0.700715,0.143556,0.998309,0.837148,0.000915,0.153246,0.121323,31,657
2680,23/10/16 16,0,0.159038,0.692625,0.148338,0.997693,0.837330,0.001988,0.153030,0.124562,31,657
2681,23/10/16 17,0,0.174156,0.663203,0.162641,0.997807,0.837788,0.001842,0.152433,0.145978,31,660
2682,23/10/16 18,0,0.184685,0.638147,0.177169,0.997768,0.838009,0.001892,0.152171,0.153893,31,661
2683,23/10/16 19,0,0.136378,0.736179,0.127443,0.997768,0.836531,0.001892,0.154167,0.119852,31,661
2684,23/10/16 20,0,0.134807,0.739342,0.125851,0.997929,0.835550,0.001685,0.155498,0.106026,31,658
2685,23/10/16 21,0,0.134109,0.740938,0.124953,0.998194,0.834960,0.001341,0.156322,0.111846,31,655
2686,23/10/16 22,0,0.138111,0.741867,0.124395,0.998288,0.834616,0.001044,0.156830,0.114339,31,656
2687,23/10/16 23,0,0.147541,0.726210,0.126249,0.998320,0.834096,0.000850,0.157525,0.123484,31,655
2688,24/10/16 00,0,0.154084,0.710075,0.135841,0.998044,0.833872,0.001038,0.157818,0.125978,31,657
2689,24/10/16 01,0,0.155723,0.702992,0.141285,0.998262,0.834150,0.000808,0.157418,0.122652,31,655
2690,24/10/16 02,0,0.139627,0.728869,0.131504,0.998303,0.835783,0.000629,0.155062,0.234791,31,655
2691,24/10/16 03,0,0.118531,0.785687,0.106139,0.998380,0.835255,0.000490,0.155726,0.182856,31,659
2692,24/10/16 04,0,0.095898,0.824590,0.079865,0.997654,0.834052,0.001565,0.157317,0.142408,31,659
2693,24/10/16 05,0,0.117671,0.804646,0.077683,0.998173,0.834320,0.001219,0.156925,0.132822,31,655
2694,24/10/16 06,0,0.136138,0.762580,0.101282,0.998303,0.836168,0.000949,0.154274,0.234791,31,652
2695,24/10/16 07,0,0.161190,0.675921,0.162890,0.998325,0.837322,0.000820,0.152680,0.259898,31,661
2696,24/10/16 08,0,0.149601,0.738481,0.111918,0.997853,0.836463,0.001782,0.153943,0.202409,31,662
2697,24/10/16 09,0,0.168405,0.671491,0.160104,0.997853,0.836370,0.001782,0.154074,0.214124,31,659
2698,24/10/16 10,0,0.162964,0.678836,0.158200,0.997912,0.836923,0.001707,0.153373,0.178646,31,658
2699,24/10/16 11,0,0.159362,0.699913,0.140724,0.997936,0.837954,0.001676,0.152061,0.142172,31,659
2700,24/10/16 12,0,0.165233,0.688421,0.146346,0.998016,0.838764,0.001573,0.150970,0.145748,31,660
2701,24/10/16 13,0,0.159733,0.692793,0.147473,0.997920,0.839066,0.001697,0.150455,0.217432,31,665
2702,24/10/16 14,0,0.175887,0.617721,0.206392,0.997930,0.839430,0.001684,0.149606,0.287029,31,663
2703,24/10/16 15,0,0.144523,0.740492,0.128586,0.997966,0.839404,0.001637,0.149727,0.223539,31,662
2704,24/10/16 16,0,0.158264,0.713817,0.127920,0.998205,0.839161,0.001331,0.150155,0.174092,31,661
2705,24/10/16 17,0,0.150392,0.717989,0.131619,0.998252,0.839080,0.001258,0.150326,0.138060,31,662
2706,24/10/16 18,0,0.150755,0.720435,0.128811,0.997713,0.839651,0.001963,0.149598,0.190835,31,659
2707,24/10/16 19,0,0.150942,0.714939,0.134119,0.997760,0.840477,0.001903,0.148515,0.181909,31,661
2708,24/10/16 20,0,0.160914,0.694038,0.145048,0.997824,0.839985,0.001820,0.149273,0.141671,31,663
2709,24/10/16 21,0,0.165638,0.681455,0.152907,0.997852,0.840381,0.001784,0.148352,0.457295,31,662
2710,24/10/16 22,0,0.180134,0.645571,0.174295,0.997954,0.840980,0.001653,0.147702,0.356142,31,663
2711,24/10/16 23,0,0.188013,0.626051,0.185936,0.997982,0.841474,0.001565,0.147174,0.277363,31,662
2712,25/10/16 00,0,0.162625,0.704075,0.133299,0.997945,0.840337,0.001219,0.148789,0.216011,31,665
2713,25/10/16 01,0,0.149521,0.717311,0.133168,0.998303,0.839227,0.000949,0.150308,0.168229,31,663
2714,25/10/16 02,0,0.134513,0.743361,0.123043,0.998263,0.837896,0.001190,0.152097,0.131017,31,655
2715,25/10/16 03,0,0.141395,0.741129,0.122924,0.997507,0.836777,0.001565,0.153642,0.117665,31,657
2716,25/10/16 04,0,0.139126,0.739975,0.120899,0.998058,0.836879,0.001219,0.153499,0.169688,31,655
2717,25/10/16 05,0,0.147557,0.740792,0.111651,0.998303,0.837590,0.000949,0.152437,0.234791,31,657
2718,25/10/16 06,0,0.165413,0.691667,0.145331,0.998319,0.838733,0.000853,0.150906,0.234791,31,659
2719,25/10/16 07,0,0.134864,0.769020,0.096117,0.998254,0.836914,0.001243,0.153395,0.182856,31,665
2720,25/10/16 08,0,0.103104,0.820352,0.076545,0.998290,0.835275,0.001028,0.155638,0.142408,31,662
2721,25/10/16 09,0,0.115349,0.808128,0.076522,0.998268,0.834568,0.001164,0.156552,0.127948,31,652
2722,25/10/16 10,0,0.116625,0.801789,0.081586,0.998162,0.834116,0.001385,0.157126,0.107977,31,653
2723,25/10/16 11,0,0.122938,0.783082,0.093981,0.998202,0.833702,0.001236,0.157652,0.101860,31,653
2724,25/10/16 12,0,0.121710,0.787944,0.090346,0.998292,0.833535,0.000963,0.157927,0.127032,31,654
2725,25/10/16 13,0,0.134403,0.762687,0.113187,0.998337,0.835443,0.000750,0.155119,0.300666,31,658
2726,25/10/16 14,0,0.121993,0.782983,0.099510,0.998210,0.835144,0.001071,0.155562,0.234159,31,659
2727,25/10/16 15,0,0.126409,0.769948,0.103643,0.998142,0.834516,0.000834,0.156448,0.182363,31,659
2728,25/10/16 16,0,0.109336,0.801556,0.089108,0.998116,0.833554,0.000650,0.157792,0.142024,31,658
2729,25/10/16 17,0,0.119006,0.783361,0.097633,0.998275,0.833456,0.000506,0.157947,0.110609,31,654
2730,25/10/16 18,0,0.119057,0.802062,0.079974,0.998270,0.833350,0.000394,0.158218,0.141550,31,653
2731,25/10/16 19,0,0.125823,0.781047,0.093130,0.998054,0.833091,0.000307,0.158637,0.110240,31,656
2732,25/10/16 20,0,0.130140,0.766945,0.102916,0.998306,0.833722,0.000239,0.157678,0.239696,31,655
2733,25/10/16 21,0,0.132880,0.757196,0.109924,0.998260,0.833867,0.001210,0.157567,0.186676,31,658
2734,25/10/16 22,0,0.134724,0.750228,0.115048,0.998253,0.834600,0.001251,0.156642,0.146877,31,657
2735,25/10/16 23,0,0.147063,0.731304,0.121632,0.998255,0.835572,0.001240,0.155145,0.220253,31,659
2736,26/10/16 00,0,0.167600,0.642885,0.189515,0.997880,0.836772,0.001748,0.153174,0.286089,31,659
2737,26/10/16 01,0,0.157287,0.709534,0.133178,0.997861,0.836384,0.001772,0.153802,0.222806,31,661
2738,26/10/16 02,0,0.136882,0.751387,0.111731,0.997889,0.836137,0.001538,0.154159,0.173522,31,660
2739,26/10/16 03,0,0.125625,0.787710,0.099910,0.998262,0.836769,0.001198,0.153282,0.234791,31,656
2740,26/10/16 04,0,0.151458,0.709684,0.141772,0.998303,0.837388,0.000949,0.152436,0.234791,31,661
2741,26/10/16 05,0,0.146641,0.726308,0.127052,0.998303,0.837065,0.000949,0.152944,0.182856,31,661
2742,26/10/16 06,0,0.159448,0.699822,0.140731,0.997970,0.837549,0.001632,0.152282,0.214124,31,659
2743,26/10/16 07,0,0.111148,0.794829,0.094023,0.997597,0.836649,0.002040,0.153539,0.166760,31,660
2744,26/10/16 08,0,0.125182,0.763472,0.111346,0.998004,0.837045,0.001589,0.152923,0.247020,31,656
2745,26/10/16 09,0,0.093989,0.839948,0.069904,0.997781,0.835463,0.001477,0.155092,0.192379,31,661
2746,26/10/16 10,0,0.111056,0.807532,0.081412,0.997713,0.835213,0.001150,0.155537,0.149825,31,656
2747,26/10/16 11,0,0.128362,0.784546,0.088667,0.997994,0.835043,0.000896,0.155755,0.120673,31,652
2748,26/10/16 12,0,0.149284,0.739305,0.111411,0.998345,0.835819,0.000698,0.154770,0.141463,31,656
2749,26/10/16 13,0,0.135634,0.743192,0.132574,0.997737,0.838929,0.001933,0.150438,0.357150,31,656
2750,26/10/16 14,0,0.158277,0.709754,0.131969,0.997841,0.840450,0.001798,0.148501,0.278149,31,666
2751,26/10/16 15,0,0.174719,0.640437,0.184844,0.997572,0.841301,0.002144,0.147098,0.240944,31,667
2752,26/10/16 16,0,0.149450,0.719968,0.130582,0.997770,0.841687,0.001790,0.146695,0.187648,31,665
2753,26/10/16 17,0,0.141838,0.737984,0.120178,0.998155,0.840674,0.001394,0.148110,0.146140,31,662
2754,26/10/16 18,0,0.144144,0.729888,0.125968,0.997826,0.839521,0.001195,0.149707,0.116104,31,661
2755,26/10/16 19,0,0.145770,0.723939,0.130291,0.998307,0.839775,0.000931,0.149164,0.333320,31,657
2756,26/10/16 20,0,0.156054,0.710132,0.133813,0.998159,0.838948,0.001390,0.150458,0.259590,31,660
2757,26/10/16 21,0,0.170290,0.678941,0.150770,0.998215,0.838694,0.001242,0.150962,0.202169,31,660
2758,26/10/16 22,0,0.179598,0.655644,0.164758,0.998294,0.838992,0.000967,0.150667,0.157449,31,659
2759,26/10/16 23,0,0.187079,0.635223,0.177698,0.998336,0.839295,0.000753,0.150322,0.152543,31,661
2760,27/10/16 00,0,0.180307,0.643272,0.176422,0.998262,0.839219,0.001198,0.150453,0.133021,31,662
2761,27/10/16 01,0,0.102769,0.822807,0.075076,0.997822,0.837342,0.001219,0.152945,0.103597,31,662
2762,27/10/16 02,0,0.115366,0.791050,0.093583,0.998303,0.836686,0.000949,0.153838,0.121000,31,657
2763,27/10/16 03,0,0.125221,0.780657,0.094122,0.998303,0.836633,0.000949,0.153856,0.169688,31,653
2764,27/10/16 04,0,0.146777,0.743180,0.110043,0.998262,0.838845,0.001198,0.150774,0.234791,31,657
2765,27/10/16 05,0,0.149139,0.706395,0.144466,0.998290,0.837954,0.001028,0.151912,0.234791,31,659
2766,27/10/16 06,0,0.070568,0.861823,0.067609,0.997852,0.835758,0.001159,0.154914,0.182856,31,666
2767,27/10/16 07,0,0.127019,0.778677,0.094304,0.998311,0.835404,0.000903,0.155423,0.169688,31,656
2768,27/10/16 08,0,0.156156,0.711264,0.132580,0.997511,0.835456,0.001310,0.155396,0.169688,31,653
2769,27/10/16 09,0,0.133884,0.730329,0.142602,0.997894,0.836807,0.001020,0.153201,0.374304,31,656
2770,27/10/16 10,0,0.122634,0.784555,0.096368,0.997923,0.835844,0.000795,0.154566,0.291508,31,660
2771,27/10/16 11,0,0.116736,0.805906,0.082032,0.998154,0.835012,0.000619,0.155784,0.227027,31,659
2772,27/10/16 12,0,0.109572,0.804353,0.086075,0.998381,0.834185,0.000482,0.156973,0.176808,31,656
2773,27/10/16 13,0,0.102684,0.814476,0.084121,0.998256,0.833306,0.001189,0.158209,0.137699,31,654
2774,27/10/16 14,0,0.094690,0.829163,0.078896,0.998307,0.832462,0.000926,0.159370,0.107240,31,654
2775,27/10/16 15,0,0.103391,0.813994,0.082747,0.998188,0.832407,0.001213,0.159456,0.104149,31,653
2776,27/10/16 16,0,0.120456,0.783441,0.096102,0.997907,0.833622,0.000945,0.157685,0.234791,31,652
2777,27/10/16 17,0,0.108625,0.804375,0.086999,0.997902,0.833383,0.000736,0.158048,0.182856,31,656
2778,27/10/16 18,0,0.131059,0.785680,0.083261,0.998366,0.835432,0.000573,0.155404,0.169688,31,657
2779,27/10/16 19,0,0.126481,0.777792,0.095727,0.998108,0.835099,0.001454,0.155859,0.200037,31,661
2780,27/10/16 20,0,0.142112,0.745667,0.112221,0.998215,0.834630,0.001318,0.156503,0.155789,31,659
2781,27/10/16 21,0,0.150129,0.724723,0.125148,0.998227,0.834917,0.001302,0.156159,0.125398,31,656
2782,27/10/16 22,0,0.137252,0.740952,0.121797,0.998251,0.835870,0.001263,0.154945,0.146877,31,655
2783,27/10/16 23,0,0.148013,0.729062,0.122925,0.998060,0.836497,0.001516,0.153908,0.215551,31,660
2784,28/10/16 00,0,0.168530,0.640036,0.191435,0.997584,0.837277,0.001975,0.152488,0.287029,31,661
2785,28/10/16 01,0,0.138074,0.746559,0.120447,0.997926,0.836203,0.001538,0.154088,0.223539,31,661
2786,28/10/16 02,0,0.141651,0.744522,0.113827,0.998262,0.835384,0.001198,0.155229,0.174092,31,658
2787,28/10/16 03,0,0.131493,0.755081,0.113426,0.998303,0.835322,0.000949,0.155428,0.135583,31,653
2788,28/10/16 04,0,0.118048,0.795820,0.086133,0.998303,0.837726,0.000949,0.152163,0.234791,31,654
2789,28/10/16 05,0,0.147046,0.742107,0.110847,0.997768,0.837574,0.000882,0.152392,0.182856,31,661
2790,28/10/16 06,0,0.122411,0.752149,0.125440,0.998262,0.836609,0.000687,0.153471,0.355002,31,666
2791,28/10/16 07,0,0.125350,0.766156,0.108494,0.998262,0.837694,0.000535,0.151948,0.276476,31,657
2792,28/10/16 08,0,0.156603,0.658086,0.185312,0.998392,0.838969,0.000416,0.150061,0.308329,31,657
2793,28/10/16 09,0,0.124354,0.789010,0.086636,0.997713,0.837943,0.001963,0.151553,0.240127,31,661
2794,28/10/16 10,0,0.133228,0.764966,0.101806,0.997978,0.837214,0.001622,0.152593,0.187011,31,663
2795,28/10/16 11,0,0.138477,0.748963,0.112561,0.997792,0.837008,0.001862,0.152985,0.145645,31,655
2796,28/10/16 12,0,0.148000,0.727828,0.124172,0.997568,0.837206,0.002010,0.152859,0.125642,31,655
2797,28/10/16 13,0,0.154440,0.711006,0.134554,0.997428,0.837310,0.001565,0.152833,0.126902,31,659
2798,28/10/16 14,0,0.150386,0.713408,0.136206,0.997822,0.837128,0.001219,0.153153,0.115204,31,660
2799,28/10/16 15,0,0.157915,0.697816,0.144270,0.998303,0.837142,0.000949,0.153214,0.127082,31,658
2800,28/10/16 16,0,0.151039,0.707190,0.141772,0.997768,0.837991,0.001538,0.152069,0.169688,31,659
2801,28/10/16 17,0,0.161587,0.687526,0.150888,0.998262,0.838212,0.001198,0.151804,0.132153,31,659
2802,28/10/16 18,0,0.171275,0.667407,0.161318,0.998281,0.838076,0.001082,0.151992,0.138780,31,662
2803,28/10/16 19,0,0.183366,0.640773,0.175862,0.997965,0.838394,0.001639,0.151643,0.152993,31,661
2804,28/10/16 20,0,0.136378,0.736179,0.136765,0.997975,0.838202,0.001587,0.151449,0.426507,31,660
2805,28/10/16 21,0,0.134807,0.739342,0.125851,0.998215,0.836873,0.001236,0.153294,0.332164,31,661
2806,28/10/16 22,0,0.134109,0.740938,0.124953,0.998291,0.836582,0.000963,0.153751,0.258690,31,657
2807,28/10/16 23,0,0.137354,0.741867,0.124395,0.998337,0.836512,0.000750,0.153914,0.201468,31,657
2808,29/10/16 00,0,0.148873,0.727715,0.124026,0.998104,0.836446,0.001460,0.154066,0.156903,31,657
2809,29/10/16 01,0,0.134715,0.746184,0.119101,0.997884,0.835541,0.001332,0.155334,0.122196,31,660
2810,29/10/16 02,0,0.123443,0.767525,0.110950,0.997945,0.834761,0.001038,0.156427,0.107516,31,657
2811,29/10/16 03,0,0.132441,0.758872,0.108687,0.998303,0.834941,0.000808,0.156196,0.123413,31,654
2812,29/10/16 04,0,0.125984,0.780965,0.093457,0.998262,0.836926,0.000629,0.153455,0.234791,31,654
2813,29/10/16 05,0,0.149593,0.703661,0.146746,0.998380,0.838585,0.000490,0.151143,0.234791,31,660
2814,29/10/16 06,0,0.106871,0.816150,0.083190,0.998310,0.837091,0.000858,0.153211,0.182856,31,668
2815,29/10/16 07,0,0.118120,0.804146,0.077734,0.998350,0.835592,0.000668,0.155319,0.142408,31,660
2816,29/10/16 08,0,0.127515,0.780351,0.092298,0.997853,0.835222,0.001782,0.155801,0.115948,31,655
2817,29/10/16 09,0,0.137940,0.754893,0.107167,0.997912,0.835097,0.001707,0.155958,0.128239,31,653
2818,29/10/16 10,0,0.158457,0.713316,0.128227,0.997862,0.837132,0.001771,0.153102,0.264597,31,655
2819,29/10/16 11,0,0.160360,0.700907,0.138733,0.997978,0.838372,0.001622,0.151461,0.206068,31,659
2820,29/10/16 12,0,0.153543,0.707262,0.139195,0.997992,0.838628,0.001604,0.151039,0.192038,31,664
2821,29/10/16 13,0,0.167184,0.653585,0.179231,0.997862,0.839218,0.001249,0.149947,0.269160,31,666
2822,29/10/16 14,0,0.130559,0.777120,0.092321,0.997994,0.838612,0.000973,0.150743,0.240023,31,662
2823,29/10/16 15,0,0.118995,0.785067,0.098852,0.998262,0.837316,0.000758,0.152560,0.186930,31,662
2824,29/10/16 16,0,0.105126,0.819807,0.084207,0.998034,0.835916,0.000590,0.154533,0.145581,31,656
2825,29/10/16 17,0,0.119304,0.800213,0.080483,0.998124,0.834978,0.000460,0.155827,0.122206,31,655
2826,29/10/16 18,0,0.125235,0.783866,0.090899,0.998251,0.835378,0.000358,0.155359,0.173922,31,654
2827,29/10/16 19,0,0.107336,0.817826,0.074839,0.998364,0.834255,0.000279,0.156928,0.135451,31,655
2828,29/10/16 20,0,0.105327,0.812667,0.082006,0.997713,0.833389,0.001963,0.158096,0.105489,31,655
2829,29/10/16 21,0,0.105590,0.819950,0.076669,0.997979,0.832913,0.001621,0.158752,0.103879,31,653
2830,29/10/16 22,0,0.117639,0.802029,0.080332,0.997896,0.832677,0.001727,0.159060,0.118295,31,653
2831,29/10/16 23,0,0.100725,0.827509,0.074285,0.997999,0.832180,0.001595,0.159772,0.096308,31,655
2832,30/10/16 00,0,0.100624,0.823028,0.076348,0.997732,0.831818,0.001939,0.160306,0.086590,31,654
2833,30/10/16 01,0,0.114115,0.800113,0.085772,0.997776,0.831375,0.001565,0.160905,0.104207,31,654
2834,30/10/16 02,0,0.132662,0.763885,0.103453,0.997953,0.832775,0.001219,0.158924,0.234791,31,654
2835,30/10/16 03,0,0.148901,0.707184,0.143915,0.998303,0.836456,0.000949,0.153972,0.234791,31,654
2836,30/10/16 04,0,0.147218,0.741538,0.111244,0.998303,0.836878,0.000949,0.153393,0.182856,31,666
2837,30/10/16 05,0,0.165056,0.665408,0.174738,0.997768,0.838670,0.001892,0.150434,0.335971,31,666
2838,30/10/16 06,0,0.158570,0.675030,0.166401,0.997768,0.839980,0.001769,0.148500,0.261655,31,664
2839,30/10/16 07,0,0.168795,0.618660,0.212545,0.997870,0.839591,0.001377,0.149148,0.257417,31,666
2840,30/10/16 08,0,0.181449,0.570481,0.248070,0.998007,0.840539,0.001073,0.148025,0.249738,31,663
2841,30/10/16 09,0,0.189584,0.543829,0.266587,0.998322,0.841380,0.000835,0.146929,0.227885,31,660
2842,30/10/16 10,0,0.192912,0.557334,0.249754,0.998110,0.840531,0.001349,0.148260,0.177477,31,666
2843,30/10/16 11,0,0.196788,0.551535,0.251676,0.998276,0.839780,0.001050,0.149412,0.179453,31,662
2844,30/10/16 12,0,0.199197,0.552811,0.247992,0.998325,0.840587,0.000818,0.148501,0.167640,31,658
2845,30/10/16 13,0,0.193530,0.394390,0.412079,0.998307,0.842486,0.000929,0.145260,0.531498,31,663
2846,30/10/16 14,0,0.168659,0.158554,0.737496,0.997628,0.843865,0.002072,0.140189,0.841937,31,668
2847,30/10/16 15,0,0.157915,0.615823,0.295749,0.997660,0.843002,0.001948,0.142252,0.655701,31,665
2848,30/10/16 16,0,0.151038,0.707193,0.187304,0.997940,0.841992,0.001517,0.144250,0.510661,31,667
2849,30/10/16 17,0,0.161587,0.687526,0.150888,0.998265,0.840944,0.001182,0.146264,0.397703,31,659
2850,30/10/16 18,0,0.171275,0.667407,0.161318,0.997719,0.839743,0.001955,0.148325,0.309731,31,662
2851,30/10/16 19,1,0.183366,0.640773,0.175862,0.997558,0.838763,0.002162,0.150021,0.241219,31,660
2852,30/10/16 20,1,0.114507,0.798244,0.087249,0.997736,0.836736,0.001934,0.153024,0.187862,31,658
2853,30/10/16 21,1,0.128268,0.771057,0.100675,0.997896,0.835227,0.001727,0.155284,0.146307,31,655
2854,30/10/16 22,1,0.126050,0.768956,0.104994,0.997651,0.834411,0.001485,0.156589,0.134508,31,653
2855,30/10/16 23,1,0.143913,0.735925,0.120162,0.997543,0.833672,0.001157,0.157707,0.126809,31,654
2856,31/10/16 00,1,0.147584,0.723979,0.128437,0.997822,0.833247,0.000901,0.158357,0.119327,31,655
2857,31/10/16 01,1,0.140580,0.732308,0.127112,0.998303,0.833585,0.000702,0.157930,0.122862,31,654
2858,31/10/16 02,1,0.132303,0.777733,0.099271,0.998303,0.835938,0.000546,0.154653,0.234791,31,654
2859,31/10/16 03,1,0.146732,0.743031,0.110236,0.998262,0.837126,0.000425,0.153085,0.182856,31,661
2860,31/10/16 04,1,0.116864,0.792071,0.091065,0.998368,0.836043,0.000331,0.154514,0.142408,31,663
2861,31/10/16 05,1,0.137031,0.737955,0.125013,0.998317,0.838732,0.000258,0.150652,0.234791,31,658
2862,31/10/16 06,1,0.154432,0.684269,0.161299,0.998318,0.839767,0.000201,0.149116,0.234791,31,657
2863,31/10/16 07,1,0.162045,0.656178,0.181777,0.998313,0.840185,0.000157,0.148545,0.257549,31,669
2864,31/10/16 08,1,0.161625,0.691728,0.146647,0.998299,0.838575,0.000122,0.150921,0.200580,31,665
2865,31/10/16 09,1,0.174090,0.663992,0.161919,0.998253,0.837475,0.000095,0.152539,0.156212,31,661
2866,31/10/16 10,1,0.186200,0.594285,0.219515,0.998268,0.837869,0.000074,0.151960,0.263914,31,655
2867,31/10/16 11,1,0.194860,0.537706,0.267434,0.998261,0.839483,0.000058,0.149725,0.279270,31,660
2868,31/10/16 12,1,0.142066,0.202306,0.697895,0.998295,0.840182,0.000045,0.145803,0.850000,31,660
2869,31/10/16 13,1,0.159834,0.165924,0.725409,0.998340,0.841337,0.000035,0.141811,0.789488,31,665
2870,31/10/16 14,1,0.175247,0.105060,0.806186,0.998119,0.843363,0.001440,0.137073,0.845717,31,664
2871,31/10/16 15,1,0.140498,0.527628,0.384281,0.997853,0.841358,0.001782,0.141484,0.658645,31,668
2872,31/10/16 16,1,0.142753,0.691995,0.230860,0.998034,0.839475,0.001550,0.145407,0.512953,31,666
2873,31/10/16 17,1,0.114257,0.775668,0.140875,0.998124,0.837247,0.001434,0.149469,0.399488,31,655
2874,31/10/16 18,1,0.110209,0.804346,0.106812,0.998251,0.835710,0.001262,0.152358,0.311122,31,654
2875,31/10/16 19,1,0.094626,0.796991,0.112949,0.997648,0.834856,0.001745,0.154099,0.242302,31,653
2876,31/10/16 20,1,0.129103,0.727164,0.143733,0.997824,0.835996,0.001359,0.153092,0.188705,31,652
2877,31/10/16 21,1,0.155587,0.662427,0.181986,0.998077,0.837271,0.001059,0.151507,0.351982,31,660
2878,31/10/16 22,1,0.139885,0.760051,0.100064,0.997991,0.836579,0.000824,0.152827,0.274124,31,661
2879,31/10/16 23,1,0.110000,0.803010,0.086989,0.997908,0.835214,0.000642,0.154900,0.213488,31,659
2880,01/11/16 00,1,0.094268,0.834356,0.073658,0.997947,0.834002,0.000500,0.156777,0.166265,31,656
2881,01/11/16 01,1,0.113108,0.800646,0.086245,0.998303,0.833041,0.000389,0.158233,0.129487,31,653
2882,01/11/16 02,1,0.123955,0.777587,0.098458,0.998262,0.832536,0.000303,0.158999,0.106216,31,652
2883,01/11/16 03,1,0.118299,0.793881,0.087820,0.997822,0.835110,0.000236,0.155549,0.234791,31,652
2884,01/11/16 04,1,0.148789,0.707754,0.143457,0.998303,0.838267,0.000184,0.150913,0.245837,31,658
2885,01/11/16 05,1,0.159547,0.649798,0.190780,0.998303,0.839007,0.000143,0.149444,0.341878,31,669
2886,01/11/16 06,1,0.172918,0.630466,0.196616,0.998318,0.839271,0.000112,0.149220,0.316480,31,666
2887,01/11/16 07,1,0.174664,0.590712,0.238870,0.998178,0.839973,0.000087,0.148308,0.260960,31,662
2888,01/11/16 08,0,0.189987,0.379816,0.468310,0.998246,0.841461,0.000068,0.145053,0.664037,31,663
2889,01/11/16 09,0,0.159378,0.184388,0.716684,0.998322,0.842395,0.000053,0.141312,0.835794,31,663
2890,01/11/16 10,0,0.166097,0.216030,0.636960,0.998332,0.844009,0.000041,0.139712,0.650917,31,667
2891,01/11/16 11,0,0.188618,0.170417,0.683031,0.998240,0.845486,0.000032,0.137341,0.653642,31,667
2892,01/11/16 12,0,0.200326,0.146102,0.699883,0.998390,0.846967,0.000044,0.135252,0.610171,31,669
2893,01/11/16 13,0,0.178260,0.072945,0.831935,0.998320,0.847681,0.000034,0.131683,0.845717,31,672
2894,01/11/16 14,0,0.170118,0.286964,0.543566,0.998089,0.847520,0.001479,0.133463,0.658645,31,671
2895,01/11/16 15,0,0.157915,0.529923,0.331456,0.997846,0.846033,0.001751,0.136829,0.512953,31,669
2896,01/11/16 16,0,0.151038,0.625175,0.247128,0.997457,0.843829,0.001364,0.140748,0.399488,31,664
2897,01/11/16 17,0,0.161587,0.687526,0.150888,0.997873,0.841976,0.001062,0.144053,0.311122,31,661
2898,01/11/16 18,0,0.171275,0.667407,0.161318,0.997768,0.840596,0.000827,0.146539,0.242302,31,660
2899,01/11/16 19,0,0.183366,0.640773,0.175862,0.998262,0.839882,0.000644,0.148006,0.188705,31,658
2900,01/11/16 20,0,0.134762,0.754049,0.111188,0.998378,0.837976,0.000502,0.150951,0.146964,31,658
2901,01/11/16 21,0,0.137161,0.745533,0.117306,0.998221,0.837028,0.000563,0.152573,0.134508,31,657
2902,01/11/16 22,0,0.138721,0.739618,0.121662,0.997557,0.835965,0.000439,0.154258,0.108900,31,656
2903,01/11/16 23,0,0.140532,0.735379,0.124836,0.997492,0.835279,0.000342,0.155376,0.126809,31,655
2904,02/11/16 00,0,0.140535,0.732276,0.127189,0.997699,0.834819,0.000266,0.156155,0.110183,31,658
2905,02/11/16 01,0,0.141078,0.729969,0.128953,0.997822,0.834386,0.000207,0.156796,0.108900,31,656
2906,02/11/16 02,0,0.141477,0.728234,0.130289,0.998303,0.834106,0.000161,0.157227,0.116284,31,655
2907,02/11/16 03,0,0.141775,0.726918,0.131307,0.998310,0.834623,0.000126,0.156553,0.169688,31,654
2908,02/11/16 04,0,0.146885,0.725914,0.132087,0.998372,0.836046,0.000098,0.154544,0.234791,31,655
2909,02/11/16 05,0,0.142170,0.725144,0.132686,0.998355,0.835446,0.000076,0.155385,0.182856,31,660
2910,02/11/16 06,0,0.142300,0.724552,0.133148,0.998320,0.834243,0.000059,0.157001,0.142408,31,658
2911,02/11/16 07,0,0.142400,0.724095,0.133505,0.998365,0.835134,0.000046,0.155608,0.234791,31,654
2912,02/11/16 08,0,0.156457,0.617898,0.225646,0.998352,0.836361,0.000036,0.153411,0.439035,31,656
2913,02/11/16 09,0,0.142516,0.723563,0.133922,0.998299,0.836613,0.000073,0.153235,0.341921,31,662
2914,02/11/16 10,0,0.155375,0.706853,0.137771,0.998392,0.836883,0.000057,0.152954,0.266288,31,660
2915,02/11/16 11,0,0.166499,0.681419,0.152082,0.998370,0.836369,0.000044,0.153748,0.207386,31,660
2916,02/11/16 12,0,0.168083,0.673626,0.158291,0.998394,0.835943,0.000034,0.154434,0.161512,31,658
2917,02/11/16 13,0,0.180701,0.645963,0.173336,0.998276,0.835408,0.001114,0.155262,0.154085,31,657
2918,02/11/16 14,0,0.175437,0.652125,0.172439,0.998221,0.835091,0.001309,0.155782,0.131251,31,657
2919,02/11/16 15,0,0.168702,0.663527,0.167770,0.997853,0.834873,0.001782,0.156137,0.123838,31,656
2920,02/11/16 16,0,0.139895,0.717568,0.142537,0.998034,0.835320,0.001550,0.155572,0.169688,31,657
2921,02/11/16 17,0,0.148189,0.737198,0.114613,0.998124,0.835455,0.001434,0.155392,0.169688,31,658
2922,02/11/16 18,0,0.128871,0.758727,0.112401,0.998251,0.834345,0.001262,0.156902,0.132153,31,660
2923,02/11/16 19,0,0.130537,0.753617,0.115846,0.997792,0.833480,0.001862,0.158091,0.102921,31,655
2924,02/11/16 20,0,0.131414,0.750638,0.117948,0.998077,0.832883,0.001495,0.158874,0.101860,31,653
2925,02/11/16 21,0,0.131925,0.748752,0.119323,0.997792,0.832991,0.001862,0.158723,0.103555,31,653
2926,02/11/16 22,0,0.132246,0.747490,0.120265,0.997991,0.833300,0.001605,0.158349,0.124355,31,652
2927,02/11/16 23,0,0.132457,0.746612,0.120931,0.997806,0.832911,0.001843,0.158879,0.101860,31,657
2928,03/11/16 00,0,0.132602,0.745985,0.121414,0.997792,0.832662,0.001507,0.159244,0.101860,31,657
2929,03/11/16 01,0,0.109799,0.811053,0.083510,0.997874,0.832384,0.001174,0.159618,0.107544,31,654
2930,03/11/16 02,0,0.112726,0.801368,0.085906,0.998262,0.832250,0.000914,0.159768,0.106335,31,654
2931,03/11/16 03,0,0.117965,0.808288,0.076339,0.998303,0.832602,0.000712,0.159270,0.169688,31,654
2932,03/11/16 04,0,0.147512,0.740019,0.112470,0.998221,0.834988,0.000554,0.155997,0.234791,31,655
2933,03/11/16 05,0,0.148564,0.708947,0.142488,0.997822,0.835902,0.000432,0.154689,0.234791,31,660
2934,03/11/16 06,0,0.131944,0.780608,0.087448,0.998303,0.835742,0.000336,0.154960,0.182856,31,663
2935,03/11/16 07,0,0.155074,0.720752,0.124174,0.998341,0.837072,0.000262,0.153147,0.188943,31,659
2936,03/11/16 08,0,0.170227,0.672734,0.165279,0.998263,0.838814,0.001190,0.150594,0.280570,31,662
2937,03/11/16 09,0,0.160539,0.686421,0.153041,0.998282,0.839047,0.001081,0.149945,0.394629,31,663
2938,03/11/16 10,0,0.159061,0.688253,0.152685,0.998164,0.838161,0.001382,0.151312,0.307337,31,662
2939,03/11/16 11,0,0.161218,0.683747,0.155035,0.998061,0.838099,0.001515,0.151542,0.239355,31,658
2940,03/11/16 12,0,0.157731,0.689275,0.152994,0.998252,0.838257,0.001258,0.151405,0.186410,31,660
2941,03/11/16 13,0,0.164083,0.673524,0.162394,0.998041,0.839017,0.001542,0.150197,0.248468,31,660
2942,03/11/16 14,0,0.130357,0.775458,0.110388,0.997958,0.838959,0.001538,0.150314,0.193507,31,660
2943,03/11/16 15,0,0.144952,0.743769,0.111278,0.998262,0.839422,0.001198,0.149714,0.150704,31,662
2944,03/11/16 16,0,0.140374,0.741910,0.117716,0.998262,0.840575,0.001198,0.148253,0.169688,31,661
2945,03/11/16 17,0,0.148758,0.729955,0.121287,0.997713,0.841925,0.001963,0.146222,0.251352,31,663
2946,03/11/16 18,0,0.144137,0.729977,0.125886,0.997713,0.840512,0.001963,0.148301,0.195753,31,669
2947,03/11/16 19,0,0.146934,0.724011,0.130225,0.997713,0.839443,0.001963,0.149955,0.152453,31,662
2948,03/11/16 20,0,0.158931,0.700161,0.140908,0.997732,0.838912,0.001938,0.150803,0.134280,31,658
2949,03/11/16 21,0,0.174755,0.663323,0.161922,0.997964,0.838967,0.001640,0.150843,0.160191,31,659
2950,03/11/16 22,0,0.184786,0.629663,0.185551,0.997713,0.839077,0.001963,0.150694,0.177738,31,660
2951,03/11/16 23,0,0.191208,0.607293,0.201499,0.997713,0.839132,0.001963,0.150590,0.174139,31,661
2952,04/11/16 00,0,0.136152,0.737231,0.126617,0.997777,0.837455,0.001881,0.152841,0.135619,31,661
2953,04/11/16 01,0,0.134638,0.740139,0.125223,0.997768,0.836199,0.001538,0.154532,0.109352,31,658
2954,04/11/16 02,0,0.135719,0.741548,0.124471,0.998262,0.835484,0.001198,0.155447,0.116833,31,654
2955,04/11/16 03,0,0.141469,0.740531,0.124023,0.998303,0.836260,0.000949,0.154446,0.169688,31,653
2956,04/11/16 04,0,0.147286,0.741895,0.112641,0.998303,0.837649,0.000921,0.152468,0.234791,31,657
2957,04/11/16 05,0,0.165181,0.692590,0.143302,0.998049,0.839630,0.000717,0.149736,0.234791,31,662
2958,04/11/16 06,0,0.146999,0.741637,0.111365,0.998274,0.837805,0.000559,0.152209,0.182856,31,667
2959,04/11/16 07,0,0.144638,0.707773,0.147589,0.998333,0.837895,0.000435,0.151946,0.263347,31,662
2960,04/11/16 08,0,0.112644,0.800940,0.086416,0.998405,0.836557,0.000339,0.153791,0.205095,31,654
2961,04/11/16 09,0,0.103544,0.815616,0.081283,0.997946,0.835423,0.001664,0.155300,0.159728,31,658
2962,04/11/16 10,0,0.116662,0.799185,0.085568,0.998009,0.834824,0.001479,0.156112,0.124396,31,654
2963,04/11/16 11,0,0.109752,0.815308,0.076114,0.998263,0.834467,0.001152,0.156598,0.106765,31,654
2964,04/11/16 12,0,0.118225,0.803340,0.084608,0.998312,0.834376,0.000897,0.156776,0.106765,31,654
2965,04/11/16 13,0,0.136192,0.759515,0.104293,0.998119,0.834882,0.001440,0.156159,0.129445,31,655
2966,04/11/16 14,0,0.147720,0.731915,0.120364,0.998036,0.836033,0.001461,0.154318,0.322324,31,658
2967,04/11/16 15,0,0.144875,0.723599,0.131526,0.998262,0.839633,0.001138,0.149204,0.251026,31,660
2968,04/11/16 16,0,0.158600,0.696752,0.144648,0.998314,0.839338,0.000886,0.149720,0.195499,31,667
2969,04/11/16 17,0,0.173501,0.654787,0.171712,0.997853,0.839687,0.001782,0.149355,0.181224,31,665
2970,04/11/16 18,0,0.135141,0.759181,0.105677,0.997958,0.837810,0.001648,0.152034,0.141138,31,664
2971,04/11/16 19,0,0.113235,0.788851,0.097914,0.998074,0.835830,0.001498,0.154752,0.109918,31,660
2972,04/11/16 20,0,0.070104,0.860948,0.068948,0.998256,0.834151,0.001234,0.157060,0.085604,31,653
2973,04/11/16 21,0,0.108285,0.818113,0.073602,0.998267,0.833270,0.001167,0.158325,0.107977,31,652
2974,04/11/16 22,0,0.126966,0.779584,0.093450,0.998265,0.832805,0.001181,0.158989,0.116821,31,651
2975,04/11/16 23,0,0.114360,0.812511,0.073129,0.997713,0.832131,0.001963,0.159906,0.101860,31,653
2976,05/11/16 00,0,0.121049,0.792007,0.086945,0.997797,0.831766,0.001855,0.160423,0.101860,31,654
2977,05/11/16 01,0,0.105939,0.817983,0.076078,0.997880,0.831802,0.001538,0.160393,0.094872,31,653
2978,05/11/16 02,0,0.120355,0.788087,0.091558,0.998262,0.834224,0.001198,0.157051,0.234791,31,654
2979,05/11/16 03,0,0.148887,0.707465,0.143649,0.998303,0.836927,0.000949,0.153433,0.234791,31,658
2980,05/11/16 04,0,0.113926,0.805218,0.080857,0.998303,0.835553,0.000949,0.155226,0.182856,31,662
2981,05/11/16 05,0,0.090882,0.835085,0.074033,0.998263,0.834235,0.001079,0.156939,0.142408,31,662
2982,05/11/16 06,0,0.127761,0.774734,0.097505,0.998322,0.834780,0.000840,0.156178,0.169688,31,653
2983,05/11/16 07,0,0.156608,0.708568,0.134825,0.997898,0.836976,0.001725,0.153096,0.234791,31,653
2984,05/11/16 08,0,0.125774,0.781906,0.092319,0.997713,0.836394,0.001963,0.153987,0.182856,31,663
2985,05/11/16 09,0,0.131431,0.779245,0.089324,0.997896,0.835359,0.001672,0.155483,0.142408,31,661
2986,05/11/16 10,0,0.142238,0.749640,0.108122,0.997768,0.834950,0.001302,0.156131,0.124216,31,656
2987,05/11/16 11,0,0.130586,0.763212,0.106202,0.997768,0.836165,0.001014,0.154525,0.116821,31,655
2988,05/11/16 12,0,0.133217,0.754344,0.112439,0.998020,0.837232,0.000790,0.153062,0.131452,31,656
2989,05/11/16 13,0,0.156184,0.714469,0.129347,0.998359,0.838433,0.000615,0.151364,0.181693,31,663
2990,05/11/16 14,0,0.173320,0.642059,0.184621,0.998301,0.839868,0.000964,0.149104,0.248468,31,662
2991,05/11/16 15,0,0.141842,0.737942,0.120216,0.998141,0.840247,0.001412,0.148622,0.193507,31,662
2992,05/11/16 16,0,0.151662,0.729386,0.125997,0.998269,0.841074,0.001154,0.147489,0.206809,31,663
2993,05/11/16 17,0,0.145773,0.723913,0.130314,0.997877,0.840419,0.001752,0.148455,0.161063,31,664
2994,05/11/16 18,0,0.146948,0.719484,0.133568,0.997490,0.839571,0.002250,0.149679,0.125436,31,663
2995,05/11/16 19,0,0.148958,0.716145,0.136042,0.997190,0.839599,0.002408,0.149437,0.320991,31,657
2996,05/11/16 20,0,0.154374,0.707649,0.137977,0.997781,0.838829,0.001875,0.150652,0.249988,31,659
2997,05/11/16 21,0,0.162356,0.689865,0.147779,0.997880,0.838478,0.001748,0.151293,0.194691,31,660
2998,05/11/16 22,0,0.172297,0.668155,0.159548,0.997713,0.838635,0.001963,0.151200,0.151625,31,659
2999,05/11/16 23,0,0.183602,0.638830,0.177568,0.997713,0.839332,0.001565,0.150316,0.161541,31,659
3000,06/11/16 00,0,0.185783,0.631704,0.182513,0.997822,0.839656,0.001219,0.149897,0.158717,31,662
3001,06/11/16 01,0,0.136685,0.734738,0.128577,0.998303,0.838026,0.000949,0.152035,0.123609,31,663
3002,06/11/16 02,0,0.135037,0.738248,0.126715,0.998303,0.837201,0.000949,0.153141,0.124619,31,660
3003,06/11/16 03,0,0.117115,0.797113,0.090952,0.997656,0.836554,0.001975,0.154011,0.169688,31,655
3004,06/11/16 04,0,0.146711,0.744183,0.109107,0.997768,0.838194,0.001538,0.151727,0.234791,31,657
3005,06/11/16 05,0,0.149119,0.706539,0.144342,0.998262,0.838324,0.001198,0.151396,0.234791,31,660
3006,06/11/16 06,0,0.089706,0.839588,0.070706,0.998303,0.836199,0.000949,0.154287,0.182856,31,665
3007,06/11/16 07,0,0.127582,0.775952,0.096466,0.998263,0.836193,0.001190,0.154294,0.169688,31,657
3008,06/11/16 08,0,0.156487,0.709497,0.134016,0.997978,0.838574,0.001622,0.151018,0.234791,31,653
3009,06/11/16 09,0,0.123506,0.787359,0.089135,0.997962,0.838438,0.001642,0.151289,0.182856,31,663
3010,06/11/16 10,0,0.118608,0.800041,0.081449,0.997880,0.836957,0.001748,0.153363,0.142408,31,665
3011,06/11/16 11,0,0.126034,0.779030,0.094936,0.998043,0.835846,0.001479,0.154933,0.121242,31,657
3012,06/11/16 12,0,0.130296,0.765410,0.104293,0.998270,0.835714,0.001152,0.155167,0.112642,31,654
3013,06/11/16 13,0,0.138057,0.756055,0.110953,0.998312,0.835864,0.000897,0.155038,0.140481,31,654
3014,06/11/16 14,0,0.160353,0.700047,0.139600,0.998253,0.836229,0.001255,0.154436,0.198622,31,659
3015,06/11/16 15,0,0.176864,0.620332,0.202804,0.998286,0.836916,0.001056,0.153127,0.275743,31,659
3016,06/11/16 16,0,0.137544,0.764659,0.110949,0.997970,0.836236,0.001022,0.154107,0.214749,31,659
3017,06/11/16 17,0,0.149059,0.733266,0.117674,0.997938,0.835565,0.000796,0.155113,0.167247,31,658
3018,06/11/16 18,0,0.131480,0.754286,0.114234,0.998358,0.834746,0.000620,0.156271,0.130252,31,657
3019,06/11/16 19,0,0.128910,0.778481,0.092609,0.997968,0.834005,0.001635,0.157363,0.127545,31,654
3020,06/11/16 20,0,0.149510,0.735032,0.115458,0.998052,0.833803,0.001527,0.157689,0.142369,31,655
3021,06/11/16 21,0,0.132653,0.753441,0.113906,0.998153,0.833030,0.001398,0.158769,0.110877,31,654
3022,06/11/16 22,0,0.133449,0.749684,0.116867,0.998257,0.832524,0.001229,0.159492,0.113873,31,654
3023,06/11/16 23,0,0.121201,0.769024,0.109774,0.998255,0.831983,0.001240,0.160258,0.088684,31,653
3024,07/11/16 00,0,0.087479,0.845152,0.072266,0.997713,0.831234,0.001963,0.161314,0.070549,31,653
3025,07/11/16 01,0,0.095650,0.828667,0.075683,0.997967,0.830694,0.001538,0.162078,0.077972,31,653
3026,07/11/16 02,0,0.108570,0.805978,0.085453,0.998262,0.830562,0.001198,0.162244,0.091681,31,651
3027,07/11/16 03,0,0.121846,0.791442,0.086711,0.998303,0.832401,0.000949,0.159741,0.169688,31,652
3028,07/11/16 04,0,0.146512,0.744390,0.109098,0.998303,0.835041,0.000949,0.156093,0.234791,31,655
3029,07/11/16 05,0,0.164388,0.695181,0.141878,0.997768,0.837775,0.001538,0.152222,0.234791,31,663
3030,07/11/16 06,0,0.130458,0.767319,0.102222,0.998262,0.836312,0.001198,0.154192,0.182856,31,667
3031,07/11/16 07,0,0.105067,0.823234,0.074079,0.998303,0.835153,0.000949,0.155774,0.142408,31,661
3032,07/11/16 08,0,0.109688,0.819738,0.075448,0.998221,0.834748,0.001309,0.156365,0.126343,31,653
3033,07/11/16 09,0,0.120531,0.795834,0.085014,0.997768,0.834200,0.001892,0.157118,0.114967,31,654
3034,07/11/16 10,0,0.138587,0.758994,0.102419,0.997929,0.833975,0.001685,0.157438,0.126815,31,655
3035,07/11/16 11,0,0.145551,0.737810,0.116639,0.997833,0.835098,0.001678,0.155973,0.122326,31,655
3036,07/11/16 12,0,0.137604,0.754388,0.112435,0.998143,0.837500,0.001307,0.152708,0.169688,31,655
3037,07/11/16 13,0,0.134940,0.723577,0.158151,0.998280,0.838482,0.001018,0.150828,0.483818,31,664
3038,07/11/16 14,0,0.136347,0.733330,0.130323,0.998330,0.839986,0.000793,0.148589,0.376798,31,663
3039,07/11/16 15,0,0.138452,0.749185,0.112363,0.998203,0.840028,0.001333,0.148674,0.293450,31,664
3040,07/11/16 16,0,0.144845,0.737949,0.120209,0.998036,0.839595,0.001548,0.149360,0.228539,31,662
3041,07/11/16 17,0,0.144147,0.729864,0.125989,0.997669,0.839068,0.002019,0.150155,0.177987,31,663
3042,07/11/16 18,0,0.145772,0.723922,0.130306,0.997999,0.839201,0.001595,0.150107,0.169688,31,658
3043,07/11/16 19,0,0.149901,0.691358,0.158741,0.998164,0.839255,0.001382,0.149976,0.321444,31,659
3044,07/11/16 20,0,0.160257,0.699247,0.140496,0.997669,0.839293,0.002019,0.150094,0.250341,31,661
3045,07/11/16 21,0,0.175074,0.665393,0.159532,0.997847,0.840073,0.001791,0.149198,0.194966,31,661
3046,07/11/16 22,0,0.184458,0.636642,0.178900,0.997566,0.841004,0.002152,0.147908,0.226906,31,663
3047,07/11/16 23,0,0.190603,0.614911,0.208057,0.997364,0.841557,0.002411,0.147066,0.263101,31,665
3048,08/11/16 00,0,0.188744,0.549140,0.262116,0.997447,0.840437,0.001975,0.148436,0.293263,31,664
3049,08/11/16 01,0,0.195890,0.513540,0.290570,0.997768,0.839108,0.001538,0.150189,0.263101,31,662
3050,08/11/16 02,0,0.195730,0.543320,0.260950,0.998262,0.838071,0.001198,0.151694,0.204903,31,657
3051,08/11/16 03,0,0.109466,0.803400,0.098871,0.998303,0.836943,0.000949,0.153303,0.159579,31,656
3052,08/11/16 04,0,0.136201,0.770196,0.093603,0.998303,0.837215,0.000949,0.152885,0.234791,31,655
3053,08/11/16 05,0,0.148484,0.709823,0.141693,0.997845,0.838040,0.001205,0.151752,0.234791,31,658
3054,08/11/16 06,0,0.147592,0.739606,0.112802,0.997633,0.836851,0.000938,0.153409,0.182856,31,662
3055,08/11/16 07,0,0.123002,0.787829,0.089169,0.997986,0.835492,0.000731,0.155296,0.142408,31,661
3056,08/11/16 08,0,0.129076,0.751352,0.120376,0.997859,0.835722,0.000569,0.154844,0.236358,31,654
3057,08/11/16 09,0,0.089410,0.849159,0.065417,0.997991,0.834309,0.000443,0.156760,0.184075,31,655
3058,08/11/16 10,0,0.118679,0.796569,0.084752,0.997941,0.833743,0.000345,0.157575,0.143358,31,657
3059,08/11/16 11,0,0.108299,0.809262,0.082440,0.998262,0.833358,0.000269,0.158161,0.111647,31,652
3060,08/11/16 12,0,0.102403,0.815601,0.082604,0.998303,0.832796,0.000209,0.158949,0.086951,31,654
3061,08/11/16 13,0,0.112403,0.800203,0.087394,0.998316,0.832565,0.000875,0.159293,0.095663,31,656
3062,08/11/16 14,0,0.120509,0.795833,0.091289,0.998203,0.833888,0.001333,0.157512,0.175331,31,654
3063,08/11/16 15,0,0.118015,0.809506,0.072803,0.998013,0.833478,0.001309,0.158062,0.157773,31,655
3064,08/11/16 16,0,0.093537,0.829956,0.076506,0.997954,0.832438,0.001019,0.159435,0.122874,31,660
3065,08/11/16 17,0,0.106837,0.807285,0.085877,0.998262,0.831653,0.000794,0.160519,0.095694,31,653
3066,08/11/16 18,0,0.118100,0.786045,0.095855,0.998359,0.831629,0.000618,0.160613,0.106765,31,652
3067,08/11/16 19,0,0.118477,0.801200,0.080323,0.998254,0.831795,0.001243,0.160422,0.117120,31,652
3068,08/11/16 20,0,0.125921,0.745832,0.133874,0.998253,0.833281,0.001255,0.157936,0.419710,31,655
3069,08/11/16 21,0,0.130212,0.766129,0.103659,0.998298,0.834176,0.000979,0.156814,0.326870,31,657
3070,08/11/16 22,0,0.137411,0.754663,0.110488,0.998321,0.835427,0.000841,0.155223,0.254567,31,658
3071,08/11/16 23,0,0.151107,0.704848,0.144045,0.998341,0.837133,0.000726,0.152903,0.246737,31,660
3072,09/11/16 00,0,0.168592,0.656434,0.174974,0.998321,0.838124,0.000841,0.151478,0.203324,31,663
3073,09/11/16 01,0,0.178559,0.616022,0.205539,0.998229,0.839386,0.001299,0.149531,0.267279,31,664
3074,09/11/16 02,0,0.136977,0.718449,0.144575,0.997822,0.839340,0.001219,0.149711,0.208157,31,663
3075,09/11/16 03,0,0.147005,0.741589,0.111406,0.998303,0.838761,0.000949,0.150603,0.169688,31,661
3076,09/11/16 04,0,0.116005,0.801144,0.095126,0.998303,0.837494,0.000949,0.152357,0.132153,31,662
3077,09/11/16 05,0,0.122910,0.783524,0.093566,0.998262,0.838070,0.001198,0.151509,0.234791,31,658
3078,09/11/16 06,0,0.149100,0.706789,0.144110,0.997907,0.840015,0.001211,0.148938,0.234791,31,656
3079,09/11/16 07,0,0.156452,0.709290,0.134258,0.998304,0.840278,0.000943,0.148701,0.182856,31,664
3080,09/11/16 08,0,0.124342,0.789121,0.087941,0.997451,0.839633,0.002231,0.149642,0.142408,31,664
3081,09/11/16 09,0,0.133220,0.765049,0.101731,0.997888,0.838973,0.001738,0.150599,0.116464,31,662
3082,09/11/16 10,0,0.140278,0.746471,0.113251,0.997584,0.838495,0.002128,0.151302,0.122716,31,660
3083,09/11/16 11,0,0.151109,0.721825,0.127066,0.997533,0.837892,0.001939,0.152181,0.129061,31,658
3084,09/11/16 12,0,0.164968,0.691670,0.143362,0.997773,0.837596,0.001510,0.152696,0.142559,31,659
3085,09/11/16 13,0,0.175966,0.665498,0.158536,0.998266,0.837437,0.001176,0.152967,0.147418,31,658
3086,09/11/16 14,0,0.177563,0.656391,0.166046,0.998254,0.837720,0.001007,0.152608,0.138780,31,660
3087,09/11/16 15,0,0.175867,0.655442,0.168691,0.997420,0.838140,0.000784,0.152077,0.133381,31,661
3088,09/11/16 16,0,0.166422,0.670602,0.162975,0.997572,0.839996,0.000611,0.149288,0.258349,31,660
3089,09/11/16 17,0,0.166157,0.659946,0.187679,0.997768,0.840510,0.000476,0.148295,0.358310,31,662
3090,09/11/16 18,0,0.136152,0.737231,0.126617,0.997914,0.838828,0.000370,0.150724,0.279052,31,667
3091,09/11/16 19,0,0.134638,0.740139,0.125223,0.998376,0.837442,0.000288,0.152674,0.217326,31,660
3092,09/11/16 20,0,0.133981,0.741548,0.124471,0.998044,0.836287,0.001490,0.154276,0.169254,31,656
3093,09/11/16 21,0,0.133640,0.742338,0.124023,0.997944,0.835495,0.001160,0.155381,0.131815,31,656
3094,09/11/16 22,0,0.133443,0.742818,0.123739,0.998311,0.835020,0.000904,0.156080,0.107689,31,656
3095,09/11/16 23,0,0.139493,0.741185,0.123551,0.998283,0.834458,0.001060,0.156890,0.116002,31,656
3096,10/11/16 00,0,0.148096,0.722453,0.129451,0.998324,0.834022,0.000825,0.157514,0.122652,31,657
3097,10/11/16 01,0,0.155247,0.705912,0.138841,0.998262,0.833711,0.001198,0.157948,0.126809,31,656
3098,10/11/16 02,0,0.155917,0.700943,0.143139,0.998262,0.833794,0.001198,0.157845,0.121821,31,655
3099,10/11/16 03,0,0.148346,0.712122,0.139532,0.997918,0.833852,0.001219,0.157735,0.137896,31,654
3100,10/11/16 04,0,0.120754,0.761442,0.117803,0.998303,0.836189,0.000949,0.154484,0.234791,31,657
3101,10/11/16 05,0,0.149252,0.705366,0.145382,0.998303,0.838630,0.000949,0.151180,0.234791,31,661
3102,10/11/16 06,0,0.135822,0.752766,0.111412,0.998262,0.838042,0.001198,0.151909,0.228212,31,667
3103,10/11/16 07,0,0.126457,0.786024,0.087519,0.997884,0.836781,0.001743,0.153673,0.177732,31,664
3104,10/11/16 08,0,0.125855,0.780669,0.093635,0.997876,0.835909,0.001753,0.154899,0.138418,31,655
3105,10/11/16 09,0,0.130166,0.752244,0.122447,0.997946,0.835854,0.001664,0.154694,0.305997,31,654
3106,10/11/16 10,0,0.132899,0.756975,0.110126,0.998016,0.835181,0.001573,0.155690,0.238311,31,657
3107,10/11/16 11,0,0.134739,0.750061,0.115200,0.998167,0.835568,0.001380,0.155236,0.185597,31,655
3108,10/11/16 12,0,0.144421,0.745002,0.118971,0.998221,0.836116,0.001298,0.154490,0.167585,31,659
3109,10/11/16 13,0,0.164905,0.677773,0.157322,0.998124,0.838526,0.001011,0.151031,0.226837,31,660
3110,10/11/16 14,0,0.148281,0.736995,0.122049,0.998064,0.839585,0.000787,0.149687,0.176661,31,664
3111,10/11/16 15,0,0.139214,0.751089,0.118991,0.998318,0.838879,0.000613,0.150675,0.141839,31,664
3112,10/11/16 16,0,0.125264,0.769423,0.105313,0.998382,0.837274,0.000478,0.152906,0.110464,31,662
3113,10/11/16 17,0,0.100904,0.819497,0.082082,0.997713,0.835834,0.001963,0.154841,0.088501,31,656
3114,10/11/16 18,0,0.114916,0.799839,0.085245,0.997777,0.834363,0.001881,0.156855,0.100743,31,654
3115,10/11/16 19,0,0.096341,0.838923,0.064736,0.997713,0.833147,0.001963,0.158528,0.089324,31,653
3116,10/11/16 20,0,0.080149,0.858654,0.061402,0.997765,0.832133,0.001896,0.159909,0.069566,31,652
3117,10/11/16 21,0,0.114227,0.803779,0.081994,0.997778,0.831775,0.001879,0.160443,0.111561,31,652
3118,10/11/16 22,0,0.113233,0.805084,0.081683,0.997871,0.831353,0.001760,0.161065,0.100608,31,651
3119,10/11/16 23,0,0.093240,0.829884,0.076876,0.997945,0.830850,0.001665,0.161784,0.078353,31,653
3120,11/11/16 00,0,0.092159,0.834755,0.073086,0.997991,0.830483,0.001605,0.162322,0.074026,31,653
3121,11/11/16 01,0,0.116611,0.803125,0.080264,0.997936,0.830549,0.001565,0.162245,0.114834,31,653
3122,11/11/16 02,0,0.119343,0.789378,0.091279,0.998115,0.831973,0.001219,0.160125,0.234791,31,653
3123,11/11/16 03,0,0.117788,0.809216,0.075855,0.998303,0.832927,0.000949,0.158808,0.182856,31,655
3124,11/11/16 04,0,0.147065,0.741769,0.111167,0.998303,0.833610,0.000949,0.157877,0.169688,31,657
3125,11/11/16 05,0,0.127301,0.769658,0.105860,0.998299,0.835961,0.000974,0.154526,0.234791,31,658
3126,11/11/16 06,0,0.154482,0.684018,0.161501,0.997844,0.837268,0.001117,0.152690,0.234791,31,661
3127,11/11/16 07,0,0.136960,0.761257,0.101783,0.997904,0.836666,0.000870,0.153603,0.182856,31,662
3128,11/11/16 08,0,0.149323,0.730263,0.120415,0.998349,0.836918,0.000677,0.153331,0.169688,31,660
3129,11/11/16 09,0,0.153165,0.711849,0.139561,0.997863,0.837637,0.001769,0.152272,0.242515,31,658
3130,11/11/16 10,0,0.133212,0.754222,0.112565,0.998009,0.837362,0.001548,0.152698,0.188871,31,659
3131,11/11/16 11,0,0.134970,0.747983,0.117048,0.998261,0.838037,0.001206,0.151811,0.147093,31,658
3132,11/11/16 12,0,0.142650,0.743444,0.120362,0.998298,0.838986,0.000980,0.150579,0.155358,31,658
3133,11/11/16 13,0,0.163006,0.691453,0.145541,0.998262,0.840000,0.001198,0.149072,0.207086,31,664
3134,11/11/16 14,0,0.179218,0.602768,0.218013,0.998159,0.841082,0.001390,0.147120,0.304899,31,662
3135,11/11/16 15,0,0.145769,0.723950,0.130281,0.997644,0.840993,0.002052,0.147344,0.237455,31,664
3136,11/11/16 16,0,0.146945,0.719512,0.133543,0.997564,0.841157,0.002154,0.147286,0.184930,31,662
3137,11/11/16 17,0,0.147811,0.716166,0.136022,0.997701,0.841497,0.001979,0.146700,0.268678,31,662
3138,11/11/16 18,0,0.149674,0.713625,0.137917,0.997574,0.840346,0.002142,0.148445,0.209247,31,664
3139,11/11/16 19,0,0.165891,0.688061,0.146048,0.997314,0.839604,0.002342,0.149648,0.162962,31,661
3140,11/11/16 20,0,0.178240,0.658330,0.163430,0.997821,0.839182,0.001824,0.150321,0.153443,31,658
3141,11/11/16 21,0,0.184716,0.640786,0.174498,0.997699,0.839421,0.001981,0.150105,0.147958,31,660
3142,11/11/16 22,0,0.191312,0.615742,0.192947,0.997413,0.840215,0.002010,0.149062,0.170539,31,659
3143,11/11/16 23,0,0.143488,0.734738,0.128577,0.997403,0.839141,0.001565,0.150552,0.140516,31,663
3144,12/11/16 00,0,0.137520,0.738248,0.126715,0.997858,0.837926,0.001219,0.152208,0.109434,31,664
3145,12/11/16 01,0,0.134285,0.740098,0.125617,0.998303,0.836840,0.000949,0.153647,0.101860,31,655
3146,12/11/16 02,0,0.133873,0.741219,0.124908,0.998262,0.836463,0.001198,0.154160,0.127936,31,656
3147,12/11/16 03,0,0.120763,0.787728,0.092031,0.998262,0.836147,0.001198,0.154608,0.169688,31,656
3148,12/11/16 04,0,0.147183,0.741397,0.111420,0.998303,0.836917,0.000949,0.153481,0.234791,31,658
3149,12/11/16 05,0,0.148857,0.707752,0.143390,0.998303,0.836734,0.000949,0.153638,0.234791,31,660
3150,12/11/16 06,0,0.090166,0.844206,0.066460,0.997999,0.834917,0.001516,0.156137,0.182856,31,662
3151,12/11/16 07,0,0.104735,0.816596,0.078669,0.998262,0.833800,0.001181,0.157625,0.142408,31,656
3152,12/11/16 08,0,0.114485,0.812146,0.073369,0.998308,0.833336,0.000920,0.158237,0.130651,31,652
3153,12/11/16 09,0,0.128258,0.744443,0.129591,0.997853,0.836218,0.001782,0.154106,0.325323,31,653
3154,12/11/16 10,0,0.118388,0.797061,0.088983,0.997967,0.836742,0.001443,0.153516,0.253362,31,658
3155,12/11/16 11,0,0.118289,0.796843,0.091137,0.998253,0.836318,0.001124,0.154087,0.197318,31,663
3156,12/11/16 12,0,0.125826,0.780840,0.093334,0.998286,0.835899,0.000875,0.154726,0.153672,31,659
3157,12/11/16 13,0,0.135999,0.762145,0.103120,0.998348,0.835850,0.000682,0.154880,0.130324,31,656
3158,12/11/16 14,0,0.158481,0.708849,0.132670,0.998021,0.836191,0.001352,0.154445,0.170406,31,659
3159,12/11/16 15,0,0.174665,0.640315,0.185020,0.998004,0.836963,0.001053,0.153151,0.241885,31,659
3160,12/11/16 16,0,0.157506,0.677285,0.165209,0.998325,0.837239,0.000820,0.152855,0.188380,31,659
3161,12/11/16 17,0,0.131456,0.765289,0.103254,0.998004,0.836035,0.001588,0.154489,0.146711,31,659
3162,12/11/16 18,0,0.119081,0.805197,0.089852,0.998193,0.836311,0.001346,0.154208,0.169688,31,659
3163,12/11/16 19,0,0.126441,0.770478,0.109566,0.998252,0.836903,0.001260,0.153116,0.318326,31,655
3164,12/11/16 20,0,0.114724,0.809379,0.075897,0.998227,0.835363,0.001302,0.155279,0.247912,31,662
3165,12/11/16 21,0,0.107572,0.808350,0.084077,0.998263,0.834318,0.001195,0.156789,0.193074,31,657
3166,12/11/16 22,0,0.113285,0.798427,0.088288,0.998144,0.833907,0.001409,0.157441,0.150366,31,652
3167,12/11/16 23,0,0.146838,0.723068,0.130093,0.997772,0.833710,0.001887,0.157720,0.200411,31,654
3168,13/11/16 00,0,0.165431,0.682600,0.151970,0.997713,0.833347,0.001963,0.158311,0.158717,31,657
3169,13/11/16 01,0,0.117762,0.787822,0.107254,0.998004,0.832561,0.001538,0.159424,0.123609,31,656
3170,13/11/16 02,0,0.128738,0.768833,0.102428,0.998262,0.832347,0.001198,0.159758,0.110944,31,654
3171,13/11/16 03,0,0.117604,0.810455,0.079305,0.998303,0.833508,0.000949,0.158145,0.169688,31,652
3172,13/11/16 04,0,0.147149,0.742007,0.110844,0.998303,0.836307,0.000949,0.154299,0.234791,31,656
3173,13/11/16 05,0,0.165013,0.692875,0.144889,0.997433,0.839182,0.001278,0.150293,0.234791,31,666
3174,13/11/16 06,0,0.147632,0.728720,0.123648,0.997570,0.839241,0.000995,0.150198,0.232610,31,670
3175,13/11/16 07,0,0.154127,0.702640,0.148040,0.998034,0.839043,0.000775,0.150449,0.246195,31,663
3176,13/11/16 08,0,0.165802,0.686698,0.147569,0.998361,0.840816,0.000603,0.148154,0.191736,31,662
3177,13/11/16 09,0,0.159715,0.696689,0.143596,0.998159,0.842064,0.001390,0.146129,0.299666,31,663
3178,13/11/16 10,0,0.136707,0.753762,0.112883,0.997768,0.841343,0.001892,0.147216,0.233380,31,668
3179,13/11/16 11,0,0.138408,0.747680,0.117296,0.997768,0.841497,0.001892,0.147108,0.181757,31,663
3180,13/11/16 12,0,0.141813,0.738227,0.120556,0.998030,0.841758,0.001520,0.146853,0.144996,31,659
3181,13/11/16 13,0,0.161009,0.695828,0.143163,0.998262,0.842059,0.001184,0.146299,0.208967,31,664
3182,13/11/16 14,0,0.177434,0.613878,0.208688,0.998308,0.842853,0.000922,0.144878,0.285148,31,665
3183,13/11/16 15,0,0.165232,0.686125,0.148643,0.998081,0.842475,0.001334,0.145516,0.222074,31,666
3184,13/11/16 16,0,0.169601,0.673404,0.156996,0.997778,0.842072,0.001039,0.146179,0.172951,31,667
3185,13/11/16 17,0,0.182780,0.635337,0.181884,0.998262,0.842001,0.000809,0.146390,0.177248,31,663
3186,13/11/16 18,0,0.192176,0.586265,0.221559,0.998357,0.842137,0.000630,0.146225,0.228206,31,663
3187,13/11/16 19,0,0.202858,0.491471,0.305671,0.998004,0.842118,0.001589,0.146082,0.362551,31,662
3188,13/11/16 20,0,0.204171,0.480656,0.443153,0.997601,0.843012,0.000004,0.143563,0.850000,31,663
3189,13/11/16 21,0,0.193646,0.306254,0.614156,0.997793,0.843411,0.000003,0.142041,0.850000,31,664
3190,13/11/16 22,0,0.142691,0.734679,0.185277,0.998282,0.841578,0.000002,0.145165,0.661981,31,667
3191,13/11/16 23,0,0.135037,0.738248,0.126715,0.998255,0.839951,0.000002,0.147798,0.515551,31,662
3192,14/11/16 00,0,0.137769,0.740098,0.125617,0.997741,0.838438,0.000001,0.150144,0.401512,31,658
3193,14/11/16 01,0,0.147509,0.729129,0.124908,0.997814,0.837488,0.000001,0.151671,0.312698,31,655
3194,14/11/16 02,0,0.152051,0.715476,0.132472,0.998262,0.838027,0.000001,0.151136,0.243529,31,654
3195,14/11/16 03,0,0.151138,0.709852,0.141651,0.998303,0.838342,0.000001,0.150846,0.234791,31,656
3196,14/11/16 04,0,0.126502,0.754531,0.118967,0.998303,0.837440,0.000000,0.152233,0.182856,31,660
3197,14/11/16 05,0,0.146546,0.744400,0.109054,0.998302,0.836853,0.000000,0.153142,0.169688,31,659
3198,14/11/16 06,0,0.133205,0.747557,0.119505,0.998311,0.837259,0.000000,0.152445,0.270475,31,656
3199,14/11/16 07,0,0.162450,0.638869,0.198681,0.998262,0.837338,0.000000,0.152179,0.331654,31,658
3200,14/11/16 08,0,0.102532,0.820996,0.082069,0.998345,0.835858,0.000000,0.154287,0.258292,31,660
3201,14/11/16 09,0,0.116661,0.801583,0.081756,0.998221,0.834487,0.000000,0.156226,0.201158,31,657
3202,14/11/16 10,0,0.084594,0.851244,0.064161,0.998143,0.833317,0.000000,0.157883,0.156662,31,653
3203,14/11/16 11,0,0.114757,0.807614,0.077629,0.998194,0.833107,0.000000,0.158247,0.122716,31,652
3204,14/11/16 12,0,0.120822,0.787668,0.091510,0.998287,0.832777,0.000000,0.158737,0.101860,31,651
3205,14/11/16 13,0,0.101955,0.822059,0.076448,0.998335,0.832439,0.000000,0.159238,0.098511,31,654
3206,14/11/16 14,0,0.135619,0.763851,0.100530,0.998103,0.833718,0.000000,0.157560,0.169688,31,654
3207,14/11/16 15,0,0.147675,0.730119,0.124402,0.998082,0.834771,0.000000,0.156101,0.232179,31,657
3208,14/11/16 16,0,0.111929,0.804912,0.083158,0.998267,0.834233,0.000000,0.156870,0.180821,31,661
3209,14/11/16 17,0,0.120942,0.764565,0.114493,0.998299,0.835564,0.000000,0.154876,0.315660,31,658
3210,14/11/16 18,0,0.106035,0.814150,0.079815,0.998385,0.834665,0.000000,0.156214,0.245836,31,659
3211,14/11/16 19,0,0.118322,0.802183,0.079495,0.998376,0.833602,0.000000,0.157773,0.191457,31,659
3212,14/11/16 20,0,0.125846,0.780546,0.093608,0.998385,0.832742,0.000000,0.159019,0.149107,31,654
3213,14/11/16 21,0,0.130170,0.766497,0.103333,0.997920,0.832395,0.001697,0.159538,0.116125,31,653
3214,14/11/16 22,0,0.132907,0.756836,0.110258,0.997824,0.833577,0.001820,0.158009,0.129571,31,653
3215,14/11/16 23,0,0.143800,0.749948,0.115306,0.997908,0.835042,0.001565,0.156055,0.161001,31,658
3216,15/11/16 00,0,0.164153,0.682390,0.153457,0.997973,0.837129,0.001219,0.152973,0.223075,31,661
3217,15/11/16 01,0,0.179508,0.602393,0.218100,0.998303,0.840453,0.000949,0.147903,0.288910,31,662
3218,15/11/16 02,0,0.147745,0.738827,0.122599,0.998303,0.840599,0.000949,0.147904,0.225003,31,668
3219,15/11/16 03,0,0.139848,0.744567,0.115585,0.998262,0.838923,0.001198,0.150313,0.175233,31,667
3220,15/11/16 04,0,0.115986,0.797971,0.096376,0.998262,0.837723,0.000955,0.152009,0.136471,31,659
3221,15/11/16 05,0,0.127994,0.773510,0.098496,0.998326,0.838628,0.000744,0.150685,0.234791,31,655
3222,15/11/16 06,0,0.156863,0.707358,0.135780,0.998365,0.837304,0.000579,0.152535,0.182856,31,660
3223,15/11/16 07,0,0.172980,0.663769,0.163251,0.997713,0.836976,0.001963,0.152963,0.209628,31,662
3224,15/11/16 08,0,0.112070,0.797338,0.090592,0.997713,0.835449,0.001963,0.155102,0.163258,31,657
3225,15/11/16 09,0,0.117021,0.798608,0.084371,0.997362,0.834379,0.002136,0.156590,0.127146,31,655
3226,15/11/16 10,0,0.092721,0.842363,0.070237,0.997946,0.833477,0.001664,0.157793,0.099021,31,653
3227,15/11/16 11,0,0.116426,0.801163,0.082411,0.997713,0.833273,0.001963,0.158093,0.109451,31,652
3228,15/11/16 12,0,0.108319,0.813403,0.078678,0.997768,0.833143,0.001538,0.158249,0.096736,31,652
3229,15/11/16 13,0,0.121344,0.755359,0.123297,0.998262,0.834393,0.001198,0.156298,0.361975,31,655
3230,15/11/16 14,0,0.131577,0.770817,0.097606,0.998302,0.834452,0.000959,0.156289,0.281906,31,657
3231,15/11/16 15,0,0.118926,0.797203,0.087605,0.997888,0.834227,0.000822,0.156647,0.219549,31,664
3232,15/11/16 16,0,0.118914,0.784995,0.096090,0.998355,0.833484,0.000640,0.157735,0.170985,31,657
3233,15/11/16 17,0,0.108920,0.806170,0.089815,0.997768,0.833196,0.001892,0.158249,0.133163,31,655
3234,15/11/16 18,0,0.140852,0.761694,0.097454,0.997768,0.834523,0.001892,0.156536,0.173546,31,654
3235,15/11/16 19,0,0.126533,0.775171,0.098296,0.997768,0.835350,0.001892,0.155452,0.135158,31,656
3236,15/11/16 20,0,0.130661,0.762531,0.106808,0.997768,0.835692,0.001892,0.154979,0.114453,31,659
3237,15/11/16 21,0,0.133264,0.753878,0.112858,0.998022,0.836700,0.001566,0.153613,0.114453,31,658
3238,15/11/16 22,0,0.138451,0.747732,0.117261,0.998256,0.838301,0.001224,0.151506,0.154418,31,656
3239,15/11/16 23,0,0.148514,0.723377,0.128109,0.998296,0.839267,0.000953,0.149964,0.226837,31,663
3240,16/11/16 00,0,0.169275,0.628230,0.202495,0.998338,0.840015,0.000743,0.148496,0.308661,31,666
3241,16/11/16 01,0,0.145773,0.723901,0.130326,0.998262,0.839886,0.001198,0.148809,0.240385,31,666
3242,16/11/16 02,0,0.151684,0.719473,0.133578,0.997890,0.840363,0.001565,0.148279,0.187212,31,659
3243,16/11/16 03,0,0.147814,0.716136,0.136050,0.997904,0.841146,0.001219,0.147231,0.234791,31,661
3244,16/11/16 04,0,0.148460,0.710380,0.141180,0.998303,0.840805,0.000949,0.147722,0.234791,31,664
3245,16/11/16 05,0,0.148947,0.711664,0.139389,0.998262,0.840377,0.001198,0.148415,0.182856,31,663
3246,16/11/16 06,0,0.152415,0.710177,0.140506,0.998287,0.841189,0.001045,0.147268,0.234791,31,661
3247,16/11/16 07,0,0.169207,0.641675,0.192593,0.997531,0.842423,0.001618,0.145494,0.302332,31,662
3248,16/11/16 08,0,0.149816,0.708149,0.142035,0.997827,0.841619,0.001260,0.146777,0.235456,31,667
3249,16/11/16 09,0,0.161755,0.695158,0.143087,0.997502,0.841572,0.000981,0.147025,0.183373,31,664
3250,16/11/16 10,0,0.171700,0.671462,0.156838,0.997798,0.841426,0.000764,0.147335,0.142811,31,661
3251,16/11/16 11,0,0.179443,0.652198,0.168359,0.997926,0.841354,0.000595,0.147543,0.148187,31,663
3252,16/11/16 12,0,0.170824,0.665545,0.163632,0.998384,0.839744,0.000464,0.149730,0.205792,31,664
3253,16/11/16 13,0,0.181664,0.626180,0.192157,0.998262,0.838481,0.001198,0.151464,0.196744,31,661
3254,16/11/16 14,0,0.190419,0.580576,0.229005,0.998281,0.837473,0.001082,0.152782,0.232938,31,657
3255,16/11/16 15,0,0.187415,0.598715,0.213870,0.997678,0.837152,0.001951,0.153276,0.181413,31,655
3256,16/11/16 16,0,0.185497,0.609455,0.205048,0.997962,0.836397,0.001519,0.154348,0.141284,31,656
3257,16/11/16 17,0,0.139178,0.704992,0.155830,0.998264,0.835460,0.001183,0.155640,0.110032,31,658
3258,16/11/16 18,0,0.133400,0.742572,0.124028,0.997853,0.834512,0.001782,0.156913,0.101860,31,655
3259,16/11/16 19,0,0.133301,0.742935,0.123763,0.997853,0.834069,0.001782,0.157476,0.141550,31,655
3260,16/11/16 20,0,0.133229,0.743208,0.123563,0.997853,0.833687,0.001412,0.157930,0.110240,31,655
3261,16/11/16 21,0,0.133175,0.743414,0.132619,0.998252,0.835316,0.001100,0.155287,0.416911,31,654
3262,16/11/16 22,0,0.137367,0.743571,0.123295,0.998298,0.835318,0.000857,0.155404,0.324690,31,658
3263,16/11/16 23,0,0.148706,0.732098,0.123205,0.998350,0.835026,0.000667,0.155913,0.252869,31,661
3264,17/11/16 00,0,0.164683,0.696967,0.138350,0.998127,0.834727,0.001431,0.156406,0.196935,31,660
3265,17/11/16 01,0,0.166732,0.685128,0.148139,0.998262,0.834670,0.001198,0.156495,0.153373,31,656
3266,17/11/16 02,0,0.139571,0.733267,0.127162,0.998303,0.835792,0.000949,0.155043,0.169688,31,656
3267,17/11/16 03,0,0.146420,0.745210,0.115303,0.998303,0.835709,0.000949,0.155106,0.169688,31,657
3268,17/11/16 04,0,0.126553,0.750665,0.122782,0.998262,0.835147,0.001140,0.155611,0.312739,31,660
3269,17/11/16 05,0,0.119839,0.790869,0.090279,0.998303,0.835875,0.000888,0.154654,0.243561,31,659
3270,17/11/16 06,0,0.113448,0.809386,0.077713,0.998346,0.836021,0.000691,0.154527,0.189686,31,657
3271,17/11/16 07,0,0.143431,0.746203,0.112208,0.998263,0.837345,0.001190,0.152834,0.179560,31,658
3272,17/11/16 08,0,0.135909,0.757336,0.106755,0.998181,0.836785,0.001362,0.153681,0.141839,31,662
3273,17/11/16 09,0,0.130170,0.764206,0.107857,0.998165,0.835796,0.001382,0.155048,0.110464,31,660
3274,17/11/16 10,0,0.132906,0.756850,0.111895,0.998229,0.835871,0.001299,0.154982,0.116780,31,656
3275,17/11/16 11,0,0.138860,0.740856,0.120284,0.998285,0.836211,0.001060,0.154541,0.141234,31,656
3276,17/11/16 12,0,0.159578,0.700535,0.139886,0.998279,0.836798,0.001095,0.153597,0.209908,31,660
3277,17/11/16 13,0,0.147990,0.717690,0.134320,0.998302,0.837517,0.000956,0.152339,0.295335,31,660
3278,17/11/16 14,0,0.139044,0.747830,0.119955,0.998149,0.837324,0.001311,0.152603,0.230007,31,659
3279,17/11/16 15,0,0.143768,0.740617,0.115615,0.998122,0.837994,0.001021,0.151731,0.232179,31,659
3280,17/11/16 16,0,0.116951,0.779321,0.103727,0.997713,0.836776,0.000795,0.153470,0.180821,31,658
3281,17/11/16 17,0,0.095176,0.830173,0.079669,0.997713,0.835267,0.000619,0.155530,0.140824,31,660
3282,17/11/16 18,0,0.107841,0.818757,0.073402,0.998155,0.834011,0.000482,0.157291,0.109674,31,654
3283,17/11/16 19,0,0.077078,0.867553,0.060124,0.997921,0.832752,0.000376,0.159025,0.085414,31,653
3284,17/11/16 20,0,0.104626,0.822776,0.072598,0.998381,0.831917,0.000292,0.160197,0.096736,31,652
3285,17/11/16 21,0,0.125288,0.783228,0.091484,0.997958,0.831874,0.001648,0.160332,0.117120,31,651
3286,17/11/16 22,0,0.133247,0.761868,0.104884,0.998020,0.831626,0.001568,0.160724,0.113414,31,652
3287,17/11/16 23,0,0.134360,0.753756,0.111884,0.998206,0.831221,0.001329,0.161301,0.107855,31,654
3288,18/11/16 00,0,0.119347,0.778125,0.102528,0.998061,0.831882,0.001379,0.160162,0.290670,31,654
3289,18/11/16 01,0,0.118601,0.799126,0.082273,0.998262,0.831677,0.001074,0.160487,0.226374,31,655
3290,18/11/16 02,0,0.116715,0.791562,0.091723,0.998262,0.832254,0.000837,0.159742,0.176300,31,655
3291,18/11/16 03,0,0.117543,0.804259,0.081080,0.998353,0.833020,0.000652,0.158667,0.169688,31,653
3292,18/11/16 04,0,0.146879,0.742775,0.110346,0.998303,0.836673,0.000949,0.153632,0.234791,31,657
3293,18/11/16 05,0,0.152534,0.691043,0.156422,0.998118,0.837755,0.001443,0.152064,0.234791,31,665
3294,18/11/16 06,0,0.148146,0.720032,0.131823,0.998268,0.837970,0.001160,0.151801,0.217844,31,665
3295,18/11/16 07,0,0.126531,0.775095,0.098508,0.998159,0.837923,0.001390,0.151977,0.169657,31,661
3296,18/11/16 08,0,0.139239,0.745874,0.114887,0.997768,0.838445,0.001892,0.151233,0.178150,31,662
3297,18/11/16 09,0,0.133271,0.721750,0.151111,0.997879,0.839184,0.001520,0.149873,0.407181,31,660
3298,18/11/16 10,0,0.138425,0.747661,0.117326,0.998152,0.838765,0.001184,0.150577,0.317113,31,662
3299,18/11/16 11,0,0.141825,0.738102,0.120573,0.998288,0.839324,0.000922,0.149951,0.246968,31,658
3300,18/11/16 12,0,0.144648,0.729970,0.125894,0.998342,0.839826,0.000718,0.149213,0.192339,31,661
3301,18/11/16 13,0,0.165301,0.665715,0.168984,0.998127,0.841227,0.001232,0.147076,0.250349,31,663
3302,18/11/16 14,0,0.146942,0.719546,0.133512,0.998302,0.841063,0.000959,0.147373,0.194972,31,663
3303,18/11/16 15,0,0.151962,0.716192,0.135999,0.997970,0.841082,0.001632,0.147409,0.151845,31,663
3304,18/11/16 16,0,0.148456,0.713644,0.137900,0.997440,0.841703,0.002314,0.146647,0.172043,31,662
3305,18/11/16 17,0,0.148944,0.711697,0.139359,0.997792,0.841013,0.001862,0.147665,0.136204,31,665
3306,18/11/16 18,0,0.155598,0.710203,0.140482,0.997285,0.839998,0.002514,0.149129,0.135720,31,666
3307,18/11/16 19,0,0.169373,0.680921,0.149706,0.997656,0.839262,0.002000,0.150272,0.145978,31,660
3308,18/11/16 20,0,0.180278,0.653301,0.166421,0.997883,0.838866,0.001558,0.150900,0.153893,31,659
3309,18/11/16 21,0,0.188128,0.623285,0.188587,0.997842,0.838947,0.001213,0.150789,0.175938,31,659
3310,18/11/16 22,0,0.193775,0.597820,0.208406,0.997867,0.839602,0.000945,0.149875,0.184487,31,659
3311,18/11/16 23,0,0.136868,0.733873,0.129259,0.998339,0.838490,0.000736,0.151371,0.143678,31,661
3312,19/11/16 00,0,0.141207,0.737590,0.127235,0.997858,0.837550,0.001777,0.152669,0.121644,31,662
3313,19/11/16 01,0,0.134390,0.739592,0.126018,0.997846,0.836565,0.001538,0.153989,0.101870,31,655
3314,19/11/16 02,0,0.133954,0.740828,0.125217,0.998262,0.835767,0.001198,0.155052,0.101860,31,655
3315,19/11/16 03,0,0.117927,0.792462,0.097019,0.998303,0.836166,0.000949,0.154403,0.234791,31,655
3316,19/11/16 04,0,0.148460,0.709883,0.141657,0.998303,0.837819,0.000835,0.152119,0.234791,31,657
3317,19/11/16 05,0,0.146897,0.742568,0.110535,0.998293,0.836550,0.000650,0.153873,0.182856,31,660
3318,19/11/16 06,0,0.120798,0.780915,0.098287,0.998020,0.835249,0.000506,0.155551,0.242300,31,663
3319,19/11/16 07,0,0.129105,0.751139,0.120551,0.998267,0.835384,0.000394,0.155258,0.234791,31,654
3320,19/11/16 08,0,0.090174,0.846822,0.065282,0.998397,0.833998,0.000307,0.157145,0.182856,31,654
3321,19/11/16 09,0,0.104197,0.819413,0.076391,0.997853,0.833512,0.001782,0.157797,0.142408,31,657
3322,19/11/16 10,0,0.125920,0.771827,0.102253,0.998060,0.834737,0.001438,0.156130,0.216205,31,652
3323,19/11/16 11,0,0.153133,0.711459,0.135407,0.998275,0.835915,0.001120,0.154608,0.171103,31,656
3324,19/11/16 12,0,0.116484,0.804712,0.078803,0.998313,0.834911,0.000890,0.156048,0.133255,31,662
3325,19/11/16 13,0,0.102008,0.815850,0.082142,0.998254,0.833811,0.001248,0.157603,0.103779,31,661
3326,19/11/16 14,0,0.106793,0.808757,0.084449,0.998135,0.832853,0.001421,0.158902,0.087781,31,655
3327,19/11/16 15,0,0.116006,0.790896,0.093098,0.998264,0.832395,0.001189,0.159546,0.096526,31,654
3328,19/11/16 16,0,0.120949,0.764241,0.114810,0.998096,0.833616,0.001471,0.157610,0.323990,31,652
3329,19/11/16 17,0,0.107979,0.810344,0.081677,0.998090,0.832912,0.001478,0.158573,0.252324,31,655
3330,19/11/16 18,0,0.121241,0.797239,0.081520,0.998205,0.833523,0.001331,0.157849,0.196510,31,657
3331,19/11/16 19,0,0.134719,0.747567,0.119044,0.998252,0.835216,0.001258,0.155599,0.249093,31,654
3332,19/11/16 20,0,0.140749,0.754074,0.105177,0.998266,0.835224,0.001174,0.155669,0.193994,31,661
3333,19/11/16 21,0,0.138583,0.748414,0.113003,0.998271,0.835202,0.001141,0.155729,0.151082,31,658
3334,19/11/16 22,0,0.132878,0.757171,0.109950,0.998055,0.836143,0.001524,0.154561,0.143867,31,655
3335,19/11/16 23,0,0.146998,0.736407,0.116595,0.997934,0.836929,0.001679,0.153387,0.197681,31,659
3336,20/11/16 00,0,0.167137,0.655855,0.177008,0.997713,0.837912,0.001565,0.151766,0.258814,31,662
3337,20/11/16 01,0,0.131650,0.753062,0.116763,0.997822,0.836856,0.001219,0.153248,0.201565,31,661
3338,20/11/16 02,0,0.135420,0.757542,0.113822,0.998303,0.836042,0.000949,0.154412,0.156979,31,660
3339,20/11/16 03,0,0.129732,0.777824,0.101903,0.998303,0.836025,0.000949,0.154547,0.130755,31,654
3340,20/11/16 04,0,0.118055,0.792162,0.091589,0.998262,0.838090,0.001182,0.151695,0.234791,31,657
3341,20/11/16 05,0,0.148584,0.709571,0.141845,0.998308,0.840056,0.000921,0.149058,0.234791,31,662
3342,20/11/16 06,0,0.141342,0.731912,0.126745,0.998303,0.839207,0.000949,0.150071,0.256388,31,669
3343,20/11/16 07,0,0.124315,0.789273,0.086412,0.997449,0.838008,0.001682,0.151750,0.199675,31,663
3344,20/11/16 08,0,0.133207,0.750991,0.120649,0.997806,0.839420,0.001310,0.149720,0.234791,31,657
3345,20/11/16 09,0,0.158755,0.664725,0.176870,0.998292,0.842113,0.001020,0.145979,0.271011,31,659
3346,20/11/16 10,0,0.159524,0.674208,0.166268,0.998263,0.842029,0.001193,0.145999,0.276342,31,666
3347,20/11/16 11,0,0.144153,0.729805,0.126042,0.998019,0.841047,0.001569,0.147443,0.215215,31,670
3348,20/11/16 12,0,0.148177,0.723879,0.130345,0.997464,0.840280,0.001288,0.148661,0.167610,31,660
3349,20/11/16 13,0,0.158180,0.704926,0.136894,0.997556,0.839508,0.001003,0.149869,0.133920,31,660
3350,20/11/16 14,0,0.161966,0.692397,0.145637,0.997894,0.838859,0.000781,0.150851,0.130141,31,662
3351,20/11/16 15,0,0.167794,0.677714,0.154492,0.998360,0.838380,0.000609,0.151557,0.134640,31,661
3352,20/11/16 16,0,0.180713,0.650016,0.169271,0.997678,0.838587,0.001475,0.151366,0.151193,31,661
3353,20/11/16 17,0,0.181401,0.644005,0.174594,0.997967,0.838348,0.001149,0.151755,0.139499,31,660
3354,20/11/16 18,0,0.136378,0.736179,0.127443,0.998313,0.836861,0.000895,0.153790,0.108642,31,662
3355,20/11/16 19,0,0.134807,0.739342,0.125851,0.998033,0.835913,0.001551,0.155088,0.101860,31,659
3356,20/11/16 20,0,0.134109,0.740938,0.124953,0.997796,0.835564,0.001747,0.155546,0.134749,31,654
3357,20/11/16 21,0,0.136545,0.741867,0.124395,0.998181,0.835464,0.001361,0.155658,0.127677,31,656
3358,20/11/16 22,0,0.158808,0.705502,0.135690,0.998280,0.835482,0.001091,0.155619,0.169597,31,658
3359,20/11/16 23,0,0.157025,0.701593,0.141382,0.998319,0.835054,0.000858,0.156203,0.132083,31,659
3360,21/11/16 00,0,0.139117,0.740303,0.123594,0.998059,0.834474,0.001518,0.157024,0.112677,31,659
3361,21/11/16 01,0,0.147314,0.722959,0.129727,0.997831,0.834012,0.001565,0.157649,0.120990,31,655
3362,21/11/16 02,0,0.151932,0.711314,0.136754,0.998035,0.833892,0.001219,0.157761,0.121821,31,654
3363,21/11/16 03,0,0.150563,0.710748,0.138690,0.998303,0.834938,0.000949,0.156293,0.169688,31,654
3364,21/11/16 04,0,0.146425,0.745329,0.119010,0.998303,0.836795,0.000949,0.153673,0.234791,31,656
3365,21/11/16 05,0,0.164325,0.695925,0.142559,0.998317,0.839473,0.000867,0.149913,0.234791,31,662
3366,21/11/16 06,0,0.113817,0.811140,0.087612,0.997853,0.838447,0.001219,0.151341,0.182856,31,668
3367,21/11/16 07,0,0.128580,0.782286,0.089134,0.998303,0.837567,0.000949,0.152554,0.142408,31,663
3368,21/11/16 08,0,0.129911,0.721730,0.148359,0.998327,0.838042,0.000811,0.151587,0.364641,31,657
3369,21/11/16 09,0,0.145598,0.738936,0.115465,0.998330,0.837646,0.000791,0.152190,0.283982,31,657
3370,21/11/16 10,0,0.132904,0.756933,0.110164,0.997913,0.837692,0.001706,0.152169,0.221166,31,661
3371,21/11/16 11,0,0.134742,0.750028,0.115230,0.998042,0.837723,0.001539,0.152232,0.172244,31,658
3372,21/11/16 12,0,0.153783,0.726522,0.122461,0.998070,0.837787,0.001503,0.152200,0.161942,31,659
3373,21/11/16 13,0,0.171751,0.650202,0.178047,0.998028,0.839021,0.001558,0.150284,0.251290,31,660
3374,21/11/16 14,0,0.133132,0.746255,0.120613,0.998078,0.837913,0.001493,0.151785,0.195705,31,660
3375,21/11/16 15,0,0.140683,0.751432,0.115625,0.998250,0.837071,0.001269,0.152976,0.152415,31,661
3376,21/11/16 16,0,0.128747,0.762615,0.108639,0.998132,0.835963,0.001424,0.154550,0.118701,31,655
3377,21/11/16 17,0,0.104464,0.820505,0.084047,0.997713,0.834508,0.001963,0.156574,0.092582,31,655
3378,21/11/16 18,0,0.080802,0.863204,0.064752,0.997713,0.833162,0.001915,0.158431,0.072103,31,654
3379,21/11/16 19,0,0.113214,0.810038,0.076748,0.998080,0.832398,0.001492,0.159529,0.112554,31,652
3380,21/11/16 20,0,0.132136,0.770651,0.097213,0.998001,0.831834,0.001539,0.160312,0.123413,31,651
3381,21/11/16 21,0,0.120437,0.763858,0.115705,0.998262,0.832506,0.001198,0.159180,0.340707,31,652
3382,21/11/16 22,0,0.115446,0.809681,0.080600,0.997960,0.832855,0.001645,0.158822,0.265343,31,654
3383,21/11/16 23,0,0.121866,0.777388,0.103234,0.997834,0.833937,0.001808,0.157160,0.296001,31,656
3384,22/11/16 00,0,0.122418,0.778020,0.099562,0.997926,0.833374,0.001689,0.158042,0.230526,31,659
3385,22/11/16 01,0,0.108462,0.809641,0.084864,0.997936,0.832784,0.001538,0.158904,0.179534,31,657
3386,22/11/16 02,0,0.116535,0.791174,0.092291,0.998262,0.832918,0.001198,0.158784,0.139821,31,655
3387,22/11/16 03,0,0.118330,0.793457,0.088213,0.998303,0.832525,0.000949,0.159286,0.108893,31,652
3388,22/11/16 04,0,0.120537,0.783085,0.096379,0.998303,0.834993,0.000949,0.155926,0.234791,31,656
3389,22/11/16 05,0,0.151221,0.696505,0.152274,0.998115,0.837058,0.000747,0.153010,0.234791,31,660
3390,22/11/16 06,0,0.165657,0.689845,0.153548,0.997928,0.839358,0.000582,0.149401,0.301714,31,664
3391,22/11/16 07,0,0.167618,0.643249,0.189133,0.998386,0.839177,0.000453,0.149823,0.234975,31,670
3392,22/11/16 08,0,0.130645,0.762675,0.122867,0.998262,0.838489,0.001198,0.150903,0.182999,31,663
3393,22/11/16 09,0,0.133259,0.753950,0.112791,0.998281,0.838283,0.001082,0.151269,0.142520,31,660
3394,22/11/16 10,0,0.136108,0.747769,0.123130,0.997988,0.839395,0.001461,0.149545,0.325656,31,656
3395,22/11/16 11,0,0.138400,0.743276,0.120500,0.998257,0.840177,0.001138,0.148647,0.253621,31,660
3396,22/11/16 12,0,0.141888,0.738293,0.122951,0.998314,0.840671,0.000886,0.148060,0.197520,31,662
3397,22/11/16 13,0,0.162914,0.686508,0.150577,0.998165,0.841958,0.001382,0.146126,0.230599,31,663
3398,22/11/16 14,0,0.179086,0.598381,0.222533,0.997953,0.842935,0.001655,0.144332,0.308661,31,664
3399,22/11/16 15,0,0.151112,0.719632,0.133434,0.997657,0.842564,0.001901,0.145011,0.240385,31,666
3400,22/11/16 16,0,0.163025,0.704524,0.135939,0.997610,0.842487,0.001481,0.145277,0.187212,31,664
3401,22/11/16 17,0,0.148452,0.713695,0.137854,0.997335,0.842371,0.001153,0.145376,0.286005,31,662
3402,22/11/16 18,0,0.148940,0.711737,0.139323,0.997832,0.840847,0.000898,0.147617,0.222741,31,662
3403,22/11/16 19,0,0.149424,0.710234,0.140454,0.997953,0.839502,0.000699,0.149619,0.173471,31,660
3404,22/11/16 20,0,0.155561,0.702462,0.141977,0.998371,0.838647,0.000545,0.150923,0.135099,31,655
3405,22/11/16 21,0,0.173186,0.668049,0.158765,0.998096,0.838909,0.000919,0.150716,0.149218,31,658
3406,22/11/16 22,0,0.183356,0.644242,0.172402,0.998342,0.839190,0.000715,0.150443,0.149937,31,659
3407,22/11/16 23,0,0.190484,0.618136,0.191380,0.997678,0.839525,0.002008,0.149984,0.170090,31,661
3408,23/11/16 00,0,0.136868,0.733873,0.129259,0.997685,0.838041,0.001998,0.151973,0.132466,31,662
3409,23/11/16 01,0,0.135175,0.737590,0.127235,0.997780,0.836975,0.001565,0.153422,0.108520,31,660
3410,23/11/16 02,0,0.135706,0.739592,0.126018,0.997822,0.836194,0.001219,0.154433,0.117665,31,655
3411,23/11/16 03,0,0.138763,0.744897,0.116340,0.998303,0.835881,0.000949,0.154929,0.169688,31,655
3412,23/11/16 04,0,0.146502,0.745027,0.114332,0.998303,0.836501,0.000891,0.154116,0.169688,31,656
3413,23/11/16 05,0,0.134659,0.773295,0.097367,0.998346,0.836883,0.000694,0.153432,0.234791,31,658
3414,23/11/16 06,0,0.089582,0.840205,0.075151,0.998291,0.835086,0.001025,0.155874,0.182856,31,661
3415,23/11/16 07,0,0.127483,0.776430,0.096087,0.997853,0.835095,0.000993,0.155903,0.169688,31,658
3416,23/11/16 08,0,0.156385,0.709959,0.133656,0.997896,0.834905,0.000773,0.156173,0.169688,31,653
3417,23/11/16 09,0,0.116504,0.800115,0.083381,0.998361,0.834497,0.000602,0.156744,0.132153,31,657
3418,23/11/16 10,0,0.116042,0.804424,0.079534,0.997984,0.833729,0.001412,0.157734,0.102921,31,655
3419,23/11/16 11,0,0.115972,0.807692,0.076336,0.998252,0.832957,0.001100,0.158794,0.124190,31,655
3420,23/11/16 12,0,0.088395,0.848278,0.066804,0.998301,0.832177,0.000857,0.159860,0.096720,31,654
3421,23/11/16 13,0,0.104769,0.829414,0.072210,0.998350,0.831824,0.000667,0.160338,0.101860,31,653
3422,23/11/16 14,0,0.118129,0.797020,0.084850,0.998233,0.831889,0.001243,0.160254,0.120826,31,652
3423,23/11/16 15,0,0.126707,0.781507,0.091786,0.998165,0.831836,0.000968,0.160312,0.109708,31,654
3424,23/11/16 16,0,0.120950,0.751148,0.127902,0.998336,0.833473,0.000754,0.157725,0.399294,31,654
3425,23/11/16 17,0,0.122492,0.792414,0.085094,0.997920,0.833392,0.001697,0.157887,0.310970,31,656
3426,23/11/16 18,0,0.120848,0.790889,0.088263,0.997886,0.834135,0.001741,0.156888,0.242184,31,659
3427,23/11/16 19,0,0.119534,0.792748,0.087718,0.997968,0.834803,0.001635,0.156072,0.200037,31,657
3428,23/11/16 20,0,0.118460,0.801664,0.084648,0.998241,0.834180,0.001284,0.157005,0.155789,31,658
3429,23/11/16 21,0,0.125891,0.780403,0.093706,0.998249,0.833703,0.001274,0.157742,0.121328,31,658
3430,23/11/16 22,0,0.130185,0.766478,0.103337,0.998262,0.834303,0.001196,0.157019,0.131452,31,655
3431,23/11/16 23,0,0.144054,0.748943,0.110235,0.997731,0.835047,0.001940,0.156010,0.176050,31,658
3432,24/11/16 00,0,0.164457,0.675298,0.160245,0.997787,0.835843,0.001867,0.154714,0.232480,31,660
3433,24/11/16 01,0,0.129085,0.758344,0.113425,0.997889,0.835180,0.001538,0.155614,0.181055,31,659
3434,24/11/16 02,0,0.138696,0.753713,0.113977,0.998262,0.835150,0.001198,0.155675,0.141006,31,658
3435,24/11/16 03,0,0.127015,0.765237,0.107748,0.998262,0.834883,0.001198,0.156080,0.135077,31,654
3436,24/11/16 04,0,0.118105,0.795006,0.089118,0.998303,0.837138,0.000949,0.152992,0.234791,31,657
3437,24/11/16 05,0,0.148669,0.708918,0.142413,0.997768,0.839029,0.001538,0.150387,0.234791,31,660
3438,24/11/16 06,0,0.114578,0.805197,0.080225,0.998262,0.837311,0.001198,0.152734,0.182856,31,667
3439,24/11/16 07,0,0.106737,0.812619,0.080644,0.998262,0.835875,0.001198,0.154712,0.142408,31,661
3440,24/11/16 08,0,0.113269,0.802175,0.087179,0.997907,0.834763,0.001713,0.156216,0.110908,31,653
3441,24/11/16 09,0,0.111290,0.814926,0.083518,0.997713,0.834178,0.001439,0.157005,0.107855,31,654
3442,24/11/16 10,0,0.113291,0.802554,0.084156,0.997962,0.833669,0.001120,0.157661,0.100608,31,653
3443,24/11/16 11,0,0.122460,0.778104,0.100610,0.997437,0.834693,0.000873,0.156145,0.234791,31,655
3444,24/11/16 12,0,0.133128,0.760456,0.106416,0.997713,0.833964,0.000680,0.157181,0.182856,31,656
3445,24/11/16 13,0,0.119818,0.786904,0.093503,0.997924,0.834349,0.000529,0.156603,0.237817,31,658
3446,24/11/16 14,0,0.116970,0.797443,0.090906,0.997956,0.834054,0.000412,0.157056,0.185212,31,656
3447,24/11/16 15,0,0.118027,0.798699,0.091642,0.998408,0.834062,0.000321,0.157056,0.144243,31,658
3448,24/11/16 16,0,0.119024,0.781824,0.099152,0.997999,0.833677,0.001404,0.157584,0.112337,31,655
3449,24/11/16 17,0,0.118151,0.797416,0.087998,0.998279,0.834510,0.001094,0.156557,0.145007,31,655
3450,24/11/16 18,0,0.144255,0.761842,0.107662,0.998281,0.836220,0.001082,0.154021,0.278674,31,655
3451,24/11/16 19,0,0.126448,0.775784,0.097768,0.997768,0.836173,0.001892,0.154185,0.217032,31,661
3452,24/11/16 20,0,0.130590,0.763030,0.106380,0.997863,0.836063,0.001769,0.154388,0.169025,31,660
3453,24/11/16 21,0,0.133207,0.754276,0.112517,0.998043,0.836434,0.001507,0.153967,0.131636,31,657
3454,24/11/16 22,0,0.138455,0.748046,0.116992,0.998266,0.837605,0.001174,0.152454,0.139729,31,659
3455,24/11/16 23,0,0.145685,0.737900,0.120309,0.998302,0.838715,0.000958,0.150821,0.203324,31,663
3456,25/11/16 00,0,0.166293,0.654361,0.179346,0.998135,0.839927,0.001421,0.148812,0.269160,31,665
3457,25/11/16 01,0,0.173352,0.661204,0.165444,0.997915,0.840545,0.001565,0.148069,0.209622,31,664
3458,25/11/16 02,0,0.175166,0.655019,0.169815,0.998083,0.841572,0.001219,0.146768,0.169688,31,661
3459,25/11/16 03,0,0.147814,0.716129,0.136057,0.998303,0.840758,0.000949,0.147982,0.132153,31,664
3460,25/11/16 04,0,0.148460,0.713595,0.137945,0.998303,0.839413,0.000949,0.149890,0.114453,31,665
3461,25/11/16 05,0,0.148947,0.711659,0.139394,0.997719,0.840756,0.001955,0.148014,0.234791,31,658
3462,25/11/16 06,0,0.152500,0.708546,0.142698,0.997571,0.841061,0.002146,0.147616,0.234791,31,659
3463,25/11/16 07,0,0.169274,0.677481,0.153245,0.997792,0.840774,0.001862,0.148106,0.200037,31,667
3464,25/11/16 08,0,0.160445,0.697125,0.142430,0.997780,0.839708,0.001565,0.149719,0.155789,31,662
3465,25/11/16 09,0,0.168641,0.677209,0.154150,0.997822,0.838976,0.001219,0.150787,0.138240,31,660
3466,25/11/16 10,0,0.178981,0.653871,0.167147,0.998303,0.838842,0.000949,0.151053,0.146878,31,659
3467,25/11/16 11,0,0.136868,0.733873,0.129259,0.997846,0.837607,0.001204,0.152740,0.114389,31,659
3468,25/11/16 12,0,0.135175,0.737590,0.127235,0.998305,0.836354,0.000938,0.154487,0.101860,31,658
3469,25/11/16 13,0,0.134390,0.739592,0.126018,0.998221,0.835269,0.001309,0.156006,0.101860,31,656
3470,25/11/16 14,0,0.133954,0.740828,0.125217,0.997812,0.834454,0.001655,0.157115,0.101860,31,655
3471,25/11/16 15,0,0.133686,0.741651,0.124664,0.997681,0.834182,0.001289,0.157487,0.101860,31,654
3472,25/11/16 16,0,0.133509,0.742224,0.124268,0.998194,0.833673,0.001004,0.158157,0.101860,31,654
3473,25/11/16 17,0,0.133387,0.742634,0.123978,0.998331,0.832887,0.000782,0.159140,0.101860,31,656
3474,25/11/16 18,0,0.133301,0.742935,0.123763,0.997853,0.832504,0.001782,0.159620,0.101860,31,655
3475,25/11/16 19,0,0.133229,0.743208,0.123563,0.997853,0.832593,0.001782,0.159479,0.114967,31,653
3476,25/11/16 20,0,0.133175,0.743414,0.123411,0.997853,0.833120,0.001732,0.158610,0.251912,31,654
3477,25/11/16 21,0,0.133135,0.743571,0.123295,0.998135,0.833913,0.001349,0.157496,0.200037,31,657
3478,25/11/16 22,0,0.149539,0.700087,0.150374,0.998283,0.834978,0.001050,0.155999,0.270475,31,656
3479,25/11/16 23,0,0.167616,0.645550,0.186834,0.998325,0.835303,0.000818,0.155511,0.217857,31,662
3480,26/11/16 00,0,0.173960,0.641730,0.184310,0.998264,0.835283,0.001187,0.155596,0.211825,31,662
3481,26/11/16 01,0,0.147160,0.696722,0.156117,0.998262,0.834709,0.001198,0.156449,0.164969,31,658
3482,26/11/16 02,0,0.124016,0.779813,0.096171,0.998033,0.835312,0.001551,0.155528,0.234791,31,657
3483,26/11/16 03,0,0.148591,0.708806,0.142604,0.997853,0.835707,0.001219,0.154908,0.234791,31,657
3484,26/11/16 04,0,0.121618,0.778543,0.099839,0.998303,0.834730,0.000949,0.156262,0.182856,31,660
3485,26/11/16 05,0,0.121321,0.787194,0.091486,0.998303,0.834591,0.000949,0.156443,0.169688,31,658
3486,26/11/16 06,0,0.147000,0.740979,0.120774,0.998281,0.838007,0.001082,0.151711,0.234791,31,654
3487,26/11/16 07,0,0.148776,0.735329,0.115895,0.998122,0.837588,0.001436,0.152365,0.182856,31,663
3488,26/11/16 08,0,0.148616,0.733802,0.117582,0.998118,0.836523,0.001442,0.153915,0.142408,31,664
3489,26/11/16 09,0,0.148752,0.724926,0.126322,0.998215,0.835865,0.001318,0.154801,0.118546,31,657
3490,26/11/16 10,0,0.134912,0.743966,0.121123,0.997713,0.835462,0.001963,0.155385,0.118295,31,654
3491,26/11/16 11,0,0.144968,0.725654,0.129378,0.997713,0.835909,0.001963,0.154806,0.129947,31,654
3492,26/11/16 12,0,0.142889,0.730931,0.128576,0.997713,0.836370,0.001963,0.154136,0.177931,31,659
3493,26/11/16 13,0,0.163911,0.671930,0.164159,0.997713,0.837119,0.001963,0.152853,0.252230,31,660
3494,26/11/16 14,0,0.129784,0.758329,0.115450,0.997713,0.836493,0.001963,0.153742,0.196437,31,660
3495,26/11/16 15,0,0.137742,0.755332,0.106926,0.997713,0.837977,0.001963,0.151605,0.252351,31,659
3496,26/11/16 16,0,0.151158,0.680150,0.168692,0.997713,0.838209,0.001871,0.151056,0.300999,31,661
3497,26/11/16 17,0,0.088174,0.841316,0.074353,0.997713,0.836313,0.001457,0.153747,0.234418,31,662
3498,26/11/16 18,0,0.103916,0.813140,0.082944,0.997859,0.834959,0.001135,0.155682,0.182565,31,656
3499,26/11/16 19,0,0.104974,0.812931,0.082095,0.998314,0.833974,0.000884,0.157078,0.142182,31,651
3500,26/11/16 20,0,0.103385,0.815266,0.082759,0.998281,0.833084,0.001044,0.158340,0.110731,31,653
3501,26/11/16 21,0,0.132347,0.763542,0.104110,0.998326,0.832922,0.000813,0.158594,0.129398,31,653
3502,26/11/16 22,0,0.161290,0.641646,0.197064,0.998293,0.833250,0.001014,0.158002,0.362551,31,654
3503,26/11/16 23,0,0.177985,0.480659,0.443149,0.998289,0.833686,0.000000,0.156299,0.850000,31,657
3504,27/11/16 00,0,0.171344,0.306256,0.614153,0.997822,0.833709,0.000000,0.155575,0.850000,31,656
3505,27/11/16 01,0,0.160881,0.211600,0.707549,0.998303,0.833634,0.000000,0.155150,0.850000,31,658
3506,27/11/16 02,0,0.123607,0.721752,0.222609,0.998303,0.833821,0.000000,0.155544,0.661981,31,656
3507,27/11/16 03,0,0.117475,0.795182,0.137680,0.997967,0.834567,0.000000,0.154990,0.515551,31,656
3508,27/11/16 04,1,0.146856,0.742893,0.115184,0.998262,0.836294,0.000000,0.153037,0.401512,31,656
3509,27/11/16 05,1,0.157646,0.689892,0.152463,0.998303,0.837296,0.000000,0.151849,0.312698,31,661
3510,27/11/16 06,1,0.174144,0.646780,0.179076,0.998254,0.838802,0.000000,0.149945,0.243529,31,663
3511,27/11/16 07,1,0.184343,0.617601,0.198056,0.998004,0.840405,0.000000,0.148006,0.189661,31,663
3512,27/11/16 08,1,0.191052,0.597145,0.211802,0.997899,0.841339,0.000000,0.146935,0.174349,31,666
3513,27/11/16 09,1,0.195490,0.584648,0.219863,0.997896,0.840535,0.000000,0.148184,0.169716,31,667
3514,27/11/16 10,1,0.187540,0.605552,0.206908,0.998026,0.839608,0.000000,0.149595,0.135650,31,663
3515,27/11/16 11,0,0.147060,0.722800,0.130141,0.998267,0.838819,0.000000,0.150763,0.114453,31,658
3516,27/11/16 12,0,0.144144,0.729878,0.125978,0.998315,0.838718,0.000000,0.150926,0.114453,31,656
3517,27/11/16 13,0,0.145771,0.723928,0.130302,0.998104,0.838914,0.000000,0.150673,0.124681,31,656
3518,27/11/16 14,0,0.150790,0.719493,0.133560,0.998315,0.839982,0.000000,0.149244,0.150656,31,661
3519,27/11/16 15,0,0.168441,0.673416,0.158144,0.998346,0.841363,0.000000,0.147232,0.217432,31,662
3520,27/11/16 16,0,0.166431,0.476898,0.446887,0.997370,0.841782,0.000000,0.145305,0.850000,31,665
3521,27/11/16 17,0,0.182236,0.303164,0.617224,0.997545,0.842847,0.000000,0.143054,0.850000,31,665
3522,27/11/16 18,0,0.179822,0.209144,0.709990,0.997555,0.843190,0.000000,0.142056,0.850000,31,665
3523,27/11/16 19,0,0.175716,0.150252,0.768249,0.997549,0.843200,0.000000,0.141659,0.850000,31,666
3524,27/11/16 20,0,0.184525,0.110516,0.807616,0.998020,0.842970,0.000000,0.141621,0.850000,31,665
3525,27/11/16 21,0,0.190505,0.082505,0.835390,0.998385,0.842857,0.000000,0.141498,0.850000,31,664
3526,27/11/16 22,0,0.194702,0.602671,0.279795,0.998338,0.842439,0.000000,0.142984,0.661981,31,663
3527,27/11/16 23,0,0.136868,0.733873,0.177202,0.998178,0.840494,0.000000,0.146265,0.515551,31,664
3528,28/11/16 00,0,0.137043,0.737590,0.127235,0.998254,0.839297,0.000000,0.148423,0.401512,31,660
3529,28/11/16 01,0,0.162685,0.668257,0.169058,0.997987,0.838526,0.000000,0.149778,0.312698,31,655
3530,28/11/16 02,0,0.177269,0.627002,0.195728,0.998262,0.838264,0.000000,0.150426,0.243529,31,658
3531,28/11/16 03,0,0.161775,0.662002,0.176222,0.998265,0.837793,0.000000,0.151356,0.189661,31,657
3532,28/11/16 04,0,0.146494,0.744850,0.108655,0.998308,0.837317,0.000000,0.152225,0.169688,31,659
3533,28/11/16 05,0,0.135964,0.771257,0.092778,0.998304,0.835907,0.000000,0.154331,0.157773,31,657
3534,28/11/16 06,0,0.098662,0.827845,0.073665,0.998265,0.834457,0.000000,0.156449,0.122874,31,658
3535,28/11/16 07,0,0.116463,0.804715,0.078821,0.998265,0.834045,0.000000,0.157088,0.124619,31,652
3536,28/11/16 08,0,0.124370,0.788919,0.086772,0.998262,0.833708,0.000000,0.157579,0.169688,31,653
3537,28/11/16 09,0,0.124465,0.773638,0.101896,0.998090,0.833406,0.000000,0.157968,0.214124,31,656
3538,28/11/16 10,0,0.119539,0.791981,0.088480,0.997853,0.832907,0.000000,0.158672,0.166760,31,654
3539,28/11/16 11,0,0.124761,0.776377,0.098863,0.997853,0.832611,0.000000,0.159120,0.129873,31,654
3540,28/11/16 12,0,0.127530,0.766931,0.105539,0.997967,0.832212,0.000000,0.159653,0.101860,31,653
3541,28/11/16 13,0,0.111979,0.811840,0.076181,0.998250,0.832051,0.000000,0.159909,0.109393,31,654
3542,28/11/16 14,0,0.108411,0.809832,0.081757,0.998292,0.832087,0.000000,0.159897,0.096171,31,653
3543,28/11/16 15,0,0.116747,0.797736,0.089495,0.998400,0.832493,0.000000,0.159385,0.106522,31,654
3544,28/11/16 16,0,0.120630,0.787093,0.092277,0.998326,0.833881,0.000000,0.157478,0.192245,31,655
3545,28/11/16 17,0,0.140187,0.749325,0.110488,0.998259,0.833971,0.000000,0.157401,0.149720,31,658
3546,28/11/16 18,0,0.136471,0.747918,0.115611,0.998211,0.833795,0.000000,0.157686,0.116602,31,661
3547,28/11/16 19,0,0.153839,0.714585,0.131576,0.998258,0.833391,0.000000,0.158313,0.134957,31,655
3548,28/11/16 20,0,0.177386,0.480449,0.443358,0.998259,0.833757,0.000000,0.156405,0.850000,31,658
3549,28/11/16 21,0,0.186304,0.306256,0.614153,0.998258,0.834163,0.000000,0.154976,0.850000,31,655
3550,28/11/16 22,0,0.193458,0.211600,0.707549,0.997713,0.836238,0.000000,0.151182,0.850000,31,656
3551,28/11/16 23,0,0.195908,0.152185,0.766329,0.998164,0.837820,0.000000,0.148102,0.850000,31,660
3552,29/11/16 00,0,0.172842,0.112030,0.806112,0.998299,0.839779,0.000000,0.144484,0.850000,31,665
3553,29/11/16 01,0,0.138014,0.083688,0.834214,0.998276,0.839092,0.000000,0.145447,0.850000,31,663
3554,29/11/16 02,0,0.143275,0.664804,0.279198,0.998262,0.837913,0.000000,0.148142,0.661981,31,662
3555,29/11/16 03,0,0.125467,0.764832,0.176869,0.998262,0.836996,0.000000,0.150315,0.515551,31,657
3556,29/11/16 04,0,0.117405,0.798773,0.126248,0.998254,0.836207,0.000000,0.152027,0.401512,31,656
3557,29/11/16 05,0,0.146883,0.742357,0.110760,0.997528,0.837287,0.000000,0.150998,0.312698,31,657
3558,29/11/16 06,0,0.152792,0.694411,0.152797,0.997967,0.837765,0.000000,0.150635,0.256388,31,658
3559,29/11/16 07,0,0.099970,0.823554,0.076476,0.998262,0.836007,0.000000,0.153355,0.199675,31,664
3560,29/11/16 08,0,0.124732,0.788789,0.086479,0.998290,0.835236,0.000000,0.154644,0.155507,31,658
3561,29/11/16 09,0,0.155478,0.694007,0.150514,0.997713,0.835933,0.000000,0.153794,0.249562,31,653
3562,29/11/16 10,0,0.123440,0.757236,0.119324,0.997713,0.836271,0.000000,0.153342,0.298651,31,655
3563,29/11/16 11,0,0.113714,0.772148,0.114138,0.997713,0.835321,0.000000,0.154790,0.232589,31,658
3564,29/11/16 12,0,0.121623,0.776643,0.101735,0.997797,0.835851,0.000000,0.154123,0.234791,31,657
3565,29/11/16 13,0,0.152540,0.689560,0.157900,0.997650,0.836046,0.000000,0.153870,0.234791,31,657
3566,29/11/16 14,0,0.106630,0.829705,0.073826,0.997787,0.835410,0.000000,0.154836,0.182856,31,658
3567,29/11/16 15,0,0.133596,0.780545,0.085859,0.998276,0.836701,0.000000,0.153219,0.142408,31,659
3568,29/11/16 16,0,0.126605,0.775361,0.098033,0.998221,0.837014,0.000000,0.152890,0.128239,31,655
3569,29/11/16 17,0,0.130748,0.762540,0.106713,0.997772,0.838486,0.000000,0.150980,0.194124,31,663
3570,29/11/16 18,0,0.139192,0.745210,0.115598,0.998082,0.838420,0.000000,0.151087,0.151184,31,661
3571,29/11/16 19,0,0.143245,0.732947,0.123808,0.998406,0.837988,0.000000,0.151715,0.117742,31,661
3572,29/11/16 20,0,0.141854,0.735522,0.124906,0.998282,0.837862,0.000000,0.151919,0.114453,31,658
3573,29/11/16 21,0,0.144156,0.729764,0.126080,0.998315,0.838513,0.000000,0.151112,0.121981,31,656
3574,29/11/16 22,0,0.145779,0.723845,0.130377,0.998351,0.839018,0.000000,0.150499,0.138323,31,660
3575,29/11/16 23,0,0.156305,0.715665,0.133617,0.998393,0.839364,0.000000,0.150068,0.143999,31,666
3576,30/11/16 00,0,0.163835,0.694426,0.141739,0.998150,0.839271,0.000000,0.150203,0.136280,31,664
3577,30/11/16 01,0,0.166822,0.682729,0.150449,0.997915,0.839598,0.001704,0.149824,0.136260,31,663
3578,30/11/16 02,0,0.164259,0.682810,0.152931,0.997883,0.839395,0.001538,0.150078,0.125385,31,661
3579,30/11/16 03,0,0.154715,0.697683,0.147601,0.998262,0.839503,0.001198,0.149981,0.122110,31,662
3580,30/11/16 04,0,0.149600,0.709021,0.141378,0.998303,0.840386,0.000949,0.148700,0.234791,31,658
3581,30/11/16 05,0,0.149817,0.708140,0.142043,0.998317,0.841294,0.000867,0.147330,0.234791,31,662
3582,30/11/16 06,0,0.149984,0.707458,0.142558,0.997756,0.840244,0.001472,0.148882,0.182856,31,664
3583,30/11/16 07,0,0.163046,0.684843,0.152111,0.998252,0.839480,0.001146,0.150044,0.142408,31,660
3584,30/11/16 08,0,0.171053,0.667118,0.161829,0.998313,0.839845,0.000893,0.149295,0.321991,31,660
3585,30/11/16 09,0,0.136929,0.733580,0.129490,0.998344,0.837851,0.000705,0.152080,0.250767,31,663
3586,30/11/16 10,0,0.135222,0.737366,0.127412,0.997822,0.836447,0.001219,0.154023,0.195297,31,660
3587,30/11/16 11,0,0.134426,0.739420,0.126154,0.998303,0.835535,0.000949,0.155275,0.152098,31,653
3588,30/11/16 12,0,0.133982,0.740695,0.125323,0.998303,0.835162,0.000949,0.155830,0.118454,31,653
3589,30/11/16 13,0,0.133707,0.741548,0.124745,0.997891,0.835048,0.001734,0.156065,0.125716,31,654
3590,30/11/16 14,0,0.133525,0.742144,0.124331,0.998083,0.835385,0.001487,0.155646,0.169688,31,657
3591,30/11/16 15,0,0.150670,0.720201,0.129129,0.998007,0.836213,0.001418,0.154423,0.216675,31,659
3592,30/11/16 16,0,0.136009,0.742935,0.123763,0.998278,0.836177,0.001105,0.154525,0.168747,31,660
3593,30/11/16 17,0,0.133229,0.743208,0.123563,0.997923,0.836552,0.001693,0.153808,0.235025,31,659
3594,30/11/16 18,0,0.133175,0.743414,0.123411,0.997876,0.835177,0.001753,0.155657,0.183037,31,661
3595,30/11/16 19,0,0.133135,0.743571,0.123295,0.997853,0.834049,0.001782,0.157245,0.142550,31,657
3596,30/11/16 20,0,0.133104,0.743691,0.123205,0.997937,0.833206,0.001674,0.158410,0.111018,31,652
3597,30/11/16 21,0,0.133081,0.743783,0.123136,0.998119,0.832744,0.001440,0.159042,0.101860,31,652
3598,30/11/16 22,0,0.133063,0.743854,0.123083,0.998183,0.832944,0.001359,0.158806,0.115347,31,653
3599,30/11/16 23,0,0.133049,0.743909,0.123042,0.998097,0.833001,0.001470,0.158779,0.101860,31,653
3600,01/12/16 00,0,0.133038,0.743952,0.123010,0.998096,0.832736,0.001470,0.159174,0.101860,31,655
3601,01/12/16 01,0,0.100587,0.821637,0.083778,0.997975,0.832311,0.001565,0.159756,0.084354,31,656
3602,01/12/16 02,0,0.117215,0.791842,0.090943,0.997939,0.832302,0.001219,0.159719,0.114345,31,656
3603,01/12/16 03,0,0.118667,0.791651,0.089683,0.998303,0.834665,0.000949,0.156447,0.234791,31,653
3604,01/12/16 04,0,0.147076,0.741831,0.111094,0.998303,0.834300,0.000949,0.156911,0.182856,31,657
3605,01/12/16 05,0,0.164895,0.692971,0.142134,0.997880,0.834804,0.001016,0.156200,0.171861,31,661
3606,01/12/16 06,0,0.125536,0.768420,0.107156,0.998092,0.836597,0.000791,0.153637,0.234791,31,657
3607,01/12/16 07,0,0.156225,0.674286,0.169489,0.998359,0.837165,0.000616,0.152659,0.283339,31,660
3608,01/12/16 08,0,0.160932,0.706901,0.132168,0.997713,0.837253,0.001963,0.152695,0.220665,31,665
3609,01/12/16 09,0,0.174272,0.663012,0.162716,0.997713,0.838470,0.001963,0.150917,0.220904,31,659
3610,01/12/16 10,0,0.152755,0.698535,0.148709,0.997880,0.837838,0.001748,0.151912,0.172040,31,662
3611,01/12/16 11,0,0.154005,0.697288,0.148707,0.997750,0.838015,0.001915,0.151802,0.133985,31,659
3612,01/12/16 12,0,0.141756,0.744937,0.119030,0.997979,0.838598,0.001538,0.151090,0.154418,31,658
3613,01/12/16 13,0,0.162452,0.689354,0.148194,0.998262,0.839328,0.001198,0.149940,0.218372,31,662
3614,01/12/16 14,0,0.178456,0.604446,0.217097,0.998292,0.840366,0.001018,0.148151,0.298315,31,662
3615,01/12/16 15,0,0.143917,0.746904,0.112214,0.997970,0.840387,0.001218,0.148230,0.232328,31,663
3616,01/12/16 16,0,0.151208,0.724430,0.124363,0.998304,0.840319,0.000948,0.148479,0.180937,31,663
3617,01/12/16 17,0,0.144138,0.729963,0.125899,0.997713,0.840267,0.001963,0.148372,0.295335,31,662
3618,01/12/16 18,0,0.145765,0.724000,0.130235,0.997713,0.839332,0.001963,0.149786,0.230007,31,661
3619,01/12/16 19,0,0.150668,0.719305,0.133506,0.997713,0.839057,0.001963,0.150345,0.179129,31,659
3620,01/12/16 20,0,0.158190,0.701036,0.140774,0.997713,0.839296,0.001963,0.150157,0.169694,31,659
3621,01/12/16 21,0,0.169028,0.677274,0.153697,0.997863,0.839254,0.001769,0.150277,0.185949,31,662
3622,01/12/16 22,0,0.181747,0.638788,0.179464,0.997713,0.839836,0.001963,0.149565,0.178188,31,662
3623,01/12/16 23,0,0.189347,0.613688,0.196966,0.997713,0.840228,0.001963,0.149056,0.174139,31,662
3624,02/12/16 00,0,0.136378,0.736179,0.127443,0.997518,0.838668,0.001565,0.151192,0.135619,31,663
3625,02/12/16 01,0,0.134807,0.739342,0.125851,0.997852,0.837381,0.001219,0.152947,0.109352,31,662
3626,02/12/16 02,0,0.136464,0.740938,0.124953,0.998303,0.836391,0.000949,0.154257,0.118496,31,657
3627,02/12/16 03,0,0.141216,0.740804,0.124395,0.998262,0.836065,0.001198,0.154691,0.116002,31,654
3628,02/12/16 04,0,0.134802,0.747064,0.118135,0.998263,0.837424,0.001190,0.152767,0.234791,31,655
3629,02/12/16 05,0,0.148831,0.707883,0.143286,0.998303,0.838139,0.000949,0.151693,0.234791,31,662
3630,02/12/16 06,0,0.147183,0.741894,0.110923,0.998334,0.837647,0.000764,0.152366,0.182856,31,663
3631,02/12/16 07,0,0.136490,0.707616,0.155893,0.998260,0.836538,0.001208,0.153592,0.397265,31,660
3632,02/12/16 08,0,0.121789,0.743875,0.134335,0.998295,0.835126,0.001002,0.155572,0.309390,31,658
3633,02/12/16 09,0,0.095809,0.833615,0.079594,0.998125,0.833963,0.001433,0.157149,0.240953,31,653
3634,02/12/16 10,0,0.104304,0.814496,0.081200,0.997967,0.833567,0.001496,0.157717,0.187655,31,653
3635,02/12/16 11,0,0.120204,0.785127,0.094669,0.998252,0.833251,0.001165,0.158208,0.146146,31,652
3636,02/12/16 12,0,0.122709,0.742532,0.134760,0.998293,0.834013,0.000907,0.156799,0.400384,31,655
3637,02/12/16 13,0,0.121332,0.785439,0.093229,0.998344,0.833590,0.000707,0.157506,0.311819,31,658
3638,02/12/16 14,0,0.118168,0.788094,0.093738,0.998074,0.833553,0.001184,0.157649,0.242845,31,657
3639,02/12/16 15,0,0.116436,0.788552,0.095012,0.998005,0.833342,0.000922,0.158009,0.189128,31,654
3640,02/12/16 16,0,0.111047,0.804789,0.084164,0.998342,0.832886,0.000718,0.158673,0.147293,31,656
3641,02/12/16 17,0,0.113114,0.803878,0.087177,0.997853,0.832816,0.001782,0.158810,0.114712,31,654
3642,02/12/16 18,0,0.132164,0.770440,0.097395,0.998018,0.832681,0.001538,0.159003,0.123413,31,655
3643,02/12/16 19,0,0.117521,0.810309,0.087272,0.998262,0.833522,0.001198,0.157918,0.169688,31,655
3644,02/12/16 20,0,0.121985,0.734944,0.143071,0.998272,0.834226,0.001136,0.156565,0.415978,31,655
3645,02/12/16 21,0,0.125799,0.781211,0.092990,0.998267,0.833893,0.001165,0.157187,0.323964,31,660
3646,02/12/16 22,0,0.135776,0.762222,0.102832,0.998265,0.834605,0.001181,0.156347,0.252303,31,656
3647,02/12/16 23,0,0.144237,0.738283,0.117481,0.997713,0.835340,0.001892,0.155464,0.196494,31,656
3648,03/12/16 00,0,0.150873,0.720611,0.128792,0.997797,0.836604,0.001473,0.153868,0.161001,31,659
3649,03/12/16 01,0,0.168325,0.670301,0.161373,0.997899,0.838330,0.001147,0.151340,0.218372,31,662
3650,03/12/16 02,0,0.182140,0.594713,0.223146,0.997871,0.840283,0.000894,0.148304,0.285148,31,663
3651,03/12/16 03,0,0.144207,0.744406,0.111387,0.998303,0.839476,0.000696,0.149579,0.222074,31,666
3652,03/12/16 04,0,0.129597,0.768064,0.107360,0.998303,0.840811,0.000542,0.147778,0.234791,31,665
3653,03/12/16 05,0,0.150317,0.705662,0.144970,0.998262,0.842454,0.000422,0.145626,0.234791,31,661
3654,03/12/16 06,0,0.126976,0.783859,0.089164,0.998407,0.840851,0.000329,0.147892,0.182856,31,670
3655,03/12/16 07,0,0.124308,0.789426,0.086548,0.997670,0.839107,0.000864,0.150390,0.142408,31,664
3656,03/12/16 08,0,0.133197,0.765272,0.101581,0.997512,0.837915,0.000673,0.152037,0.115204,31,657
3657,03/12/16 09,0,0.146019,0.735770,0.118211,0.997713,0.837754,0.000524,0.152318,0.130321,31,655
3658,03/12/16 10,0,0.143248,0.733268,0.134524,0.997956,0.839121,0.000408,0.150134,0.379968,31,657
3659,03/12/16 11,0,0.147623,0.722039,0.130338,0.998408,0.838838,0.000318,0.150654,0.295919,31,659
3660,03/12/16 12,0,0.153449,0.708566,0.137985,0.997796,0.838529,0.001691,0.151197,0.230462,31,662
3661,03/12/16 13,0,0.147273,0.716378,0.136348,0.997888,0.839419,0.001317,0.150012,0.211507,31,659
3662,03/12/16 14,0,0.162813,0.687700,0.149487,0.997759,0.839296,0.001026,0.150298,0.164722,31,660
3663,03/12/16 15,0,0.172548,0.666382,0.161069,0.997595,0.838935,0.000799,0.150870,0.140759,31,663
3664,03/12/16 16,0,0.182465,0.644254,0.173281,0.997792,0.838897,0.000622,0.151020,0.147958,31,662
3665,03/12/16 17,0,0.136152,0.737231,0.126617,0.997953,0.838648,0.000484,0.151126,0.235691,31,660
3666,03/12/16 18,0,0.151222,0.689532,0.159246,0.998262,0.838138,0.000377,0.151595,0.249019,31,662
3667,03/12/16 19,0,0.133981,0.741548,0.124471,0.998382,0.836735,0.000294,0.153552,0.193936,31,658
3668,03/12/16 20,0,0.133640,0.742338,0.124023,0.997781,0.835689,0.001875,0.155004,0.151038,31,657
3669,03/12/16 21,0,0.133443,0.742818,0.123739,0.998041,0.835132,0.001542,0.155793,0.117628,31,654
3670,03/12/16 22,0,0.133321,0.743128,0.123551,0.997980,0.836308,0.001581,0.154078,0.275872,31,654
3671,03/12/16 23,0,0.133242,0.743337,0.123422,0.998256,0.836486,0.001231,0.153866,0.214849,31,659
3672,04/12/16 00,0,0.136108,0.743481,0.123331,0.998293,0.836394,0.000972,0.154070,0.167325,31,662
3673,04/12/16 01,0,0.112478,0.802305,0.086504,0.998335,0.835033,0.000757,0.155948,0.130313,31,659
3674,04/12/16 02,0,0.126089,0.774759,0.099152,0.998044,0.834109,0.001219,0.157245,0.110353,31,658
3675,04/12/16 03,0,0.118168,0.799671,0.084542,0.998303,0.834004,0.000949,0.157387,0.120706,31,653
3676,04/12/16 04,0,0.118804,0.790839,0.091153,0.998303,0.836574,0.000949,0.153854,0.234791,31,653
3677,04/12/16 05,0,0.149513,0.704062,0.146425,0.997907,0.838963,0.001073,0.150612,0.234791,31,662
3678,04/12/16 06,0,0.137550,0.733642,0.128808,0.997853,0.838646,0.000836,0.150959,0.270475,31,668
3679,04/12/16 07,0,0.146019,0.752364,0.101617,0.997862,0.837830,0.000651,0.152175,0.210646,31,664
3680,04/12/16 08,0,0.162953,0.709564,0.127482,0.998030,0.838484,0.000507,0.151167,0.234791,31,658
3681,04/12/16 09,0,0.176202,0.657388,0.166410,0.998396,0.839618,0.000395,0.149536,0.215418,31,659
3682,04/12/16 10,0,0.158548,0.686765,0.154687,0.997896,0.838417,0.001712,0.151178,0.200037,31,664
3683,04/12/16 11,0,0.159458,0.685794,0.154748,0.997980,0.837308,0.001333,0.152755,0.155789,31,660
3684,04/12/16 12,0,0.136021,0.745063,0.118916,0.998289,0.838280,0.001038,0.151568,0.146877,31,656
3685,04/12/16 13,0,0.148707,0.728736,0.122558,0.998100,0.838949,0.001465,0.150514,0.208967,31,658
3686,04/12/16 14,0,0.169133,0.641018,0.189849,0.998147,0.839783,0.001405,0.149015,0.281386,31,662
3687,04/12/16 15,0,0.138445,0.749358,0.112197,0.998227,0.839746,0.001214,0.149161,0.219144,31,663
3688,04/12/16 16,0,0.149007,0.734629,0.120046,0.998304,0.839693,0.000946,0.149324,0.170669,31,663
3689,04/12/16 17,0,0.153748,0.717260,0.128991,0.998313,0.839683,0.000895,0.149452,0.132917,31,659
3690,04/12/16 18,0,0.158979,0.702324,0.138697,0.997782,0.839201,0.001677,0.150216,0.133021,31,662
3691,04/12/16 19,0,0.174234,0.668199,0.157567,0.997713,0.839425,0.001306,0.150017,0.154343,31,661
3692,04/12/16 20,0,0.183483,0.643317,0.173200,0.997855,0.839480,0.001017,0.150003,0.155692,31,660
3693,04/12/16 21,0,0.190128,0.618739,0.191133,0.998330,0.839692,0.000792,0.149708,0.169640,31,661
3694,04/12/16 22,0,0.135883,0.738466,0.125651,0.998281,0.838400,0.001082,0.151476,0.132115,31,661
3695,04/12/16 23,0,0.134429,0.741115,0.124456,0.998041,0.837537,0.001542,0.152640,0.106858,31,658
3696,05/12/16 00,0,0.133814,0.742338,0.123848,0.997685,0.836497,0.001998,0.154021,0.116002,31,657
3697,05/12/16 01,0,0.144344,0.738660,0.123543,0.997808,0.835752,0.001565,0.155028,0.125978,31,656
3698,05/12/16 02,0,0.156181,0.711690,0.132129,0.997923,0.835405,0.001219,0.155479,0.134291,31,656
3699,05/12/16 03,0,0.161161,0.696446,0.142393,0.998303,0.835399,0.000949,0.155535,0.130965,31,655
3700,05/12/16 04,0,0.150356,0.710764,0.138880,0.998303,0.836777,0.000949,0.153562,0.234791,31,656
3701,05/12/16 05,0,0.148368,0.710423,0.141209,0.998326,0.838170,0.000813,0.151650,0.234791,31,658
3702,05/12/16 06,0,0.131526,0.776350,0.092124,0.998252,0.836601,0.001219,0.153785,0.182856,31,664
3703,05/12/16 07,0,0.105207,0.824649,0.073725,0.998303,0.835209,0.000949,0.155735,0.142408,31,663
3704,05/12/16 08,0,0.118942,0.791867,0.089191,0.998291,0.834324,0.001023,0.156917,0.136109,31,652
3705,05/12/16 09,0,0.124713,0.775274,0.100013,0.998281,0.833661,0.001082,0.157759,0.106002,31,654
3706,05/12/16 10,0,0.127679,0.765576,0.106746,0.997936,0.833588,0.001633,0.157830,0.102295,31,653
3707,05/12/16 11,0,0.129397,0.759398,0.111205,0.998215,0.834351,0.001272,0.156858,0.169688,31,653
3708,05/12/16 12,0,0.149578,0.732613,0.117809,0.998287,0.835867,0.000990,0.154632,0.234791,31,658
3709,05/12/16 13,0,0.151065,0.627202,0.223592,0.998333,0.835777,0.000771,0.154261,0.475954,31,662
3710,05/12/16 14,0,0.132445,0.731977,0.135578,0.998104,0.835505,0.001460,0.154659,0.370674,31,660
3711,05/12/16 15,0,0.147253,0.706844,0.145903,0.998059,0.834826,0.001518,0.155735,0.288681,31,657
3712,05/12/16 16,0,0.118908,0.759488,0.121604,0.998004,0.834381,0.001588,0.156432,0.224825,31,657
3713,05/12/16 17,0,0.123663,0.787273,0.095548,0.998060,0.835118,0.001516,0.155494,0.175094,31,655
3714,05/12/16 18,0,0.113710,0.811826,0.082622,0.998252,0.834161,0.001257,0.156858,0.136363,31,657
3715,05/12/16 19,0,0.117935,0.788386,0.093679,0.998253,0.833410,0.001251,0.157997,0.106765,31,659
3716,05/12/16 20,0,0.118466,0.801377,0.080157,0.998262,0.832694,0.001198,0.159078,0.106765,31,653
3717,05/12/16 21,0,0.125910,0.780128,0.093962,0.997913,0.832406,0.001706,0.159540,0.106765,31,653
3718,05/12/16 22,0,0.130202,0.766258,0.103539,0.997769,0.832938,0.001891,0.158852,0.106765,31,653
3719,05/12/16 23,0,0.132925,0.756689,0.110386,0.997871,0.833693,0.001760,0.157862,0.136719,31,655
3720,06/12/16 00,0,0.154687,0.721826,0.123487,0.997982,0.835396,0.001617,0.155491,0.178871,31,659
3721,06/12/16 01,0,0.171475,0.651626,0.176900,0.998074,0.837583,0.001498,0.152258,0.241885,31,660
3722,06/12/16 02,0,0.131950,0.749823,0.118227,0.998037,0.837101,0.001219,0.152934,0.188380,31,663
3723,06/12/16 03,0,0.135827,0.756156,0.108017,0.998303,0.837645,0.000949,0.152302,0.169688,31,665
3724,06/12/16 04,0,0.147535,0.739367,0.113099,0.998303,0.838661,0.000949,0.150852,0.234791,31,657
3725,06/12/16 05,0,0.148552,0.709648,0.141800,0.998263,0.838571,0.001190,0.150882,0.234791,31,661
3726,06/12/16 06,0,0.084466,0.851755,0.067281,0.997713,0.836331,0.000976,0.154029,0.182856,31,665
3727,06/12/16 07,0,0.098768,0.831481,0.069751,0.998095,0.835006,0.000760,0.155833,0.142408,31,658
3728,06/12/16 08,0,0.126850,0.783306,0.089845,0.997713,0.835777,0.000592,0.154837,0.169688,31,651
3729,06/12/16 09,0,0.153694,0.720203,0.126700,0.997768,0.838749,0.000461,0.150622,0.304664,31,655
3730,06/12/16 10,0,0.104981,0.813417,0.081602,0.998262,0.837066,0.000359,0.152911,0.237273,31,665
3731,06/12/16 11,0,0.111588,0.812676,0.081588,0.998303,0.836491,0.000280,0.153725,0.184788,31,663
3732,06/12/16 12,0,0.113409,0.800116,0.086475,0.998303,0.835304,0.000218,0.155348,0.143913,31,654
3733,06/12/16 13,0,0.113246,0.795506,0.091248,0.998338,0.834581,0.000744,0.156385,0.119793,31,656
3734,06/12/16 14,0,0.125694,0.774840,0.099466,0.997999,0.834643,0.001595,0.156297,0.183788,31,653
3735,06/12/16 15,0,0.121715,0.778132,0.100153,0.997792,0.834337,0.001538,0.156636,0.228212,31,656
3736,06/12/16 16,0,0.135832,0.747013,0.117155,0.998262,0.834535,0.001198,0.156419,0.177732,31,657
3737,06/12/16 17,0,0.120263,0.776261,0.103477,0.998033,0.835880,0.001551,0.154452,0.267679,31,656
3738,06/12/16 18,0,0.149765,0.480660,0.443148,0.997768,0.836506,0.000000,0.152570,0.850000,31,659
3739,06/12/16 19,0,0.168636,0.306256,0.614152,0.997768,0.837168,0.000000,0.150827,0.850000,31,660
3740,06/12/16 20,0,0.181151,0.211600,0.707549,0.997768,0.837398,0.000000,0.149864,0.850000,31,660
3741,06/12/16 21,1,0.189834,0.152185,0.766329,0.997768,0.837697,0.000000,0.148948,0.850000,31,658
3742,06/12/16 22,1,0.196043,0.112029,0.806112,0.998102,0.838268,0.000000,0.147782,0.850000,31,660
3743,06/12/16 23,1,0.200579,0.083688,0.834214,0.998268,0.839808,0.000000,0.145376,0.850000,31,660
3744,07/12/16 00,1,0.203943,0.063121,0.854619,0.998308,0.840622,0.000000,0.143766,0.850000,31,664
3745,07/12/16 01,1,0.206467,0.047913,0.869714,0.998081,0.841545,0.000000,0.141898,0.850000,31,667
3746,07/12/16 02,1,0.208378,0.036518,0.881027,0.998262,0.841854,0.000000,0.141480,0.850000,31,664
3747,07/12/16 03,1,0.209833,0.027898,0.889586,0.998303,0.842295,0.000000,0.140854,0.850000,31,662
3748,07/12/16 04,1,0.210905,0.021332,0.896107,0.998303,0.842534,0.000000,0.140548,0.850000,31,664
3749,07/12/16 05,1,0.211729,0.454161,0.334110,0.997330,0.842770,0.000000,0.141328,0.661981,31,664
3750,07/12/16 06,1,0.212405,0.450672,0.336923,0.997768,0.842460,0.000000,0.142183,0.515551,31,666
3751,07/12/16 07,1,0.212928,0.296012,0.626209,0.998262,0.841542,0.000000,0.143207,0.850000,31,665
3752,07/12/16 08,1,0.213333,0.166803,0.752491,0.998348,0.840958,0.000000,0.143830,0.850000,31,660
3753,07/12/16 09,1,0.213604,0.107239,0.811123,0.997566,0.840472,0.000000,0.144306,0.850000,31,661
3754,07/12/16 10,1,0.213857,0.073563,0.844382,0.997880,0.840562,0.000000,0.144050,0.850000,31,661
3755,07/12/16 11,1,0.214053,0.052370,0.865352,0.997640,0.841401,0.000000,0.142865,0.850000,31,661
3756,07/12/16 12,1,0.214206,0.038149,0.879441,0.997913,0.841302,0.000000,0.142918,0.850000,31,664
3757,07/12/16 13,1,0.214325,0.028199,0.889306,0.998271,0.840883,0.000000,0.143388,0.850000,31,667
3758,07/12/16 14,1,0.214417,0.440192,0.345391,0.998299,0.841155,0.000000,0.143710,0.661981,31,663
3759,07/12/16 15,1,0.214489,0.209321,0.711742,0.997907,0.840067,0.000000,0.144944,0.850000,31,662
3760,07/12/16 16,1,0.214545,0.111733,0.806960,0.998324,0.839219,0.000000,0.145955,0.850000,31,662
3761,07/12/16 17,1,0.214546,0.070295,0.847717,0.998303,0.838095,0.000000,0.147275,0.850000,31,657
3762,07/12/16 18,1,0.214546,0.047884,0.869841,0.998303,0.837228,0.000000,0.148263,0.850000,31,658
3763,07/12/16 19,1,0.214546,0.034057,0.883519,0.998303,0.836701,0.000000,0.148866,0.850000,31,656
3764,07/12/16 20,1,0.214546,0.024877,0.892612,0.998303,0.836650,0.000000,0.148854,0.850000,31,656
3765,07/12/16 21,1,0.214546,0.018494,0.898940,0.998303,0.836286,0.000000,0.149280,0.850000,31,658
3766,07/12/16 22,1,0.214546,0.013917,0.903480,0.998303,0.836644,0.000000,0.148789,0.850000,31,656
3767,07/12/16 23,1,0.214546,0.010563,0.906809,0.998303,0.836930,0.000000,0.148374,0.850000,31,657
3768,08/12/16 00,1,0.214546,0.008068,0.909285,0.998346,0.836763,0.000000,0.148553,0.850000,31,659
3769,08/12/16 01,1,0.215066,0.433041,0.351894,0.998303,0.837140,0.000000,0.148923,0.661981,31,659
3770,08/12/16 02,1,0.214549,0.438679,0.346772,0.998303,0.837211,0.000000,0.149522,0.515551,31,659
3771,08/12/16 03,1,0.214570,0.290695,0.631493,0.998303,0.836669,0.000000,0.149846,0.850000,31,661
3772,08/12/16 04,1,0.214569,0.162649,0.756618,0.998303,0.836511,0.000000,0.149720,0.850000,31,657
3773,08/12/16 05,1,0.214564,0.439044,0.346392,0.998389,0.838573,0.000000,0.147869,0.661981,31,655
3774,08/12/16 06,1,0.214560,0.439145,0.346295,0.998303,0.838982,0.000000,0.147898,0.515551,31,662
3775,08/12/16 07,1,0.214557,0.333545,0.588987,0.998303,0.839063,0.000000,0.147322,0.850000,31,665
3776,08/12/16 08,1,0.214554,0.195408,0.724112,0.998303,0.838080,0.000000,0.148242,0.850000,31,660
3777,08/12/16 09,1,0.214553,0.128805,0.789719,0.998303,0.837198,0.000000,0.149059,0.850000,31,661
3778,08/12/16 10,1,0.214551,0.089958,0.828106,0.998303,0.836889,0.000000,0.149211,0.850000,31,656
3779,08/12/16 11,1,0.214550,0.064967,0.852844,0.998303,0.837782,0.000000,0.147839,0.850000,31,655
3780,08/12/16 12,1,0.214549,0.047931,0.869726,0.998303,0.840185,0.000000,0.144270,0.850000,31,660
3781,08/12/16 13,1,0.214549,0.439426,0.346025,0.998340,0.840549,0.000000,0.144379,0.661981,31,666
3782,08/12/16 14,1,0.214548,0.219812,0.701323,0.998303,0.842022,0.000000,0.141669,0.850000,31,664
3783,08/12/16 15,1,0.214548,0.120179,0.798573,0.998303,0.842009,0.000000,0.141589,0.850000,31,664
3784,08/12/16 16,1,0.214547,0.077004,0.841054,0.998303,0.841651,0.000000,0.142012,0.850000,31,663
3785,08/12/16 17,1,0.214547,0.053061,0.864698,0.998303,0.841248,0.000000,0.142491,0.850000,31,663
3786,08/12/16 18,1,0.214547,0.038055,0.879547,0.998303,0.840825,0.000000,0.143033,0.850000,31,660
3787,08/12/16 19,1,0.214547,0.027970,0.889539,0.998303,0.840504,0.000000,0.143496,0.850000,31,662
3788,08/12/16 20,1,0.214547,0.020890,0.896559,0.998303,0.840517,0.000000,0.143520,0.850000,31,660
3789,08/12/16 21,1,0.214547,0.015775,0.901634,0.998303,0.840997,0.000000,0.142919,0.850000,31,660
3790,08/12/16 22,1,0.214547,0.012005,0.905376,0.998303,0.841395,0.000000,0.142378,0.850000,31,663
3791,08/12/16 23,1,0.214547,0.009189,0.908172,0.998303,0.842120,0.000000,0.141329,0.850000,31,663
3792,09/12/16 00,1,0.214547,0.007062,0.910284,0.998335,0.840788,0.000000,0.143042,0.850000,31,664
3793,09/12/16 01,1,0.214546,0.005260,0.912074,0.998327,0.840961,0.000000,0.142794,0.850000,31,664
3794,09/12/16 02,1,0.214546,0.439481,0.345972,0.998303,0.840986,0.000000,0.143843,0.661981,31,660
3795,09/12/16 03,1,0.214546,0.439481,0.345972,0.998303,0.840229,0.000000,0.145671,0.515551,31,662
3796,09/12/16 04,1,0.214546,0.289450,0.632730,0.998303,0.839271,0.000000,0.146509,0.850000,31,660
3797,09/12/16 05,1,0.214546,0.161466,0.757794,0.998303,0.839094,0.000000,0.146378,0.850000,31,659
3798,09/12/16 06,1,0.213487,0.452622,0.333891,0.998303,0.839409,0.000000,0.146748,0.661981,31,657
3799,09/12/16 07,1,0.214021,0.447565,0.338414,0.998303,0.839294,0.000000,0.147355,0.515551,31,661
3800,09/12/16 08,1,0.214241,0.333157,0.589373,0.998303,0.837921,0.000000,0.148680,0.850000,31,662
3801,09/12/16 09,1,0.214352,0.195092,0.724426,0.998303,0.837032,0.000000,0.149469,0.850000,31,658
3802,09/12/16 10,1,0.214415,0.128555,0.789967,0.998303,0.836757,0.000000,0.149489,0.850000,31,655
3803,09/12/16 11,1,0.214455,0.089762,0.828301,0.998303,0.836875,0.000000,0.149037,0.850000,31,655
3804,09/12/16 12,1,0.214480,0.064815,0.852995,0.998392,0.838274,0.000000,0.146975,0.850000,31,657
3805,09/12/16 13,1,0.214498,0.047629,0.870026,0.998340,0.838783,0.000000,0.146171,0.850000,31,661
3806,09/12/16 14,1,0.214510,0.440352,0.345138,0.998303,0.841279,0.000000,0.143329,0.661981,31,664
3807,09/12/16 15,1,0.214519,0.440147,0.345333,0.998303,0.841827,0.000000,0.143169,0.515551,31,666
3808,09/12/16 16,1,0.214526,0.306161,0.616130,0.998303,0.842224,0.000000,0.142086,0.850000,31,668
3809,09/12/16 17,1,0.214531,0.175041,0.744309,0.998303,0.841568,0.000000,0.142736,0.850000,31,665
3810,09/12/16 18,1,0.214534,0.113802,0.804604,0.998303,0.839776,0.000000,0.144988,0.850000,31,661
3811,09/12/16 19,1,0.214537,0.078813,0.839167,0.998303,0.838526,0.000000,0.146581,0.850000,31,660
3812,09/12/16 20,1,0.214539,0.056610,0.861140,0.998303,0.837266,0.000000,0.148180,0.850000,31,654
3813,09/12/16 21,1,0.214541,0.041613,0.876000,0.998303,0.836730,0.000000,0.148824,0.850000,31,656
3814,09/12/16 22,0,0.214542,0.031068,0.886456,0.998303,0.836158,0.000000,0.149537,0.850000,31,654
3815,09/12/16 23,0,0.214543,0.023448,0.894016,0.998303,0.835505,0.000000,0.150320,0.850000,31,658
3816,10/12/16 00,0,0.214544,0.017835,0.899586,0.998303,0.835160,0.000000,0.150757,0.850000,31,656
3817,10/12/16 01,0,0.120951,0.013647,0.903746,0.998303,0.835031,0.000000,0.150642,0.850000,31,655
3818,10/12/16 02,0,0.117408,0.630749,0.313081,0.998303,0.834663,0.000000,0.152346,0.661981,31,656
3819,10/12/16 03,0,0.146878,0.742572,0.201620,0.998303,0.834927,0.000000,0.152900,0.515551,31,655
3820,10/12/16 04,0,0.131771,0.724016,0.144788,0.998303,0.835442,0.000000,0.152903,0.401512,31,656
3821,10/12/16 05,0,0.115046,0.798786,0.109838,0.998296,0.834591,0.000000,0.154547,0.312698,31,658
3822,10/12/16 06,0,0.129294,0.768196,0.102510,0.998362,0.834759,0.000000,0.154757,0.243529,31,657
3823,10/12/16 07,0,0.156308,0.710396,0.133296,0.998303,0.835677,0.000000,0.153868,0.189661,31,655
3824,10/12/16 08,0,0.125822,0.754807,0.119371,0.998303,0.837196,0.000000,0.151913,0.257016,31,658
3825,10/12/16 09,0,0.157169,0.634941,0.207890,0.998303,0.837447,0.000000,0.151481,0.353978,31,662
3826,10/12/16 10,0,0.122106,0.795700,0.085040,0.998303,0.836696,0.000000,0.152828,0.275679,31,661
3827,10/12/16 11,0,0.140657,0.755849,0.103494,0.998303,0.836602,0.000000,0.153177,0.214699,31,657
3828,10/12/16 12,0,0.130723,0.762641,0.106636,0.998303,0.837148,0.000000,0.152597,0.167207,31,659
3829,10/12/16 13,0,0.142251,0.749784,0.112786,0.998338,0.837875,0.000000,0.151752,0.138976,31,659
3830,10/12/16 14,0,0.162691,0.695921,0.141388,0.998382,0.838963,0.000000,0.150319,0.177931,31,662
3831,10/12/16 15,0,0.178126,0.622811,0.199063,0.998303,0.841711,0.000000,0.146375,0.259754,31,661
3832,10/12/16 16,0,0.141847,0.737889,0.120264,0.998303,0.841250,0.000000,0.147166,0.202297,31,667
3833,10/12/16 17,0,0.144151,0.729815,0.126034,0.998303,0.840125,0.000000,0.148795,0.157549,31,667
3834,10/12/16 18,0,0.145775,0.723884,0.130341,0.998303,0.839599,0.000000,0.149604,0.122699,31,659
3835,10/12/16 19,0,0.146950,0.719462,0.133589,0.998303,0.839585,0.000000,0.149361,0.339650,31,658
3836,10/12/16 20,0,0.155569,0.712706,0.136057,0.998303,0.838893,0.000000,0.150475,0.264520,31,660
3837,10/12/16 21,0,0.167897,0.684312,0.147791,0.998303,0.838835,0.000000,0.150739,0.206008,31,660
3838,10/12/16 22,0,0.179668,0.651746,0.168586,0.998303,0.839317,0.000000,0.150211,0.163341,31,660
3839,10/12/16 23,0,0.187259,0.627872,0.184868,0.998303,0.839581,0.000000,0.149744,0.297695,31,663
3840,11/12/16 00,0,0.188999,0.575212,0.249101,0.998364,0.839805,0.000000,0.149276,0.357919,31,663
3841,11/12/16 01,0,0.161469,0.630830,0.207701,0.998262,0.838472,0.001198,0.151109,0.278747,31,662
3842,11/12/16 02,0,0.119797,0.787779,0.092424,0.998263,0.837759,0.001190,0.152151,0.217089,31,660
3843,11/12/16 03,0,0.117452,0.801038,0.081651,0.998303,0.837123,0.000949,0.153036,0.169688,31,657
3844,11/12/16 04,0,0.146743,0.743922,0.109335,0.997782,0.838901,0.001343,0.150562,0.234791,31,657
3845,11/12/16 05,0,0.149195,0.706105,0.144701,0.998262,0.838717,0.001046,0.150820,0.234791,31,659
3846,11/12/16 06,0,0.090880,0.830714,0.079306,0.998262,0.836695,0.000815,0.153537,0.182856,31,666
3847,11/12/16 07,0,0.127535,0.776145,0.096320,0.998318,0.836698,0.000634,0.153568,0.169688,31,657
3848,11/12/16 08,0,0.156445,0.709668,0.133887,0.998379,0.836298,0.000494,0.154149,0.169688,31,653
3849,11/12/16 09,0,0.125045,0.763583,0.111701,0.997833,0.837199,0.001808,0.152836,0.248353,31,660
3850,11/12/16 10,0,0.116906,0.796275,0.086820,0.998036,0.836018,0.001548,0.154548,0.193417,31,660
3851,11/12/16 11,0,0.118437,0.801167,0.080396,0.997853,0.835140,0.001782,0.155833,0.150634,31,659
3852,11/12/16 12,0,0.125937,0.779741,0.094322,0.998127,0.835078,0.001408,0.155930,0.117314,31,655
3853,11/12/16 13,0,0.130235,0.765892,0.103872,0.998267,0.835348,0.001096,0.155601,0.116780,31,654
3854,11/12/16 14,0,0.148132,0.740561,0.111308,0.998319,0.836714,0.000854,0.153789,0.146877,31,658
3855,11/12/16 15,0,0.167212,0.673730,0.159057,0.998096,0.837734,0.001162,0.152196,0.218372,31,662
3856,11/12/16 16,0,0.182158,0.590931,0.226910,0.997853,0.839403,0.000905,0.149506,0.299256,31,664
3857,11/12/16 17,0,0.149378,0.726140,0.124482,0.997907,0.838834,0.000705,0.150416,0.233061,31,664
3858,11/12/16 18,0,0.163411,0.694580,0.142009,0.998370,0.837406,0.000549,0.152466,0.181508,31,664
3859,11/12/16 19,0,0.178941,0.628537,0.192522,0.998126,0.835914,0.001302,0.154486,0.237471,31,659
3860,11/12/16 20,0,0.189487,0.572771,0.237742,0.998179,0.835021,0.001014,0.155702,0.256002,31,655
3861,11/12/16 21,0,0.193173,0.577322,0.229505,0.998258,0.833978,0.000790,0.157239,0.199374,31,653
3862,11/12/16 22,0,0.196122,0.579159,0.224719,0.998343,0.833734,0.000615,0.157670,0.155273,31,655
3863,11/12/16 23,0,0.200238,0.556348,0.243414,0.998382,0.833351,0.000479,0.158220,0.200411,31,653
3864,12/12/16 00,0,0.186747,0.595404,0.217849,0.997896,0.832961,0.001727,0.158833,0.156080,31,655
3865,12/12/16 01,0,0.169235,0.638812,0.191952,0.997994,0.832525,0.001538,0.159444,0.121555,31,655
3866,12/12/16 02,0,0.110208,0.771565,0.123072,0.998262,0.832737,0.001198,0.159218,0.121734,31,654
3867,12/12/16 03,0,0.125434,0.777104,0.097462,0.998303,0.833664,0.000949,0.158005,0.169688,31,652
3868,12/12/16 04,0,0.146657,0.743513,0.109830,0.998303,0.834904,0.000949,0.156303,0.169688,31,655
3869,12/12/16 05,0,0.126128,0.782431,0.091441,0.997768,0.836007,0.001538,0.154757,0.234791,31,659
3870,12/12/16 06,0,0.148474,0.709680,0.141847,0.998262,0.836516,0.001198,0.153941,0.234791,31,661
3871,12/12/16 07,0,0.127110,0.778153,0.094736,0.998262,0.836119,0.001152,0.154489,0.182856,31,663
3872,12/12/16 08,0,0.156151,0.711113,0.132737,0.998312,0.836174,0.000897,0.154453,0.169688,31,658
3873,12/12/16 09,0,0.123231,0.786979,0.089790,0.997768,0.835633,0.001892,0.155205,0.171861,31,657
3874,12/12/16 10,0,0.143259,0.752523,0.104218,0.997768,0.835669,0.001892,0.155175,0.141699,31,658
3875,12/12/16 11,0,0.156922,0.718328,0.124750,0.997768,0.836804,0.001892,0.153662,0.139337,31,656
3876,12/12/16 12,0,0.133274,0.754186,0.112540,0.997879,0.837898,0.001488,0.152151,0.130324,31,660
3877,12/12/16 13,0,0.155116,0.720170,0.124715,0.998215,0.839298,0.001159,0.150253,0.172288,31,664
3878,12/12/16 14,0,0.136231,0.743414,0.120355,0.998293,0.839791,0.000903,0.149183,0.357643,31,663
3879,12/12/16 15,0,0.145489,0.697104,0.157407,0.998344,0.840958,0.000703,0.147287,0.278565,31,662
3880,12/12/16 16,0,0.142172,0.737961,0.120199,0.998123,0.841401,0.001435,0.146842,0.216946,31,662
3881,12/12/16 17,0,0.144146,0.729871,0.125983,0.998164,0.841373,0.001206,0.147016,0.173452,31,665
3882,12/12/16 18,0,0.148721,0.723927,0.130302,0.998305,0.840895,0.000939,0.147723,0.200037,31,662
3883,12/12/16 19,0,0.164230,0.694442,0.141329,0.998317,0.840369,0.000868,0.148562,0.155789,31,663
3884,12/12/16 20,0,0.165970,0.684155,0.149875,0.998255,0.839629,0.001240,0.149668,0.131941,31,660
3885,12/12/16 21,0,0.171480,0.669699,0.158821,0.998252,0.839064,0.001258,0.150545,0.136980,31,660
3886,12/12/16 22,0,0.177128,0.655467,0.167405,0.998282,0.839066,0.001081,0.150608,0.140399,31,658
3887,12/12/16 23,0,0.183399,0.640357,0.176245,0.998041,0.839511,0.001542,0.150060,0.144718,31,659
3888,13/12/16 00,0,0.136378,0.736179,0.127443,0.997875,0.838467,0.001754,0.151450,0.112707,31,661
3889,13/12/16 01,0,0.134807,0.739342,0.125851,0.997935,0.837105,0.001538,0.153219,0.108520,31,659
3890,13/12/16 02,0,0.134109,0.740938,0.124953,0.998262,0.836047,0.001198,0.154632,0.111014,31,658
3891,13/12/16 03,0,0.134750,0.741867,0.124395,0.998262,0.835205,0.001198,0.155767,0.110183,31,653
3892,13/12/16 04,0,0.132148,0.753658,0.114194,0.998303,0.836459,0.000949,0.153997,0.234791,31,654
3893,13/12/16 05,0,0.148571,0.709309,0.142119,0.998303,0.837751,0.000949,0.152222,0.234791,31,658
3894,13/12/16 06,0,0.118984,0.798207,0.082809,0.998262,0.836265,0.001198,0.154218,0.185949,31,662
3895,13/12/16 07,0,0.089739,0.839393,0.070868,0.998262,0.834572,0.001198,0.156585,0.144817,31,662
3896,13/12/16 08,0,0.105168,0.814852,0.079980,0.998263,0.833666,0.001190,0.157768,0.112784,31,652
3897,13/12/16 09,0,0.125301,0.753187,0.121512,0.998157,0.835472,0.001305,0.155094,0.302332,31,651
3898,13/12/16 10,0,0.116675,0.801539,0.081843,0.998131,0.835096,0.001016,0.155627,0.235456,31,657
3899,13/12/16 11,0,0.122980,0.782871,0.094149,0.998030,0.834525,0.000791,0.156433,0.183373,31,660
3900,13/12/16 12,0,0.131339,0.765573,0.103088,0.998264,0.833786,0.000616,0.157494,0.142811,31,657
3901,13/12/16 13,0,0.119668,0.794614,0.085718,0.998382,0.834067,0.000480,0.157153,0.197883,31,656
3902,13/12/16 14,0,0.121993,0.782983,0.095024,0.998331,0.833692,0.000782,0.157681,0.154111,31,656
3903,13/12/16 15,0,0.107465,0.818711,0.073823,0.998103,0.832879,0.001462,0.158799,0.120022,31,656
3904,13/12/16 16,0,0.109218,0.812769,0.078013,0.998264,0.832273,0.001184,0.159644,0.097151,31,654
3905,13/12/16 17,0,0.088027,0.844914,0.067059,0.998281,0.831639,0.001082,0.160501,0.075661,31,653
3906,13/12/16 18,0,0.103784,0.825048,0.075652,0.998189,0.831673,0.001351,0.160447,0.101860,31,652
3907,13/12/16 19,0,0.117597,0.798195,0.087089,0.998048,0.832587,0.001532,0.159228,0.129445,31,651
3908,13/12/16 20,0,0.124541,0.749687,0.129191,0.998104,0.835134,0.001460,0.155180,0.399627,31,655
3909,13/12/16 21,0,0.132000,0.772768,0.095231,0.998143,0.835365,0.001411,0.155000,0.311230,31,661
3910,13/12/16 22,0,0.128860,0.767280,0.103860,0.998191,0.835468,0.001349,0.154986,0.242386,31,663
3911,13/12/16 23,0,0.130145,0.766831,0.103024,0.997772,0.835577,0.001887,0.154998,0.188770,31,657
3912,14/12/16 00,0,0.146652,0.740903,0.112445,0.997787,0.836131,0.001867,0.154417,0.147015,31,657
3913,14/12/16 01,0,0.165153,0.684768,0.150079,0.997815,0.836782,0.001565,0.153470,0.192979,31,660
3914,14/12/16 02,0,0.179553,0.612767,0.207680,0.997822,0.838059,0.001219,0.151456,0.266338,31,660
3915,14/12/16 03,0,0.131921,0.767448,0.100632,0.998303,0.837267,0.000949,0.152632,0.207424,31,661
3916,14/12/16 04,0,0.126604,0.779809,0.099519,0.998303,0.838635,0.000949,0.150773,0.234791,31,659
3917,14/12/16 05,0,0.149257,0.706334,0.144409,0.998272,0.839882,0.001136,0.149101,0.234791,31,662
3918,14/12/16 06,0,0.165457,0.690670,0.143872,0.997370,0.839765,0.001140,0.149359,0.182856,31,666
3919,14/12/16 07,0,0.101693,0.824650,0.079521,0.997877,0.837868,0.000888,0.151934,0.142408,31,665
3920,14/12/16 08,0,0.128680,0.749177,0.122143,0.998346,0.838491,0.000691,0.151144,0.234791,31,657
3921,14/12/16 09,0,0.160671,0.629380,0.209949,0.997913,0.838436,0.001706,0.150911,0.410513,31,657
3922,14/12/16 10,0,0.087470,0.838490,0.080226,0.997713,0.836505,0.001797,0.153578,0.319708,31,663
3923,14/12/16 11,0,0.106670,0.816328,0.077003,0.997926,0.835328,0.001400,0.155250,0.248989,31,657
3924,14/12/16 12,0,0.110132,0.811392,0.080328,0.998280,0.834977,0.001090,0.155788,0.193913,31,652
3925,14/12/16 13,0,0.126911,0.787489,0.086419,0.997970,0.834984,0.001433,0.155843,0.151019,31,654
3926,14/12/16 14,0,0.153510,0.716208,0.130281,0.997775,0.837416,0.001116,0.152539,0.234791,31,654
3927,14/12/16 15,0,0.153222,0.719542,0.127236,0.997661,0.838906,0.000869,0.150583,0.182856,31,661
3928,14/12/16 16,0,0.171267,0.656861,0.171872,0.997370,0.840678,0.000677,0.148029,0.215551,31,665
3929,14/12/16 17,0,0.147419,0.704647,0.149350,0.997713,0.841579,0.000527,0.146849,0.167871,31,664
3930,14/12/16 18,0,0.149499,0.717357,0.133144,0.998020,0.841722,0.000411,0.146717,0.169688,31,662
3931,14/12/16 19,0,0.141831,0.738055,0.120114,0.998408,0.841044,0.000320,0.147703,0.132153,31,668
3932,14/12/16 20,0,0.144139,0.729940,0.131596,0.998060,0.840136,0.001516,0.148662,0.409447,31,664
3933,14/12/16 21,0,0.153856,0.718540,0.130256,0.997893,0.839275,0.001731,0.150003,0.318878,31,659
3934,14/12/16 22,0,0.162046,0.696839,0.141115,0.997905,0.838886,0.001717,0.150656,0.248342,31,658
3935,14/12/16 23,0,0.169123,0.678260,0.152616,0.998181,0.838792,0.001361,0.150851,0.193409,31,659
3936,15/12/16 00,0,0.175428,0.661812,0.162761,0.998277,0.838628,0.001064,0.151087,0.150627,31,661
3937,15/12/16 01,0,0.172688,0.662464,0.164848,0.998324,0.838293,0.000829,0.151589,0.130861,31,662
3938,15/12/16 02,0,0.166554,0.671542,0.161904,0.997892,0.837935,0.001219,0.152096,0.122943,31,661
3939,15/12/16 03,0,0.163276,0.677087,0.159637,0.998303,0.838431,0.000949,0.151445,0.130567,31,656
3940,15/12/16 04,0,0.152887,0.696294,0.150819,0.998303,0.839796,0.000821,0.149503,0.234791,31,657
3941,15/12/16 05,0,0.154713,0.694436,0.150851,0.998263,0.840804,0.000639,0.148059,0.234791,31,663
3942,15/12/16 06,0,0.164836,0.693417,0.147954,0.997822,0.841394,0.000498,0.147102,0.326826,31,665
3943,15/12/16 07,0,0.166827,0.673506,0.159668,0.998303,0.840620,0.000388,0.148312,0.254533,31,664
3944,15/12/16 08,0,0.136929,0.733580,0.129490,0.998391,0.838595,0.000302,0.151173,0.198230,31,662
3945,15/12/16 09,0,0.135222,0.737366,0.127412,0.997413,0.838462,0.002349,0.151166,0.262014,31,659
3946,15/12/16 10,0,0.134426,0.739420,0.126154,0.997765,0.837032,0.001896,0.153138,0.204057,31,659
3947,15/12/16 11,0,0.133982,0.740695,0.125323,0.997983,0.836367,0.001565,0.154103,0.158920,31,656
3948,15/12/16 12,0,0.140510,0.737148,0.124745,0.997865,0.835734,0.001219,0.154988,0.123767,31,655
3949,15/12/16 13,0,0.141271,0.732611,0.126118,0.998303,0.835209,0.000949,0.155758,0.111014,31,655
3950,15/12/16 14,0,0.134645,0.742184,0.124028,0.998202,0.834508,0.001060,0.156745,0.101860,31,656
3951,15/12/16 15,0,0.133301,0.742935,0.123763,0.998291,0.834823,0.000825,0.156186,0.290336,31,655
3952,15/12/16 16,0,0.152271,0.679379,0.168350,0.997951,0.835491,0.000643,0.155231,0.246354,31,655
3953,15/12/16 17,0,0.118470,0.794004,0.091827,0.998262,0.835402,0.000501,0.155401,0.191860,31,660
3954,15/12/16 18,0,0.125014,0.769292,0.105694,0.998033,0.834796,0.000390,0.156152,0.185949,31,661
3955,15/12/16 19,0,0.128755,0.759180,0.112065,0.998393,0.834197,0.000304,0.156979,0.144817,31,656
3956,15/12/16 20,0,0.130447,0.753972,0.115582,0.998118,0.834093,0.001442,0.157067,0.234791,31,653
3957,15/12/16 21,0,0.131344,0.750914,0.117742,0.998088,0.833763,0.001480,0.157548,0.182856,31,654
3958,15/12/16 22,0,0.131871,0.748966,0.119162,0.998118,0.834041,0.001442,0.157209,0.142408,31,655
3959,15/12/16 23,0,0.139351,0.747657,0.120140,0.998149,0.834311,0.001403,0.156889,0.131296,31,654
3960,16/12/16 00,0,0.158592,0.710027,0.131381,0.998036,0.834654,0.001547,0.156500,0.145774,31,658
3961,16/12/16 01,0,0.118435,0.775531,0.108246,0.997948,0.834044,0.001565,0.157373,0.119925,31,659
3962,16/12/16 02,0,0.124590,0.775626,0.099784,0.998033,0.833368,0.001219,0.158282,0.103971,31,656
3963,16/12/16 03,0,0.118206,0.809108,0.077371,0.998303,0.834565,0.000949,0.156709,0.158388,31,654
3964,16/12/16 04,0,0.144460,0.751563,0.107279,0.998303,0.836672,0.000768,0.153785,0.234791,31,654
3965,16/12/16 05,0,0.149257,0.706334,0.144409,0.998362,0.837585,0.000598,0.152468,0.234791,31,663
3966,16/12/16 06,0,0.149818,0.723218,0.126963,0.998104,0.837586,0.001394,0.152544,0.182856,31,663
3967,16/12/16 07,0,0.144496,0.744707,0.123661,0.997844,0.836849,0.001085,0.153444,0.276675,31,661
3968,16/12/16 08,0,0.160072,0.649010,0.190918,0.998321,0.836819,0.000845,0.153334,0.276342,31,657
3969,16/12/16 09,0,0.159052,0.663287,0.177660,0.997741,0.836196,0.001920,0.154179,0.234791,31,658
3970,16/12/16 10,0,0.162442,0.697812,0.139746,0.998077,0.836156,0.001495,0.154252,0.182856,31,657
3971,16/12/16 11,0,0.176644,0.662534,0.160822,0.997861,0.836820,0.001560,0.153390,0.158190,31,656
3972,16/12/16 12,0,0.139031,0.734653,0.131459,0.997815,0.840140,0.001215,0.148741,0.253321,31,658
3973,16/12/16 13,0,0.150569,0.698513,0.150918,0.997867,0.841455,0.000946,0.146700,0.265398,31,664
3974,16/12/16 14,0,0.133147,0.765676,0.109880,0.998339,0.841566,0.000737,0.146612,0.234791,31,669
3975,16/12/16 15,0,0.148550,0.737771,0.113679,0.998311,0.841213,0.000905,0.147206,0.182856,31,665
3976,16/12/16 16,0,0.155686,0.715425,0.128888,0.998262,0.841143,0.001198,0.147409,0.142408,31,662
3977,16/12/16 17,0,0.158562,0.704738,0.136700,0.998272,0.840599,0.001136,0.148226,0.131761,31,662
3978,16/12/16 18,0,0.166177,0.685336,0.148486,0.997822,0.840451,0.001219,0.148508,0.136620,31,660
3979,16/12/16 19,0,0.157702,0.695368,0.146929,0.998303,0.840612,0.000949,0.148209,0.249093,31,660
3980,16/12/16 20,0,0.165334,0.679918,0.154748,0.997713,0.839962,0.001963,0.149240,0.193994,31,661
3981,16/12/16 21,0,0.172087,0.664933,0.162980,0.997880,0.839336,0.001748,0.150162,0.151082,31,662
3982,16/12/16 22,0,0.184148,0.637637,0.178215,0.998041,0.839738,0.001541,0.149686,0.155692,31,659
3983,16/12/16 23,0,0.136164,0.737173,0.126663,0.998202,0.838679,0.001334,0.151129,0.121253,31,658
3984,17/12/16 00,0,0.134638,0.740139,0.125223,0.997914,0.837508,0.001704,0.152698,0.101870,31,661
3985,17/12/16 01,0,0.133981,0.741548,0.124471,0.997759,0.836256,0.001565,0.154373,0.111846,31,658
3986,17/12/16 02,0,0.133997,0.742338,0.124023,0.998255,0.835299,0.001219,0.155632,0.111014,31,654
3987,17/12/16 03,0,0.136901,0.742818,0.123739,0.998303,0.836047,0.000949,0.154617,0.180713,31,654
3988,17/12/16 04,0,0.121460,0.769901,0.108638,0.998303,0.836653,0.000949,0.153716,0.234791,31,655
3989,17/12/16 05,0,0.148648,0.708871,0.142481,0.998262,0.836754,0.001013,0.153527,0.234791,31,661
3990,17/12/16 06,0,0.130634,0.771211,0.098155,0.998330,0.835491,0.000789,0.155230,0.200037,31,663
3991,17/12/16 07,0,0.122368,0.779256,0.098376,0.998330,0.835142,0.000791,0.155712,0.225362,31,658
3992,17/12/16 08,0,0.103571,0.825926,0.075901,0.998303,0.834613,0.000949,0.156433,0.175512,31,653
3993,17/12/16 09,0,0.124574,0.764418,0.111008,0.998236,0.834689,0.001290,0.156256,0.234791,31,656
3994,17/12/16 10,0,0.124572,0.763978,0.111450,0.998255,0.834808,0.001128,0.155985,0.263657,31,657
3995,17/12/16 11,0,0.118916,0.801096,0.082567,0.998315,0.834246,0.000878,0.156816,0.205336,31,656
3996,17/12/16 12,0,0.107917,0.810441,0.084439,0.998323,0.833536,0.000832,0.157799,0.159916,31,656
3997,17/12/16 13,0,0.120048,0.790310,0.089642,0.998303,0.832950,0.000949,0.158643,0.124543,31,654
3998,17/12/16 14,0,0.125080,0.775264,0.099656,0.998089,0.832733,0.001479,0.158975,0.105312,31,654
3999,17/12/16 15,0,0.119517,0.782309,0.098174,0.998103,0.832939,0.001462,0.158577,0.266346,31,653
4000,17/12/16 16,0,0.149908,0.700042,0.150050,0.998046,0.833673,0.001475,0.157597,0.225695,31,655
4001,17/12/16 17,0,0.110305,0.803383,0.086312,0.998100,0.833050,0.001149,0.158455,0.175772,31,656
4002,17/12/16 18,0,0.127164,0.787811,0.089031,0.998313,0.835875,0.000895,0.154770,0.169688,31,658
4003,17/12/16 19,0,0.148126,0.715075,0.137401,0.998159,0.836118,0.001390,0.154390,0.248623,31,660
4004,17/12/16 20,0,0.135254,0.753447,0.111298,0.998102,0.836006,0.001462,0.154461,0.234791,31,663
4005,17/12/16 21,0,0.144527,0.730789,0.124683,0.998253,0.835854,0.001251,0.154787,0.182856,31,659
4006,17/12/16 22,0,0.143150,0.742668,0.114181,0.997713,0.836722,0.001963,0.153713,0.142408,31,657
4007,17/12/16 23,0,0.164442,0.686994,0.148564,0.997713,0.837526,0.001962,0.152547,0.184679,31,662
4008,18/12/16 00,0,0.179195,0.622599,0.198206,0.997824,0.838362,0.001820,0.151083,0.241987,31,662
4009,18/12/16 01,0,0.169247,0.648696,0.182057,0.997815,0.837785,0.001484,0.151993,0.188460,31,662
4010,18/12/16 02,0,0.140793,0.749929,0.116957,0.998269,0.837052,0.001156,0.152998,0.146773,31,660
4011,18/12/16 03,0,0.138888,0.759209,0.108826,0.998303,0.837503,0.000949,0.152439,0.166252,31,656
4012,18/12/16 04,0,0.145319,0.754866,0.099815,0.998303,0.839196,0.000949,0.150164,0.234791,31,658
4013,18/12/16 05,0,0.149257,0.706334,0.144409,0.998281,0.839448,0.001082,0.149780,0.234791,31,662
4014,18/12/16 06,0,0.165704,0.689540,0.144757,0.998297,0.840205,0.000985,0.148671,0.270475,31,665
4015,18/12/16 07,0,0.129103,0.760016,0.110881,0.997822,0.840479,0.001219,0.148314,0.216699,31,660
4016,18/12/16 08,0,0.158862,0.675371,0.165767,0.998303,0.840720,0.000949,0.147895,0.234791,31,660
4017,18/12/16 09,0,0.177855,0.539057,0.283089,0.998322,0.840386,0.000839,0.148004,0.436034,31,666
4018,18/12/16 10,0,0.141854,0.737833,0.120313,0.997978,0.840126,0.001622,0.148518,0.339583,31,663
4019,18/12/16 11,0,0.155807,0.679883,0.164310,0.997713,0.840507,0.001754,0.147942,0.287618,31,660
4020,18/12/16 12,0,0.152083,0.706863,0.141054,0.997713,0.840761,0.001366,0.147755,0.223997,31,661
4021,18/12/16 13,0,0.154512,0.698250,0.147239,0.997847,0.840492,0.001064,0.148322,0.174449,31,662
4022,18/12/16 14,0,0.153288,0.707947,0.138765,0.998324,0.840245,0.000829,0.148757,0.234791,31,664
4023,18/12/16 15,0,0.160493,0.692299,0.147208,0.998298,0.839662,0.000984,0.149719,0.182856,31,661
4024,18/12/16 16,0,0.176644,0.658241,0.165115,0.997768,0.840125,0.001478,0.149238,0.154793,31,661
4025,18/12/16 17,0,0.185871,0.633555,0.180574,0.998262,0.840506,0.001151,0.148801,0.166581,31,661
4026,18/12/16 18,0,0.188730,0.601723,0.209548,0.998312,0.839042,0.000896,0.150702,0.223890,31,664
4027,18/12/16 19,0,0.198761,0.522441,0.278798,0.998303,0.837931,0.000949,0.152051,0.320409,31,661
4028,18/12/16 20,0,0.203597,0.481283,0.442567,0.997970,0.838489,0.000000,0.149778,0.850000,31,657
4029,18/12/16 21,0,0.164284,0.306644,0.613783,0.998077,0.838728,0.000000,0.148417,0.850000,31,660
4030,18/12/16 22,0,0.156094,0.710968,0.184118,0.998272,0.837703,0.000000,0.150433,0.661981,31,662
4031,18/12/16 23,0,0.166625,0.686304,0.147072,0.998308,0.836642,0.000000,0.152330,0.515551,31,659
4032,19/12/16 00,0,0.173071,0.668853,0.158076,0.998172,0.836104,0.000000,0.153466,0.401512,31,658
4033,19/12/16 01,0,0.171289,0.667217,0.161494,0.997937,0.835450,0.000000,0.154651,0.312698,31,655
4034,19/12/16 02,0,0.161512,0.682430,0.156058,0.998260,0.835930,0.000000,0.154228,0.243529,31,656
4035,19/12/16 03,0,0.146785,0.722916,0.137745,0.998303,0.836081,0.000000,0.154145,0.189661,31,656
4036,19/12/16 04,0,0.120095,0.781480,0.106785,0.998303,0.837215,0.000000,0.152538,0.242300,31,657
4037,19/12/16 05,0,0.148648,0.708871,0.142481,0.998326,0.837022,0.000000,0.152860,0.234791,31,659
4038,19/12/16 06,0,0.092469,0.842503,0.067689,0.998292,0.835362,0.000000,0.155157,0.182856,31,661
4039,19/12/16 07,0,0.123142,0.789660,0.088704,0.998303,0.835392,0.000000,0.155199,0.169688,31,656
4040,19/12/16 08,0,0.152842,0.696832,0.150475,0.998346,0.837459,0.000000,0.152011,0.332986,31,655
4041,19/12/16 09,0,0.142681,0.748779,0.108540,0.998262,0.837346,0.000000,0.152354,0.259330,31,661
4042,19/12/16 10,0,0.125753,0.781625,0.095199,0.998337,0.836615,0.000000,0.153460,0.201966,31,661
4043,19/12/16 11,0,0.130098,0.767331,0.102571,0.998290,0.836485,0.000000,0.153744,0.157292,31,658
4044,19/12/16 12,0,0.139561,0.749159,0.111281,0.998068,0.836876,0.000000,0.153272,0.123271,31,656
4045,19/12/16 13,0,0.143413,0.748335,0.115528,0.998303,0.837296,0.000000,0.152835,0.139352,31,658
4046,19/12/16 14,0,0.163769,0.684752,0.151480,0.998020,0.837852,0.000000,0.151923,0.213670,31,661
4047,19/12/16 15,0,0.179173,0.605904,0.214923,0.998253,0.839767,0.000000,0.148953,0.285148,31,661
4048,19/12/16 16,0,0.141730,0.753047,0.105223,0.998260,0.838537,0.000000,0.150782,0.222074,31,664
4049,19/12/16 17,0,0.135159,0.752905,0.111936,0.998297,0.836614,0.000000,0.153510,0.172951,31,662
4050,19/12/16 18,0,0.103061,0.803118,0.093821,0.998358,0.835017,0.000000,0.155810,0.134694,31,654
4051,19/12/16 19,0,0.085837,0.844214,0.069949,0.998368,0.833715,0.000000,0.157639,0.104900,31,652
4052,19/12/16 20,0,0.096752,0.830766,0.072482,0.998405,0.832724,0.000000,0.159064,0.082630,31,652
4053,19/12/16 21,0,0.107560,0.809738,0.082702,0.998065,0.832040,0.001510,0.160029,0.090952,31,651
4054,19/12/16 22,0,0.112946,0.809210,0.077843,0.998139,0.832093,0.001415,0.160036,0.119786,31,652
4055,19/12/16 23,0,0.114186,0.813388,0.078634,0.998139,0.831789,0.001415,0.160505,0.101860,31,652
4056,20/12/16 00,0,0.091072,0.839367,0.069562,0.998037,0.831064,0.001538,0.161535,0.079329,31,654
4057,20/12/16 01,0,0.110001,0.809703,0.080297,0.998262,0.830874,0.001198,0.161878,0.105507,31,655
4058,20/12/16 02,0,0.116066,0.793053,0.090882,0.998262,0.830495,0.001182,0.162390,0.096762,31,652
4059,20/12/16 03,0,0.110520,0.815775,0.073705,0.998308,0.831095,0.000921,0.161563,0.116284,31,653
4060,20/12/16 04,0,0.117956,0.795946,0.086098,0.998303,0.834382,0.000949,0.157048,0.234791,31,652
4061,20/12/16 05,0,0.148462,0.709713,0.141826,0.997768,0.837049,0.000947,0.153322,0.234791,31,662
4062,20/12/16 06,0,0.129056,0.734491,0.136453,0.998262,0.836067,0.000737,0.154357,0.369089,31,669
4063,20/12/16 07,0,0.109958,0.814994,0.075048,0.998366,0.834944,0.000574,0.155923,0.287447,31,661
4064,20/12/16 08,0,0.115458,0.803525,0.081244,0.998096,0.835457,0.001471,0.155287,0.223864,31,653
4065,20/12/16 09,0,0.147732,0.728229,0.125663,0.997768,0.837396,0.001892,0.152327,0.307663,31,654
4066,20/12/16 10,0,0.159479,0.613136,0.227385,0.997814,0.838096,0.001833,0.150995,0.393963,31,664
4067,20/12/16 11,0,0.154121,0.720666,0.125213,0.997952,0.837982,0.001602,0.151372,0.306818,31,662
4068,20/12/16 12,0,0.133113,0.754961,0.111926,0.998131,0.838319,0.001248,0.151106,0.238950,31,660
4069,20/12/16 13,0,0.153902,0.725982,0.120117,0.998290,0.838947,0.000972,0.150390,0.186095,31,661
4070,20/12/16 14,0,0.171330,0.655945,0.172725,0.998335,0.840152,0.000757,0.148545,0.235301,31,661
4071,20/12/16 15,0,0.138446,0.749231,0.112322,0.998263,0.840214,0.001190,0.148552,0.183253,31,662
4072,20/12/16 16,0,0.142713,0.737981,0.120180,0.997748,0.841398,0.001918,0.146956,0.211977,31,661
4073,20/12/16 17,0,0.144144,0.729887,0.125969,0.997646,0.841278,0.002050,0.147005,0.340914,31,663
4074,20/12/16 18,0,0.145770,0.723939,0.130291,0.997370,0.841137,0.002404,0.146999,0.325323,31,666
4075,20/12/16 19,0,0.150766,0.719503,0.133551,0.997499,0.840254,0.002238,0.148446,0.253362,31,663
4076,20/12/16 20,0,0.165795,0.690636,0.143569,0.997592,0.839592,0.002119,0.149558,0.197318,31,661
4077,20/12/16 21,0,0.168121,0.679345,0.152534,0.997913,0.838775,0.001706,0.150818,0.153672,31,660
4078,20/12/16 22,0,0.179602,0.653989,0.166408,0.997713,0.838782,0.001963,0.150961,0.148498,31,660
4079,20/12/16 23,0,0.187532,0.631674,0.180794,0.997394,0.838913,0.001956,0.150830,0.156592,31,659
4080,21/12/16 00,0,0.189817,0.623743,0.186439,0.997754,0.838920,0.001523,0.150823,0.145978,31,661
4081,21/12/16 01,0,0.136552,0.735366,0.128082,0.997656,0.837669,0.001186,0.152524,0.113688,31,662
4082,21/12/16 02,0,0.134937,0.738725,0.126338,0.997874,0.836800,0.000924,0.153706,0.101860,31,659
4083,21/12/16 03,0,0.120233,0.788265,0.095380,0.998303,0.836068,0.000719,0.154710,0.121734,31,655
4084,21/12/16 04,0,0.118381,0.793533,0.088085,0.998303,0.837113,0.000560,0.153207,0.234791,31,656
4085,21/12/16 05,0,0.149046,0.706804,0.144151,0.998389,0.838561,0.000436,0.151176,0.234791,31,658
4086,21/12/16 06,0,0.101459,0.822890,0.075651,0.997686,0.836602,0.000723,0.153819,0.182856,31,665
4087,21/12/16 07,0,0.107396,0.819941,0.074871,0.997978,0.835224,0.000563,0.155727,0.142408,31,661
4088,21/12/16 08,0,0.098846,0.824135,0.077019,0.998350,0.833839,0.000438,0.157554,0.110908,31,652
4089,21/12/16 09,0,0.101870,0.839087,0.063066,0.998405,0.833264,0.000341,0.158287,0.101860,31,653
4090,21/12/16 10,0,0.116828,0.801074,0.082098,0.998044,0.833323,0.001538,0.158198,0.112554,31,652
4091,21/12/16 11,0,0.133779,0.766200,0.100855,0.998026,0.835368,0.001560,0.155377,0.234791,31,654
4092,21/12/16 12,0,0.152097,0.691210,0.156693,0.998255,0.837056,0.001216,0.152917,0.254351,31,661
4093,21/12/16 13,0,0.122542,0.787627,0.089831,0.998304,0.836453,0.000947,0.153787,0.198088,31,665
4094,21/12/16 14,0,0.118237,0.803291,0.078696,0.998165,0.836215,0.000897,0.154197,0.154271,31,659
4095,21/12/16 15,0,0.137189,0.765796,0.098167,0.998289,0.836889,0.000698,0.153370,0.130359,31,655
4096,21/12/16 16,0,0.155162,0.725348,0.119490,0.998371,0.837052,0.000544,0.153156,0.143589,31,659
4097,21/12/16 17,0,0.168447,0.692068,0.139485,0.998361,0.837487,0.000603,0.152533,0.169688,31,661
4098,21/12/16 18,0,0.156569,0.703617,0.139813,0.998106,0.837092,0.001457,0.153119,0.141839,31,663
4099,21/12/16 19,0,0.150506,0.711087,0.138406,0.998199,0.836828,0.001338,0.153530,0.120619,31,659
4100,21/12/16 20,0,0.137598,0.756286,0.106116,0.998070,0.835518,0.001503,0.155346,0.124024,31,657
4101,21/12/16 21,0,0.120289,0.777113,0.102598,0.998233,0.834430,0.001295,0.156815,0.096590,31,659
4102,21/12/16 22,0,0.120607,0.795300,0.084093,0.998254,0.834152,0.001248,0.157145,0.118295,31,653
4103,21/12/16 23,0,0.114343,0.809010,0.078514,0.998205,0.833826,0.001331,0.157575,0.108032,31,654
4104,22/12/16 00,0,0.093270,0.827877,0.078853,0.997713,0.833094,0.001963,0.158555,0.084136,31,655
4105,22/12/16 01,0,0.093960,0.826056,0.079985,0.997713,0.832524,0.001565,0.159337,0.074309,31,655
4106,22/12/16 02,0,0.108095,0.810897,0.081008,0.997935,0.832345,0.001219,0.159562,0.095817,31,652
4107,22/12/16 03,0,0.118148,0.794973,0.086878,0.998303,0.833934,0.000949,0.157381,0.234791,31,654
4108,22/12/16 04,0,0.148691,0.708634,0.142675,0.998303,0.835503,0.000949,0.155224,0.234791,31,656
4109,22/12/16 05,0,0.147093,0.741624,0.111283,0.997468,0.835109,0.002278,0.155748,0.182856,31,662
4110,22/12/16 06,0,0.134015,0.763393,0.102592,0.997761,0.834677,0.001901,0.156281,0.200037,31,662
4111,22/12/16 07,0,0.130077,0.751428,0.120309,0.997428,0.835924,0.002010,0.154540,0.234791,31,656
4112,22/12/16 08,0,0.116135,0.818088,0.074011,0.997713,0.836151,0.001565,0.154311,0.182856,31,659
4113,22/12/16 09,0,0.143931,0.757693,0.098376,0.997832,0.836567,0.001219,0.153812,0.145479,31,659
4114,22/12/16 10,0,0.135811,0.762569,0.101620,0.998303,0.839083,0.000949,0.150509,0.169688,31,659
4115,22/12/16 11,0,0.131138,0.761118,0.107744,0.998316,0.839890,0.000875,0.149409,0.185949,31,664
4116,22/12/16 12,0,0.138761,0.752635,0.113702,0.997888,0.840006,0.001738,0.149284,0.144817,31,665
4117,22/12/16 13,0,0.161023,0.696227,0.142750,0.997852,0.840216,0.001785,0.148932,0.204265,31,664
4118,22/12/16 14,0,0.177237,0.618877,0.203885,0.998031,0.840677,0.001554,0.147964,0.271981,31,661
4119,22/12/16 15,0,0.144148,0.729851,0.126001,0.998178,0.840299,0.001365,0.148507,0.211819,31,663
4120,22/12/16 16,0,0.146631,0.723910,0.130318,0.998262,0.840277,0.001198,0.148657,0.164965,31,661
4121,22/12/16 17,0,0.146948,0.719479,0.133573,0.998159,0.839540,0.001390,0.149731,0.128475,31,661
4122,22/12/16 18,0,0.148385,0.716140,0.136047,0.997922,0.838843,0.001694,0.150760,0.118803,31,658
4123,22/12/16 19,0,0.151184,0.712981,0.137937,0.997960,0.839372,0.001645,0.149937,0.234791,31,657
4124,22/12/16 20,0,0.164205,0.686981,0.148814,0.997566,0.839721,0.002152,0.149508,0.242515,31,660
4125,22/12/16 21,0,0.178154,0.656797,0.165049,0.997896,0.839980,0.001727,0.149280,0.188871,31,663
4126,22/12/16 22,0,0.187266,0.624335,0.188399,0.997782,0.840331,0.001874,0.148819,0.177288,31,662
4127,22/12/16 23,0,0.136552,0.735366,0.128082,0.997408,0.838650,0.002010,0.151093,0.138072,31,661
4128,23/12/16 00,0,0.134937,0.738725,0.126338,0.997406,0.837341,0.001565,0.152914,0.107531,31,660
4129,23/12/16 01,0,0.134208,0.740465,0.125327,0.997822,0.836398,0.001219,0.154208,0.115171,31,655
4130,23/12/16 02,0,0.143086,0.740597,0.124683,0.998303,0.835960,0.000949,0.154742,0.123484,31,654
4131,23/12/16 03,0,0.142359,0.735456,0.122185,0.998303,0.836473,0.000949,0.154007,0.234791,31,657
4132,23/12/16 04,0,0.140454,0.748472,0.114842,0.998262,0.836112,0.001198,0.154511,0.195850,31,659
4133,23/12/16 05,0,0.117589,0.781840,0.102539,0.998281,0.835564,0.001082,0.155276,0.169688,31,657
4134,23/12/16 06,0,0.147125,0.742266,0.116636,0.998303,0.835613,0.000949,0.155183,0.169688,31,657
4135,23/12/16 07,0,0.134431,0.737178,0.137418,0.998202,0.836544,0.001334,0.153558,0.371638,31,654
4136,23/12/16 08,0,0.109333,0.815308,0.075359,0.998199,0.835128,0.001338,0.155545,0.289432,31,660
4137,23/12/16 09,0,0.101832,0.830986,0.075002,0.998262,0.834224,0.001198,0.156806,0.225410,31,658
4138,23/12/16 10,0,0.109434,0.810501,0.080066,0.998272,0.833389,0.001136,0.157953,0.175549,31,652
4139,23/12/16 11,0,0.123209,0.793197,0.085122,0.998148,0.833603,0.001331,0.157712,0.136718,31,653
4140,23/12/16 12,0,0.118382,0.801985,0.079633,0.998284,0.833600,0.001036,0.157756,0.106765,31,653
4141,23/12/16 13,0,0.125863,0.780506,0.093630,0.998327,0.833817,0.000807,0.157512,0.106765,31,656
4142,23/12/16 14,0,0.141076,0.751970,0.106954,0.998119,0.835102,0.001440,0.155865,0.140481,31,657
4143,23/12/16 15,0,0.161710,0.693191,0.145099,0.998078,0.836251,0.001493,0.154207,0.192979,31,661
4144,23/12/16 16,0,0.177321,0.618383,0.204296,0.997902,0.839790,0.001565,0.149049,0.269160,31,660
4145,23/12/16 17,0,0.154621,0.714382,0.130998,0.997902,0.840088,0.001219,0.148775,0.209622,31,665
4146,23/12/16 18,0,0.126250,0.770617,0.103133,0.998303,0.838154,0.000949,0.151498,0.163254,31,667
4147,23/12/16 19,0,0.090713,0.826399,0.082888,0.998308,0.836002,0.000920,0.154492,0.127142,31,660
4148,23/12/16 20,0,0.073214,0.869180,0.061717,0.998251,0.834257,0.001267,0.156924,0.099018,31,654
4149,23/12/16 21,0,0.100037,0.848318,0.062992,0.998267,0.833405,0.001169,0.158114,0.101860,31,651
4150,23/12/16 22,0,0.114277,0.812932,0.074385,0.997713,0.833008,0.001963,0.158704,0.118295,31,651
4151,23/12/16 23,0,0.114154,0.798567,0.087279,0.997769,0.832376,0.001891,0.159623,0.098721,31,654
4152,24/12/16 00,0,0.091993,0.831808,0.077721,0.997861,0.831798,0.001565,0.160452,0.082188,31,654
4153,24/12/16 01,0,0.105096,0.816937,0.077966,0.997954,0.831691,0.001219,0.160614,0.094517,31,654
4154,24/12/16 02,0,0.122534,0.783820,0.093645,0.998303,0.833154,0.000949,0.158566,0.234791,31,652
4155,24/12/16 03,0,0.148484,0.709606,0.141911,0.998279,0.835971,0.000903,0.154761,0.234791,31,657
4156,24/12/16 04,0,0.147609,0.739512,0.112879,0.998262,0.835948,0.000703,0.154739,0.182856,31,659
4157,24/12/16 05,0,0.165363,0.690978,0.143659,0.998262,0.836638,0.000548,0.153659,0.242300,31,663
4158,24/12/16 06,0,0.127885,0.761636,0.110479,0.998391,0.835770,0.000427,0.154849,0.188703,31,658
4159,24/12/16 07,0,0.125152,0.765078,0.110470,0.997731,0.835898,0.001940,0.154610,0.234791,31,656
4160,24/12/16 08,0,0.127325,0.787976,0.086462,0.997713,0.834986,0.001963,0.155925,0.182856,31,657
4161,24/12/16 09,0,0.134985,0.763698,0.101318,0.997625,0.834329,0.001947,0.156864,0.142408,31,656
4162,24/12/16 10,0,0.139294,0.748387,0.112319,0.998060,0.834319,0.001516,0.156945,0.114294,31,654
4163,24/12/16 11,0,0.162709,0.693261,0.144030,0.997768,0.836620,0.001892,0.153861,0.178862,31,654
4164,24/12/16 12,0,0.135023,0.747537,0.118500,0.997768,0.839483,0.001732,0.149980,0.223723,31,660
4165,24/12/16 13,0,0.155308,0.718313,0.126379,0.998143,0.840734,0.001349,0.148248,0.183574,31,670
4166,24/12/16 14,0,0.172306,0.644483,0.183210,0.998277,0.841834,0.001050,0.146467,0.253171,31,669
4167,24/12/16 15,0,0.149598,0.720341,0.130061,0.998325,0.841461,0.000818,0.147038,0.197170,31,665
4168,24/12/16 16,0,0.144038,0.738073,0.120097,0.998272,0.840939,0.001139,0.147752,0.153556,31,663
4169,24/12/16 17,0,0.144138,0.729955,0.125907,0.997701,0.839973,0.001979,0.149092,0.121143,31,661
4170,24/12/16 18,0,0.149720,0.723991,0.130244,0.997285,0.839406,0.002513,0.149918,0.127442,31,659
4171,24/12/16 19,0,0.146942,0.719543,0.133515,0.997235,0.840193,0.002520,0.148521,0.341650,31,659
4172,24/12/16 20,0,0.162453,0.693658,0.143889,0.997713,0.840280,0.001963,0.148480,0.266077,31,662
4173,24/12/16 21,0,0.166012,0.681758,0.152229,0.997896,0.840417,0.001727,0.148518,0.207221,31,662
4174,24/12/16 22,0,0.178875,0.654618,0.166507,0.997678,0.841045,0.002008,0.147891,0.161384,31,663
4175,24/12/16 23,0,0.181562,0.480656,0.443153,0.997494,0.842500,0.000003,0.144339,0.850000,31,664
4176,25/12/16 00,0,0.186141,0.306252,0.614158,0.997822,0.843545,0.000003,0.141753,0.850000,31,666
