phase,strategy,window_k,decay_lambda,use_fusion,use_decay,physics_bounds_mode,anomaly_score,smoothing_window,threshold_mode,auroc,auroc_ci_lo,auroc_ci_hi,auprc,best_f1,best_threshold,best_precision,best_recall,false_alarm_rate_per_day,auroc_fused_u,auroc_fused_d,auroc_max_d,auroc_max_u,auroc_mean_u,auroc_composite_ud,f1_at_f1opt,f1_at_q90,f1_at_q95,f1_at_q99,prec_at_q95,rec_at_q95,fpr_at_q95,prec_at_q99,rec_at_q99,fpr_at_q99
hyperparam,historical,1,0.1,True,True,domain,fused_u,1,f1_optimal_eval,0.7347,0.7034,0.7646,0.11,0.2086,0.465,0.1247,0.6393,5.9606,0.7347,0.8067,0.8067,0.7347,0.619,0.8045,0.2086,0.1106,0.115,0.1176,0.0612,0.9543,0.8103,0.0627,0.9452,0.782
hyperparam,historical,1,0.1,False,True,domain,fused_u,1,f1_optimal_eval,0.7347,0.7034,0.7646,0.11,0.2086,0.465,0.1247,0.6393,5.9606,0.7347,0.8067,0.8067,0.7347,0.619,0.8045,0.2086,0.1106,0.115,0.1176,0.0612,0.9543,0.8103,0.0627,0.9452,0.782
hyperparam,historical,1,0.25,True,True,domain,fused_u,1,f1_optimal_eval,0.7347,0.7034,0.7646,0.11,0.2086,0.465,0.1247,0.6393,5.9606,0.7347,0.8067,0.8067,0.7347,0.619,0.8045,0.2086,0.1106,0.115,0.1176,0.0612,0.9543,0.8103,0.0627,0.9452,0.782
hyperparam,historical,1,0.25,False,True,domain,fused_u,1,f1_optimal_eval,0.7347,0.7034,0.7646,0.11,0.2086,0.465,0.1247,0.6393,5.9606,0.7347,0.8067,0.8067,0.7347,0.619,0.8045,0.2086,0.1106,0.115,0.1176,0.0612,0.9543,0.8103,0.0627,0.9452,0.782
hyperparam,historical,1,0.5,True,True,domain,fused_u,1,f1_optimal_eval,0.7347,0.7034,0.7646,0.11,0.2086,0.465,0.1247,0.6393,5.9606,0.7347,0.8067,0.8067,0.7347,0.619,0.8045,0.2086,0.1106,0.115,0.1176,0.0612,0.9543,0.8103,0.0627,0.9452,0.782
hyperparam,historical,1,0.5,False,True,domain,fused_u,1,f1_optimal_eval,0.7347,0.7034,0.7646,0.11,0.2086,0.465,0.1247,0.6393,5.9606,0.7347,0.8067,0.8067,0.7347,0.619,0.8045,0.2086,0.1106,0.115,0.1176,0.0612,0.9543,0.8103,0.0627,0.9452,0.782
hyperparam,historical,1,1.0,True,True,domain,fused_u,1,f1_optimal_eval,0.7347,0.7034,0.7646,0.11,0.2086,0.465,0.1247,0.6393,5.9606,0.7347,0.8067,0.8067,0.7347,0.619,0.8045,0.2086,0.1106,0.115,0.1176,0.0612,0.9543,0.8103,0.0627,0.9452,0.782
hyperparam,historical,1,1.0,False,True,domain,fused_u,1,f1_optimal_eval,0.7347,0.7034,0.7646,0.11,0.2086,0.465,0.1247,0.6393,5.9606,0.7347,0.8067,0.8067,0.7347,0.619,0.8045,0.2086,0.1106,0.115,0.1176,0.0612,0.9543,0.8103,0.0627,0.9452,0.782
hyperparam,historical,1,2.0,True,True,domain,fused_u,1,f1_optimal_eval,0.7347,0.7034,0.7646,0.11,0.2086,0.465,0.1247,0.6393,5.9606,0.7347,0.8067,0.8067,0.7347,0.619,0.8045,0.2086,0.1106,0.115,0.1176,0.0612,0.9543,0.8103,0.0627,0.9452,0.782
hyperparam,historical,1,2.0,False,True,domain,fused_u,1,f1_optimal_eval,0.7347,0.7034,0.7646,0.11,0.2086,0.465,0.1247,0.6393,5.9606,0.7347,0.8067,0.8067,0.7347,0.619,0.8045,0.2086,0.1106,0.115,0.1176,0.0612,0.9543,0.8103,0.0627,0.9452,0.782
hyperparam,historical,3,0.1,True,True,domain,fused_u,1,f1_optimal_eval,0.8253,0.7889,0.86,0.3448,0.5293,0.255,0.5041,0.5571,0.7276,0.8253,0.845,0.8149,0.7286,0.6468,0.8426,0.5293,0.0,0.0,0.0,0.0,0.0,0.0,0.0,0.0,0.0
hyperparam,historical,3,0.1,False,True,domain,fused_u,1,f1_optimal_eval,0.7286,0.702,0.7634,0.1029,0.2096,0.56,0.1242,0.6712,6.288,0.7286,0.8149,0.8149,0.7286,0.6468,0.8197,0.2096,0.0997,0.0997,0.0998,0.0525,1.0,0.999,0.0525,1.0,0.9977
hyperparam,historical,3,0.25,True,True,domain,fused_u,1,f1_optimal_eval,0.8281,0.7928,0.8629,0.3238,0.501,0.295,0.4522,0.5616,0.9035,0.8281,0.8465,0.817,0.7261,0.6456,0.8454,0.501,0.4917,0.1899,0.0439,0.2712,0.1461,0.0217,0.5556,0.0228,0.001
hyperparam,historical,3,0.25,False,True,domain,fused_u,1,f1_optimal_eval,0.7261,0.7027,0.7634,0.1022,0.2104,0.675,0.1254,0.653,6.0455,0.7261,0.817,0.817,0.7261,0.6456,0.8276,0.2104,0.0996,0.0997,0.0997,0.0524,1.0,0.9997,0.0524,1.0,0.9997
hyperparam,historical,3,0.5,True,True,domain,fused_u,1,f1_optimal_eval,0.83,0.7958,0.8626,0.2978,0.4762,0.345,0.4211,0.5479,1.0005,0.83,0.846,0.8255,0.7246,0.6423,0.8444,0.4762,0.2055,0.2215,0.2744,0.1288,0.79,0.2956,0.1667,0.7763,0.2148
hyperparam,historical,3,0.5,False,True,domain,fused_u,1,f1_optimal_eval,0.7246,0.7002,0.7632,0.1021,0.1971,0.8,0.1144,0.7123,7.3249,0.7246,0.8255,0.8255,0.7246,0.6423,0.8339,0.1971,0.0996,0.0997,0.0997,0.0524,1.0,0.9997,0.0524,1.0,0.9997
hyperparam,historical,3,1.0,True,True,domain,fused_u,1,f1_optimal_eval,0.814,0.78,0.8462,0.2366,0.4234,0.405,0.3613,0.5114,1.2006,0.814,0.8293,0.814,0.7246,0.6347,0.8308,0.4234,0.1286,0.1335,0.1388,0.072,0.9178,0.6549,0.0752,0.9087,0.6187
hyperparam,historical,3,1.0,False,True,domain,fused_u,1,f1_optimal_eval,0.7246,0.7002,0.7632,0.1021,0.1677,0.925,0.0933,0.8265,10.666,0.7246,0.814,0.814,0.7246,0.6347,0.8215,0.1677,0.0996,0.0997,0.0997,0.0524,1.0,0.9997,0.0524,1.0,0.9997
hyperparam,historical,3,2.0,True,True,domain,fused_u,1,f1_optimal_eval,0.7756,0.743,0.8057,0.1599,0.2661,0.445,0.1715,0.5936,3.808,0.7756,0.8131,0.8067,0.7246,0.6251,0.8136,0.2661,0.1156,0.1175,0.1214,0.0627,0.9452,0.7825,0.0649,0.9406,0.7499
hyperparam,historical,3,2.0,False,True,domain,fused_u,1,f1_optimal_eval,0.7246,0.7002,0.7632,0.1021,0.101,0.985,0.0532,1.0,23.6362,0.7246,0.8067,0.8067,0.7246,0.6251,0.8071,0.101,0.0996,0.0997,0.0997,0.0524,1.0,0.9997,0.0524,1.0,0.9997
hyperparam,historical,6,0.1,True,True,domain,fused_u,1,f1_optimal_eval,0.8346,0.7999,0.8701,0.4883,0.6371,0.17,0.7439,0.5571,0.2547,0.8346,0.8636,0.8313,0.7268,0.6867,0.8575,0.6371,0.0,0.0,0.0,0.0,0.0,0.0,0.0,0.0,0.0
hyperparam,historical,6,0.1,False,True,domain,fused_u,1,f1_optimal_eval,0.7268,0.7026,0.7618,0.1042,0.2091,0.675,0.1247,0.6484,6.0455,0.7268,0.8313,0.8313,0.7268,0.6867,0.8435,0.2091,0.0996,0.0997,0.0997,0.0524,1.0,0.9997,0.0524,1.0,0.9997
hyperparam,historical,6,0.25,True,True,domain,fused_u,1,f1_optimal_eval,0.8416,0.8071,0.8749,0.4957,0.6234,0.235,0.7229,0.5479,0.2789,0.8416,0.8613,0.8417,0.727,0.6793,0.8569,0.6234,0.0,0.0,0.0,0.0,0.0,0.0,0.0,0.0,0.0
hyperparam,historical,6,0.25,False,True,domain,fused_u,1,f1_optimal_eval,0.727,0.7039,0.7625,0.1043,0.2017,0.845,0.118,0.6941,6.8883,0.727,0.8417,0.8417,0.727,0.6793,0.8522,0.2017,0.0996,0.0997,0.0997,0.0524,1.0,0.9997,0.0524,1.0,0.9997
hyperparam,historical,6,0.5,True,True,domain,fused_u,1,f1_optimal_eval,0.8432,0.8073,0.8762,0.4721,0.6059,0.315,0.7338,0.516,0.2486,0.8432,0.8571,0.8302,0.7259,0.6635,0.8538,0.6059,0.3682,0.4592,0.5955,0.3613,0.6301,0.0616,0.6522,0.5479,0.0162
hyperparam,historical,6,0.5,False,True,domain,fused_u,1,f1_optimal_eval,0.7259,0.7026,0.761,0.1042,0.1667,0.955,0.0933,0.7808,10.0778,0.7259,0.8302,0.8302,0.7259,0.6635,0.8342,0.1667,0.0996,0.0997,0.0997,0.0524,1.0,0.9997,0.0524,1.0,0.9997
hyperparam,historical,6,1.0,True,True,domain,fused_u,1,f1_optimal_eval,0.8214,0.787,0.8539,0.2732,0.4428,0.395,0.3715,0.5479,1.2309,0.8214,0.833,0.814,0.7259,0.6407,0.8338,0.4428,0.132,0.1366,0.141,0.0738,0.9178,0.6372,0.0765,0.895,0.5975
hyperparam,historical,6,1.0,False,True,domain,fused_u,1,f1_optimal_eval,0.7259,0.7026,0.761,0.1042,0.0997,0.97,0.0525,1.0,23.9757,0.7259,0.814,0.814,0.7259,0.6407,0.816,0.0997,0.0996,0.0997,0.0997,0.0524,1.0,0.9997,0.0524,1.0,0.9997
hyperparam,historical,6,2.0,True,True,domain,fused_u,1,f1_optimal_eval,0.7761,0.7434,0.8062,0.1608,0.2675,0.445,0.1734,0.5845,3.6988,0.7761,0.8131,0.8067,0.7259,0.6259,0.8136,0.2675,0.1156,0.1177,0.1217,0.0628,0.9452,0.7809,0.0651,0.9406,0.7479
hyperparam,historical,6,2.0,False,True,domain,fused_u,1,f1_optimal_eval,0.7259,0.7026,0.761,0.1042,0.0997,0.91,0.0525,1.0,23.9879,0.7259,0.8067,0.8067,0.7259,0.6259,0.8076,0.0997,0.0996,0.0997,0.0997,0.0524,1.0,0.9997,0.0524,1.0,0.9997
hyperparam,historical,12,0.1,True,True,domain,fused_u,1,f1_optimal_eval,0.8408,0.8071,0.8747,0.4948,0.6205,0.11,0.7076,0.5525,0.3032,0.8408,0.8937,0.8699,0.7078,0.7317,0.8845,0.6205,0.0,0.0,0.0,0.0,0.0,0.0,0.0,0.0,0.0
hyperparam,historical,12,0.1,False,True,domain,fused_u,1,f1_optimal_eval,0.7078,0.6692,0.7349,0.0982,0.1874,0.82,0.1098,0.6393,6.8823,0.7078,0.8699,0.8699,0.7078,0.7317,0.8777,0.1874,0.0996,0.0997,0.0997,0.0524,1.0,0.9997,0.0524,1.0,0.9997
hyperparam,historical,12,0.25,True,True,domain,fused_u,1,f1_optimal_eval,0.8443,0.8098,0.8775,0.5054,0.6287,0.205,0.7733,0.5297,0.2062,0.8443,0.8733,0.8454,0.6972,0.7068,0.866,0.6287,0.0,0.0,0.0,0.0,0.0,0.0,0.0,0.0,0.0
hyperparam,historical,12,0.25,False,True,domain,fused_u,1,f1_optimal_eval,0.6972,0.6659,0.7312,0.0944,0.1598,0.965,0.0896,0.7397,9.9869,0.6972,0.8454,0.8454,0.6972,0.7068,0.8492,0.1598,0.0996,0.0997,0.0997,0.0524,1.0,0.9997,0.0524,1.0,0.9997
hyperparam,historical,12,0.5,True,True,domain,fused_u,1,f1_optimal_eval,0.8442,0.8085,0.8769,0.4863,0.6105,0.305,0.7205,0.5297,0.2729,0.8442,0.8594,0.8302,0.6949,0.6717,0.8555,0.6105,0.4568,0.5721,0.5621,0.5644,0.5799,0.0248,0.7983,0.4338,0.0061
hyperparam,historical,12,0.5,False,True,domain,fused_u,1,f1_optimal_eval,0.6949,0.6643,0.7305,0.0938,0.0998,0.98,0.0525,1.0,23.9515,0.6949,0.8302,0.8302,0.6949,0.6717,0.8304,0.0998,0.0996,0.0997,0.0997,0.0524,1.0,0.9997,0.0524,1.0,0.9997
hyperparam,historical,12,1.0,True,True,domain,fused_u,1,f1_optimal_eval,0.8216,0.7871,0.8541,0.274,0.4432,0.395,0.3742,0.5434,1.2067,0.8216,0.8331,0.814,0.6949,0.6424,0.8339,0.4432,0.1322,0.1367,0.1413,0.0739,0.9178,0.6367,0.0767,0.895,0.5963
hyperparam,historical,12,1.0,False,True,domain,fused_u,1,f1_optimal_eval,0.6949,0.6643,0.7305,0.0938,0.0997,0.97,0.0525,1.0,23.9757,0.6949,0.814,0.814,0.6949,0.6424,0.8153,0.0997,0.0996,0.0997,0.0997,0.0524,1.0,0.9997,0.0524,1.0,0.9997
hyperparam,historical,12,2.0,True,True,domain,fused_u,1,f1_optimal_eval,0.7761,0.7434,0.8061,0.1608,0.2675,0.445,0.1734,0.5845,3.6988,0.7761,0.8131,0.8067,0.6949,0.6272,0.8136,0.2675,0.1156,0.1177,0.1217,0.0628,0.9452,0.7809,0.0651,0.9406,0.7479
hyperparam,historical,12,2.0,False,True,domain,fused_u,1,f1_optimal_eval,0.6949,0.6643,0.7305,0.0938,0.0997,0.91,0.0525,1.0,23.9879,0.6949,0.8067,0.8067,0.6949,0.6272,0.8073,0.0997,0.0996,0.0997,0.0997,0.0524,1.0,0.9997,0.0524,1.0,0.9997
hyperparam,historical,24,0.1,True,True,domain,fused_u,1,f1_optimal_eval,0.8415,0.8081,0.8755,0.5022,0.6138,0.09,0.7296,0.5297,0.2607,0.8415,0.9086,0.8722,0.6379,0.7875,0.8988,0.6138,0.0,0.0,0.0,0.0,0.0,0.0,0.0,0.0,0.0
hyperparam,historical,24,0.1,False,True,domain,fused_u,1,f1_optimal_eval,0.6379,0.605,0.6756,0.0764,0.1448,0.945,0.0809,0.6849,10.3264,0.6379,0.8722,0.8722,0.6379,0.7875,0.8782,0.1448,0.0996,0.0997,0.0997,0.0524,1.0,0.9997,0.0524,1.0,0.9997
hyperparam,historical,24,0.25,True,True,domain,fused_u,1,f1_optimal_eval,0.8447,0.81,0.8777,0.5215,0.6299,0.195,0.7407,0.5479,0.2547,0.8447,0.8741,0.8454,0.6359,0.7188,0.8664,0.6299,0.0,0.0,0.0,0.0,0.0,0.0,0.0,0.0,0.0
hyperparam,historical,24,0.25,False,True,domain,fused_u,1,f1_optimal_eval,0.6359,0.5984,0.671,0.0773,0.1,0.985,0.0526,1.0,23.903,0.6359,0.8454,0.8454,0.6359,0.7188,0.8475,0.1,0.0996,0.0997,0.0997,0.0524,1.0,0.9997,0.0524,1.0,0.9997
hyperparam,historical,24,0.5,True,True,domain,fused_u,1,f1_optimal_eval,0.8443,0.8086,0.8771,0.4903,0.6121,0.305,0.725,0.5297,0.2668,0.8443,0.8594,0.8302,0.6301,0.6738,0.8556,0.6121,0.4628,0.5786,0.5509,0.5773,0.5799,0.0235,0.8,0.4201,0.0058
hyperparam,historical,24,0.5,False,True,domain,fused_u,1,f1_optimal_eval,0.6301,0.5998,0.6714,0.075,0.0998,0.98,0.0525,1.0,23.9515,0.6301,0.8302,0.8302,0.6301,0.6738,0.8314,0.0998,0.0996,0.0997,0.0997,0.0524,1.0,0.9997,0.0524,1.0,0.9997
hyperparam,historical,24,1.0,True,True,domain,fused_u,1,f1_optimal_eval,0.8216,0.7871,0.8541,0.274,0.4432,0.395,0.3742,0.5434,1.2067,0.8216,0.8331,0.814,0.6301,0.6438,0.8339,0.4432,0.1322,0.1367,0.1413,0.0739,0.9178,0.6367,0.0767,0.895,0.5963
hyperparam,historical,24,1.0,False,True,domain,fused_u,1,f1_optimal_eval,0.6301,0.5998,0.6714,0.075,0.0997,0.97,0.0525,1.0,23.9757,0.6301,0.814,0.814,0.6301,0.6438,0.8154,0.0997,0.0996,0.0997,0.0997,0.0524,1.0,0.9997,0.0524,1.0,0.9997
hyperparam,historical,24,2.0,True,True,domain,fused_u,1,f1_optimal_eval,0.7761,0.7434,0.8061,0.1607,0.2675,0.445,0.1734,0.5845,3.6988,0.7761,0.8131,0.8067,0.6854,0.6287,0.8136,0.2675,0.1156,0.1177,0.1217,0.0628,0.9452,0.7809,0.0651,0.9406,0.7479
hyperparam,historical,24,2.0,False,True,domain,fused_u,1,f1_optimal_eval,0.6854,0.4644,0.5415,0.0874,0.0997,0.91,0.0525,1.0,23.9879,0.6854,0.8067,0.8067,0.6854,0.6287,0.8073,0.0997,0.0996,0.0997,0.0997,0.0524,1.0,0.9997,0.0524,1.0,0.9997
hyperparam,physics,1,0.1,True,True,domain,fused_u,1,f1_optimal_eval,0.7058,0.6536,0.7364,0.1184,0.2209,0.465,0.1346,0.6164,5.2633,0.7058,0.724,0.724,0.7058,0.6088,0.7377,0.2209,0.1167,0.1175,0.1237,0.0631,0.8539,0.7019,0.0668,0.8311,0.642
hyperparam,physics,1,0.1,False,True,domain,fused_u,1,f1_optimal_eval,0.7058,0.6536,0.7364,0.1184,0.2209,0.465,0.1346,0.6164,5.2633,0.7058,0.724,0.724,0.7058,0.6088,0.7377,0.2209,0.1167,0.1175,0.1237,0.0631,0.8539,0.7019,0.0668,0.8311,0.642
hyperparam,physics,1,0.25,True,True,domain,fused_u,1,f1_optimal_eval,0.7058,0.6536,0.7364,0.1184,0.2209,0.465,0.1346,0.6164,5.2633,0.7058,0.724,0.724,0.7058,0.6088,0.7377,0.2209,0.1167,0.1175,0.1237,0.0631,0.8539,0.7019,0.0668,0.8311,0.642
hyperparam,physics,1,0.25,False,True,domain,fused_u,1,f1_optimal_eval,0.7058,0.6536,0.7364,0.1184,0.2209,0.465,0.1346,0.6164,5.2633,0.7058,0.724,0.724,0.7058,0.6088,0.7377,0.2209,0.1167,0.1175,0.1237,0.0631,0.8539,0.7019,0.0668,0.8311,0.642
hyperparam,physics,1,0.5,True,True,domain,fused_u,1,f1_optimal_eval,0.7058,0.6536,0.7364,0.1184,0.2209,0.465,0.1346,0.6164,5.2633,0.7058,0.724,0.724,0.7058,0.6088,0.7377,0.2209,0.1167,0.1175,0.1237,0.0631,0.8539,0.7019,0.0668,0.8311,0.642
hyperparam,physics,1,0.5,False,True,domain,fused_u,1,f1_optimal_eval,0.7058,0.6536,0.7364,0.1184,0.2209,0.465,0.1346,0.6164,5.2633,0.7058,0.724,0.724,0.7058,0.6088,0.7377,0.2209,0.1167,0.1175,0.1237,0.0631,0.8539,0.7019,0.0668,0.8311,0.642
hyperparam,physics,1,1.0,True,True,domain,fused_u,1,f1_optimal_eval,0.7058,0.6536,0.7364,0.1184,0.2209,0.465,0.1346,0.6164,5.2633,0.7058,0.724,0.724,0.7058,0.6088,0.7377,0.2209,0.1167,0.1175,0.1237,0.0631,0.8539,0.7019,0.0668,0.8311,0.642
hyperparam,physics,1,1.0,False,True,domain,fused_u,1,f1_optimal_eval,0.7058,0.6536,0.7364,0.1184,0.2209,0.465,0.1346,0.6164,5.2633,0.7058,0.724,0.724,0.7058,0.6088,0.7377,0.2209,0.1167,0.1175,0.1237,0.0631,0.8539,0.7019,0.0668,0.8311,0.642
hyperparam,physics,1,2.0,True,True,domain,fused_u,1,f1_optimal_eval,0.7058,0.6536,0.7364,0.1184,0.2209,0.465,0.1346,0.6164,5.2633,0.7058,0.724,0.724,0.7058,0.6088,0.7377,0.2209,0.1167,0.1175,0.1237,0.0631,0.8539,0.7019,0.0668,0.8311,0.642
hyperparam,physics,1,2.0,False,True,domain,fused_u,1,f1_optimal_eval,0.7058,0.6536,0.7364,0.1184,0.2209,0.465,0.1346,0.6164,5.2633,0.7058,0.724,0.724,0.7058,0.6088,0.7377,0.2209,0.1167,0.1175,0.1237,0.0631,0.8539,0.7019,0.0668,0.8311,0.642
hyperparam,physics,3,0.1,True,True,domain,fused_u,1,f1_optimal_eval,0.7577,0.7097,0.8027,0.361,0.5558,0.255,0.5792,0.5342,0.5154,0.7577,0.7173,0.7579,0.711,0.6383,0.733,0.5558,0.0,0.0,0.0,0.0,0.0,0.0003,0.0,0.0,0.0
hyperparam,physics,3,0.1,False,True,domain,fused_u,1,f1_optimal_eval,0.711,0.6673,0.7437,0.1106,0.2205,0.56,0.1332,0.6393,5.524,0.711,0.7579,0.7579,0.711,0.6383,0.7756,0.2205,0.0998,0.0999,0.1002,0.0526,1.0,0.9972,0.0527,0.9954,0.9891
hyperparam,physics,3,0.25,True,True,domain,fused_u,1,f1_optimal_eval,0.7622,0.7147,0.8073,0.3356,0.5291,0.295,0.5198,0.5388,0.6609,0.7622,0.7103,0.7325,0.6979,0.6367,0.7415,0.5291,0.438,0.537,0.0603,0.5446,0.5297,0.0245,0.5385,0.032,0.0015
hyperparam,physics,3,0.25,False,True,domain,fused_u,1,f1_optimal_eval,0.6979,0.6623,0.7395,0.1051,0.2217,0.675,0.1347,0.6256,5.336,0.6979,0.7325,0.7325,0.6979,0.6367,0.7573,0.2217,0.0996,0.0996,0.0997,0.0524,1.0,1.0,0.0524,1.0,0.9997
hyperparam,physics,3,0.5,True,True,domain,fused_u,1,f1_optimal_eval,0.7661,0.7178,0.8096,0.3089,0.5077,0.345,0.4874,0.5297,0.7398,0.7661,0.7213,0.7346,0.6986,0.633,0.7461,0.5077,0.2056,0.2164,0.235,0.1276,0.7123,0.2696,0.1409,0.7078,0.2388
hyperparam,physics,3,0.5,False,True,domain,fused_u,1,f1_optimal_eval,0.6986,0.6561,0.7363,0.1081,0.2079,0.8,0.1233,0.6621,6.2516,0.6986,0.7346,0.7346,0.6986,0.633,0.7481,0.2079,0.0996,0.0996,0.0997,0.0524,1.0,1.0,0.0524,1.0,0.9997
hyperparam,physics,3,1.0,True,True,domain,fused_u,1,f1_optimal_eval,0.7575,0.71,0.8004,0.2491,0.4504,0.405,0.4113,0.4977,0.9459,0.7575,0.7362,0.7286,0.6986,0.6253,0.7486,0.4504,0.132,0.1359,0.14,0.0743,0.7991,0.551,0.0768,0.79,0.5255
hyperparam,physics,3,1.0,False,True,domain,fused_u,1,f1_optimal_eval,0.6986,0.6561,0.7363,0.1081,0.1696,0.925,0.0955,0.7534,9.4715,0.6986,0.7286,0.7286,0.6986,0.6253,0.7379,0.1696,0.0996,0.0996,0.0997,0.0524,1.0,1.0,0.0524,1.0,0.9997
hyperparam,physics,3,2.0,True,True,domain,fused_u,1,f1_optimal_eval,0.7297,0.6842,0.772,0.1678,0.2844,0.445,0.1889,0.5753,3.2804,0.7297,0.7292,0.7243,0.6986,0.615,0.7432,0.2844,0.1178,0.1242,0.1248,0.0671,0.8356,0.6433,0.0675,0.8219,0.6281
hyperparam,physics,3,2.0,False,True,domain,fused_u,1,f1_optimal_eval,0.6986,0.6561,0.7363,0.1081,0.1007,0.985,0.0531,0.9817,23.2663,0.6986,0.7243,0.7243,0.6986,0.615,0.726,0.1007,0.0996,0.0996,0.0997,0.0524,1.0,1.0,0.0524,1.0,0.9997
hyperparam,physics,6,0.1,True,True,domain,fused_u,1,f1_optimal_eval,0.7587,0.7093,0.8027,0.4505,0.6376,0.17,0.7905,0.5342,0.188,0.7587,0.7421,0.7641,0.696,0.6808,0.763,0.6376,0.0,0.0,0.0,0.0,0.0,0.0003,0.0,0.0,0.0
hyperparam,physics,6,0.1,False,True,domain,fused_u,1,f1_optimal_eval,0.696,0.6613,0.7383,0.1036,0.2184,0.675,0.1327,0.6164,5.3482,0.696,0.7641,0.7641,0.696,0.6808,0.782,0.2184,0.0996,0.0996,0.0997,0.0524,1.0,1.0,0.0524,1.0,0.9997
hyperparam,physics,6,0.25,True,True,domain,fused_u,1,f1_optimal_eval,0.7684,0.7196,0.8144,0.4633,0.6423,0.23,0.75,0.5616,0.2486,0.7684,0.7332,0.7398,0.6927,0.6723,0.7527,0.6423,0.0,0.0,0.0,0.0,0.0,0.0003,0.0,0.0,0.0
hyperparam,physics,6,0.25,False,True,domain,fused_u,1,f1_optimal_eval,0.6927,0.6576,0.7354,0.1034,0.2097,0.845,0.1252,0.6438,5.9727,0.6927,0.7398,0.7398,0.6927,0.6723,0.7567,0.2097,0.0996,0.0996,0.0997,0.0524,1.0,1.0,0.0524,1.0,0.9997
hyperparam,physics,6,0.5,True,True,domain,fused_u,1,f1_optimal_eval,0.7761,0.7271,0.8203,0.484,0.6215,0.315,0.8148,0.5023,0.1516,0.7761,0.7307,0.7376,0.6876,0.655,0.75,0.6215,0.3452,0.4512,0.581,0.3573,0.6119,0.0609,0.607,0.5571,0.02
hyperparam,physics,6,0.5,False,True,domain,fused_u,1,f1_optimal_eval,0.6876,0.6523,0.7317,0.103,0.1674,0.955,0.0948,0.7123,9.0288,0.6876,0.7376,0.7376,0.6876,0.655,0.7439,0.1674,0.0996,0.0996,0.0997,0.0524,1.0,1.0,0.0524,1.0,0.9997
hyperparam,physics,6,1.0,True,True,domain,fused_u,1,f1_optimal_eval,0.7621,0.7141,0.8054,0.2874,0.4746,0.395,0.427,0.5342,0.952,0.7621,0.7385,0.7286,0.6876,0.6309,0.75,0.4746,0.1336,0.1382,0.1427,0.0756,0.7991,0.5404,0.0785,0.7854,0.5101
hyperparam,physics,6,1.0,False,True,domain,fused_u,1,f1_optimal_eval,0.6876,0.6524,0.7317,0.103,0.0997,0.97,0.0525,1.0,23.9757,0.6876,0.7286,0.7286,0.6876,0.6309,0.7304,0.0997,0.0996,0.0996,0.0997,0.0524,1.0,1.0,0.0524,1.0,0.9997
hyperparam,physics,6,2.0,True,True,domain,fused_u,1,f1_optimal_eval,0.7299,0.6843,0.7724,0.1687,0.2874,0.445,0.192,0.5708,3.1895,0.7299,0.7293,0.7243,0.6876,0.6159,0.7428,0.2874,0.1178,0.1242,0.1248,0.0671,0.8356,0.6427,0.0675,0.8219,0.6281
hyperparam,physics,6,2.0,False,True,domain,fused_u,1,f1_optimal_eval,0.6876,0.6524,0.7317,0.103,0.0997,0.91,0.0525,1.0,23.9879,0.6876,0.7243,0.7243,0.6876,0.6159,0.7257,0.0997,0.0996,0.0996,0.0997,0.0524,1.0,1.0,0.0524,1.0,0.9997
hyperparam,physics,12,0.1,True,True,domain,fused_u,1,f1_optimal_eval,0.7569,0.707,0.7995,0.4482,0.6111,0.115,0.7801,0.5023,0.188,0.7569,0.7687,0.7655,0.6667,0.7193,0.7819,0.6111,0.0,0.0,0.0,0.0,0.0,0.0003,0.0,0.0,0.0
hyperparam,physics,12,0.1,False,True,domain,fused_u,1,f1_optimal_eval,0.6667,0.6221,0.7015,0.0957,0.1934,0.82,0.1157,0.589,5.9788,0.6667,0.7655,0.7655,0.6667,0.7193,0.7707,0.1934,0.0996,0.0996,0.0997,0.0524,1.0,1.0,0.0524,1.0,0.9997
hyperparam,physics,12,0.25,True,True,domain,fused_u,1,f1_optimal_eval,0.7675,0.7175,0.8138,0.4694,0.6349,0.2,0.7547,0.5479,0.2365,0.7675,0.7442,0.7393,0.6606,0.6965,0.7573,0.6349,0.0,0.0,0.0,0.0,0.0,0.0003,0.0,0.0,0.0
hyperparam,physics,12,0.25,False,True,domain,fused_u,1,f1_optimal_eval,0.6606,0.6107,0.6924,0.0965,0.1586,0.965,0.09,0.6667,8.95,0.6606,0.7393,0.7393,0.6606,0.6965,0.7425,0.1586,0.0996,0.0996,0.0997,0.0524,1.0,1.0,0.0524,1.0,0.9997
hyperparam,physics,12,0.5,True,True,domain,fused_u,1,f1_optimal_eval,0.7755,0.7263,0.8205,0.4741,0.6313,0.305,0.8129,0.516,0.1577,0.7755,0.7323,0.7376,0.6544,0.6628,0.7511,0.6313,0.4377,0.5368,0.611,0.5103,0.5662,0.0301,0.8281,0.484,0.0056
hyperparam,physics,12,0.5,False,True,domain,fused_u,1,f1_optimal_eval,0.6544,0.6032,0.6859,0.0955,0.0998,0.98,0.0525,1.0,23.9515,0.6544,0.7376,0.7376,0.6544,0.6628,0.7376,0.0998,0.0996,0.0996,0.0997,0.0524,1.0,1.0,0.0524,1.0,0.9997
hyperparam,physics,12,1.0,True,True,domain,fused_u,1,f1_optimal_eval,0.7622,0.7141,0.8055,0.2882,0.4754,0.395,0.4312,0.5297,0.9277,0.7622,0.7385,0.7286,0.6544,0.6325,0.7501,0.4754,0.1336,0.1382,0.1429,0.0756,0.7991,0.5404,0.0786,0.7854,0.5096
hyperparam,physics,12,1.0,False,True,domain,fused_u,1,f1_optimal_eval,0.6544,0.6033,0.6859,0.0955,0.0997,0.97,0.0525,1.0,23.9757,0.6544,0.7286,0.7286,0.6544,0.6325,0.7293,0.0997,0.0996,0.0996,0.0997,0.0524,1.0,1.0,0.0524,1.0,0.9997
hyperparam,physics,12,2.0,True,True,domain,fused_u,1,f1_optimal_eval,0.7299,0.6842,0.7724,0.1687,0.2874,0.445,0.192,0.5708,3.1895,0.7299,0.7293,0.7243,0.6544,0.617,0.7428,0.2874,0.1178,0.1242,0.1248,0.0671,0.8356,0.6427,0.0675,0.8219,0.6281
hyperparam,physics,12,2.0,False,True,domain,fused_u,1,f1_optimal_eval,0.6544,0.6033,0.6859,0.0955,0.0997,0.91,0.0525,1.0,23.9879,0.6544,0.7243,0.7243,0.6544,0.617,0.725,0.0997,0.0996,0.0996,0.0997,0.0524,1.0,1.0,0.0524,1.0,0.9997
hyperparam,physics,24,0.1,True,True,domain,fused_u,1,f1_optimal_eval,0.7566,0.7061,0.7998,0.4539,0.6044,0.09,0.7586,0.5023,0.2122,0.7566,0.765,0.7655,0.6171,0.7667,0.7747,0.6044,0.0,0.0,0.0,0.0,0.0,0.0003,0.0,0.0,0.0
hyperparam,physics,24,0.1,False,True,domain,fused_u,1,f1_optimal_eval,0.6171,0.5792,0.6611,0.0758,0.1428,0.945,0.0809,0.6073,9.1622,0.6171,0.7655,0.7655,0.6171,0.7667,0.7694,0.1428,0.0996,0.0996,0.0997,0.0524,1.0,1.0,0.0524,1.0,0.9997
hyperparam,physics,24,0.25,True,True,domain,fused_u,1,f1_optimal_eval,0.7676,0.7175,0.8139,0.4835,0.6356,0.195,0.7945,0.5297,0.1819,0.7676,0.7446,0.7393,0.619,0.7073,0.7566,0.6356,0.0,0.0,0.0,0.0,0.0,0.0003,0.0,0.0,0.0
hyperparam,physics,24,0.25,False,True,domain,fused_u,1,f1_optimal_eval,0.619,0.5674,0.652,0.0822,0.1,0.985,0.0526,1.0,23.903,0.619,0.7393,0.7393,0.619,0.7073,0.7413,0.1,0.0996,0.0996,0.0997,0.0524,1.0,1.0,0.0524,1.0,0.9997
hyperparam,physics,24,0.5,True,True,domain,fused_u,1,f1_optimal_eval,0.7755,0.7263,0.8205,0.4763,0.6313,0.305,0.8129,0.516,0.1577,0.7755,0.7323,0.7376,0.6031,0.6646,0.7511,0.6313,0.4416,0.5451,0.6029,0.5254,0.5662,0.0283,0.8254,0.4749,0.0056
hyperparam,physics,24,0.5,False,True,domain,fused_u,1,f1_optimal_eval,0.6031,0.5607,0.6466,0.0753,0.0998,0.98,0.0525,1.0,23.9515,0.6031,0.7376,0.7376,0.6031,0.6646,0.738,0.0998,0.0996,0.0996,0.0997,0.0524,1.0,1.0,0.0524,1.0,0.9997
hyperparam,physics,24,1.0,True,True,domain,fused_u,1,f1_optimal_eval,0.7623,0.7142,0.8054,0.2887,0.4754,0.395,0.4312,0.5297,0.9277,0.7623,0.7385,0.7286,0.6031,0.6338,0.7501,0.4754,0.1336,0.1382,0.1429,0.0756,0.7991,0.5404,0.0786,0.7854,0.5096
hyperparam,physics,24,1.0,False,True,domain,fused_u,1,f1_optimal_eval,0.6031,0.5607,0.6465,0.0753,0.0997,0.97,0.0525,1.0,23.9757,0.6031,0.7286,0.7286,0.6031,0.6338,0.7297,0.0997,0.0996,0.0996,0.0997,0.0524,1.0,1.0,0.0524,1.0,0.9997
hyperparam,physics,24,2.0,True,True,domain,fused_u,1,f1_optimal_eval,0.7299,0.6842,0.7724,0.1687,0.2874,0.445,0.192,0.5708,3.1895,0.7299,0.7293,0.7243,0.6854,0.6183,0.7428,0.2874,0.1178,0.1242,0.1248,0.0671,0.8356,0.6427,0.0675,0.8219,0.6281
hyperparam,physics,24,2.0,False,True,domain,fused_u,1,f1_optimal_eval,0.6854,0.4644,0.5415,0.0874,0.0997,0.91,0.0525,1.0,23.9879,0.6854,0.7243,0.7243,0.6854,0.6183,0.7245,0.0997,0.0996,0.0996,0.0997,0.0524,1.0,1.0,0.0524,1.0,0.9997
hyperparam,composite,1,0.1,True,True,domain,fused_u,1,f1_optimal_eval,0.6855,0.6474,0.7174,0.1239,0.1947,0.53,0.1672,0.2329,1.5402,0.6855,0.7628,0.7628,0.6855,0.5826,0.7728,0.1947,0.1043,0.1164,0.1294,0.062,0.9543,0.7994,0.0696,0.9178,0.6786
hyperparam,composite,1,0.1,False,True,domain,fused_u,1,f1_optimal_eval,0.6855,0.6474,0.7174,0.1239,0.1947,0.53,0.1672,0.2329,1.5402,0.6855,0.7628,0.7628,0.6855,0.5826,0.7728,0.1947,0.1043,0.1164,0.1294,0.062,0.9543,0.7994,0.0696,0.9178,0.6786
hyperparam,composite,1,0.25,True,True,domain,fused_u,1,f1_optimal_eval,0.6855,0.6474,0.7174,0.1239,0.1947,0.53,0.1672,0.2329,1.5402,0.6855,0.7628,0.7628,0.6855,0.5826,0.7728,0.1947,0.1043,0.1164,0.1294,0.062,0.9543,0.7994,0.0696,0.9178,0.6786
hyperparam,composite,1,0.25,False,True,domain,fused_u,1,f1_optimal_eval,0.6855,0.6474,0.7174,0.1239,0.1947,0.53,0.1672,0.2329,1.5402,0.6855,0.7628,0.7628,0.6855,0.5826,0.7728,0.1947,0.1043,0.1164,0.1294,0.062,0.9543,0.7994,0.0696,0.9178,0.6786
hyperparam,composite,1,0.5,True,True,domain,fused_u,1,f1_optimal_eval,0.6855,0.6474,0.7174,0.1239,0.1947,0.53,0.1672,0.2329,1.5402,0.6855,0.7628,0.7628,0.6855,0.5826,0.7728,0.1947,0.1043,0.1164,0.1294,0.062,0.9543,0.7994,0.0696,0.9178,0.6786
hyperparam,composite,1,0.5,False,True,domain,fused_u,1,f1_optimal_eval,0.6855,0.6474,0.7174,0.1239,0.1947,0.53,0.1672,0.2329,1.5402,0.6855,0.7628,0.7628,0.6855,0.5826,0.7728,0.1947,0.1043,0.1164,0.1294,0.062,0.9543,0.7994,0.0696,0.9178,0.6786
hyperparam,composite,1,1.0,True,True,domain,fused_u,1,f1_optimal_eval,0.6855,0.6474,0.7174,0.1239,0.1947,0.53,0.1672,0.2329,1.5402,0.6855,0.7628,0.7628,0.6855,0.5826,0.7728,0.1947,0.1043,0.1164,0.1294,0.062,0.9543,0.7994,0.0696,0.9178,0.6786
hyperparam,composite,1,1.0,False,True,domain,fused_u,1,f1_optimal_eval,0.6855,0.6474,0.7174,0.1239,0.1947,0.53,0.1672,0.2329,1.5402,0.6855,0.7628,0.7628,0.6855,0.5826,0.7728,0.1947,0.1043,0.1164,0.1294,0.062,0.9543,0.7994,0.0696,0.9178,0.6786
hyperparam,composite,1,2.0,True,True,domain,fused_u,1,f1_optimal_eval,0.6855,0.6474,0.7174,0.1239,0.1947,0.53,0.1672,0.2329,1.5402,0.6855,0.7628,0.7628,0.6855,0.5826,0.7728,0.1947,0.1043,0.1164,0.1294,0.062,0.9543,0.7994,0.0696,0.9178,0.6786
hyperparam,composite,1,2.0,False,True,domain,fused_u,1,f1_optimal_eval,0.6855,0.6474,0.7174,0.1239,0.1947,0.53,0.1672,0.2329,1.5402,0.6855,0.7628,0.7628,0.6855,0.5826,0.7728,0.1947,0.1043,0.1164,0.1294,0.062,0.9543,0.7994,0.0696,0.9178,0.6786
hyperparam,composite,3,0.1,True,True,domain,fused_u,1,f1_optimal_eval,0.7597,0.7303,0.7881,0.2469,0.2609,0.305,0.9706,0.1507,0.0061,0.7597,0.8047,0.7907,0.6807,0.6094,0.8168,0.2609,0.0,0.0,0.0,0.0,0.0,0.0,0.0,0.0,0.0
hyperparam,composite,3,0.1,False,True,domain,fused_u,1,f1_optimal_eval,0.6807,0.6429,0.712,0.1823,0.1981,0.615,0.1699,0.2374,1.5402,0.6807,0.7907,0.7907,0.6807,0.6094,0.794,0.1981,0.0996,0.0997,0.0997,0.0524,1.0,0.9997,0.0524,1.0,0.9997
hyperparam,composite,3,0.25,True,True,domain,fused_u,1,f1_optimal_eval,0.7412,0.7089,0.7707,0.2554,0.2619,0.35,1.0,0.1507,0.0,0.7412,0.7976,0.7939,0.6871,0.6085,0.8086,0.2619,0.1934,0.1994,0.0,0.2946,0.1507,0.02,0.0,0.0,0.0
hyperparam,composite,3,0.25,False,True,domain,fused_u,1,f1_optimal_eval,0.6871,0.6497,0.7201,0.1108,0.1947,0.715,0.1672,0.2329,1.5402,0.6871,0.7939,0.7939,0.6871,0.6085,0.7967,0.1947,0.0996,0.0997,0.0997,0.0524,1.0,0.9997,0.0524,1.0,0.9997
hyperparam,composite,3,0.5,True,True,domain,fused_u,1,f1_optimal_eval,0.7273,0.6928,0.7585,0.2549,0.2619,0.4,1.0,0.1507,0.0,0.7273,0.7883,0.7964,0.6907,0.6049,0.8001,0.2619,0.1576,0.2072,0.1968,0.1299,0.5114,0.1895,0.1521,0.2785,0.0859
hyperparam,composite,3,0.5,False,True,domain,fused_u,1,f1_optimal_eval,0.6907,0.6507,0.7201,0.1524,0.1905,0.825,0.159,0.2374,1.6675,0.6907,0.7964,0.7964,0.6907,0.6049,0.7968,0.1905,0.0996,0.0997,0.0997,0.0524,1.0,0.9997,0.0524,1.0,0.9997
hyperparam,composite,3,1.0,True,True,domain,fused_u,1,f1_optimal_eval,0.7019,0.6654,0.7345,0.2674,0.2619,0.46,1.0,0.1507,0.0,0.7019,0.7769,0.7809,0.6907,0.5975,0.7884,0.2619,0.1329,0.135,0.1435,0.0734,0.8356,0.5834,0.0799,0.7032,0.4482
hyperparam,composite,3,1.0,False,True,domain,fused_u,1,f1_optimal_eval,0.6907,0.6507,0.7201,0.1524,0.1724,0.935,0.1338,0.242,2.0798,0.6907,0.7809,0.7809,0.6907,0.5975,0.785,0.1724,0.0996,0.0997,0.0997,0.0524,1.0,0.9997,0.0524,1.0,0.9997
hyperparam,composite,3,2.0,True,True,domain,fused_u,1,f1_optimal_eval,0.6927,0.6558,0.7268,0.2741,0.2752,0.51,0.519,0.1872,0.2304,0.6927,0.7657,0.7626,0.6907,0.5877,0.7758,0.2752,0.1071,0.1255,0.13,0.0672,0.9406,0.7221,0.0703,0.8584,0.6278
hyperparam,composite,3,2.0,False,True,domain,fused_u,1,f1_optimal_eval,0.6907,0.6507,0.7201,0.1524,0.0997,0.91,0.0525,1.0,23.9879,0.6907,0.7626,0.7626,0.6907,0.5877,0.7645,0.0997,0.0996,0.0997,0.0997,0.0524,1.0,0.9997,0.0524,1.0,0.9997
hyperparam,composite,6,0.1,True,True,domain,fused_u,1,f1_optimal_eval,0.7876,0.7556,0.8188,0.2192,0.2843,0.155,0.1949,0.5251,2.8802,0.7876,0.8323,0.8072,0.6713,0.6501,0.8318,0.2843,0.0,0.0,0.0,0.0,0.0,0.0,0.0,0.0,0.0
hyperparam,composite,6,0.1,False,True,domain,fused_u,1,f1_optimal_eval,0.6713,0.6354,0.7044,0.1141,0.1794,0.715,0.1541,0.2146,1.5644,0.6713,0.8072,0.8072,0.6713,0.6501,0.8109,0.1794,0.0996,0.0997,0.0997,0.0524,1.0,0.9997,0.0524,1.0,0.9997
hyperparam,composite,6,0.25,True,True,domain,fused_u,1,f1_optimal_eval,0.7694,0.7383,0.8,0.2267,0.265,0.225,0.1812,0.4932,2.9591,0.7694,0.8203,0.8046,0.6841,0.6419,0.8216,0.265,0.0,0.0,0.0,0.0,0.0,0.0,0.0,0.0,0.0
hyperparam,composite,6,0.25,False,True,domain,fused_u,1,f1_optimal_eval,0.6841,0.6477,0.7144,0.1175,0.1829,0.865,0.1569,0.2192,1.5644,0.6841,0.8046,0.8046,0.6841,0.6419,0.8092,0.1829,0.0996,0.0997,0.0997,0.0524,1.0,0.9997,0.0524,1.0,0.9997
hyperparam,composite,6,0.5,True,True,domain,fused_u,1,f1_optimal_eval,0.7387,0.7052,0.7701,0.2467,0.2464,0.315,0.1805,0.3881,2.3406,0.7387,0.7973,0.7975,0.6858,0.6255,0.8067,0.2464,0.2438,0.1841,0.2268,0.1699,0.2009,0.0543,0.4583,0.1507,0.0099
hyperparam,composite,6,0.5,False,True,domain,fused_u,1,f1_optimal_eval,0.6858,0.6505,0.7152,0.1177,0.1546,0.96,0.1168,0.2283,2.2921,0.6858,0.7975,0.7975,0.6858,0.6255,0.8006,0.1546,0.0996,0.0997,0.0997,0.0524,1.0,0.9997,0.0524,1.0,0.9997
hyperparam,composite,6,1.0,True,True,domain,fused_u,1,f1_optimal_eval,0.7048,0.6688,0.7378,0.2637,0.2598,0.45,0.9429,0.1507,0.0121,0.7048,0.7786,0.7809,0.6858,0.6034,0.7901,0.2598,0.132,0.1382,0.1476,0.0754,0.8265,0.5606,0.0829,0.6712,0.4108
hyperparam,composite,6,1.0,False,True,domain,fused_u,1,f1_optimal_eval,0.6858,0.6505,0.7152,0.1177,0.0997,0.97,0.0525,1.0,23.9757,0.6858,0.7809,0.7809,0.6858,0.6034,0.7825,0.0997,0.0996,0.0997,0.0997,0.0524,1.0,0.9997,0.0524,1.0,0.9997
hyperparam,composite,6,2.0,True,True,domain,fused_u,1,f1_optimal_eval,0.693,0.656,0.7272,0.2735,0.2761,0.51,0.5256,0.1872,0.2244,0.693,0.7659,0.7626,0.6858,0.5887,0.7758,0.2761,0.1072,0.1256,0.1302,0.0673,0.9406,0.7216,0.0705,0.8584,0.6266
hyperparam,composite,6,2.0,False,True,domain,fused_u,1,f1_optimal_eval,0.6858,0.6505,0.7152,0.1177,0.0997,0.91,0.0525,1.0,23.9879,0.6858,0.7626,0.7626,0.6858,0.5887,0.7635,0.0997,0.0996,0.0997,0.0997,0.0524,1.0,0.9997,0.0524,1.0,0.9997
hyperparam,composite,12,0.1,True,True,domain,fused_u,1,f1_optimal_eval,0.8038,0.77,0.8363,0.2992,0.358,0.13,0.375,0.3425,0.758,0.8038,0.8328,0.8515,0.6372,0.6966,0.8327,0.358,0.0,0.0,0.0,0.0,0.0,0.0,0.0,0.0,0.0
hyperparam,composite,12,0.1,False,True,domain,fused_u,1,f1_optimal_eval,0.6372,0.6055,0.6766,0.0849,0.1588,0.84,0.1231,0.2237,2.1162,0.6372,0.8515,0.8515,0.6372,0.6966,0.8521,0.1588,0.0996,0.0997,0.0997,0.0524,1.0,0.9997,0.0524,1.0,0.9997
hyperparam,composite,12,0.25,True,True,domain,fused_u,1,f1_optimal_eval,0.7824,0.7515,0.8124,0.2354,0.276,0.2,0.1962,0.4658,2.5346,0.7824,0.8227,0.8054,0.6525,0.669,0.8247,0.276,0.0,0.0,0.0,0.0,0.0,0.0,0.0,0.0,0.0
hyperparam,composite,12,0.25,False,True,domain,fused_u,1,f1_optimal_eval,0.6525,0.614,0.6865,0.1178,0.1759,0.97,0.1513,0.21,1.5644,0.6525,0.8054,0.8054,0.6525,0.669,0.8078,0.1759,0.0996,0.0997,0.0997,0.0524,1.0,0.9997,0.0524,1.0,0.9997
hyperparam,composite,12,0.5,True,True,domain,fused_u,1,f1_optimal_eval,0.7405,0.7075,0.772,0.251,0.2472,0.3,0.1701,0.4521,2.9288,0.7405,0.7999,0.7975,0.6537,0.6336,0.8078,0.2472,0.2419,0.202,0.2122,0.2193,0.1872,0.0369,1.0,0.1187,0.0
hyperparam,composite,12,0.5,False,True,domain,fused_u,1,f1_optimal_eval,0.6537,0.6148,0.6864,0.1022,0.0998,0.98,0.0525,1.0,23.9515,0.6537,0.7975,0.7975,0.6537,0.6336,0.7971,0.0998,0.0996,0.0997,0.0997,0.0524,1.0,0.9997,0.0524,1.0,0.9997
hyperparam,composite,12,1.0,True,True,domain,fused_u,1,f1_optimal_eval,0.7048,0.6688,0.7376,0.2639,0.2609,0.45,0.9706,0.1507,0.0061,0.7048,0.7787,0.7809,0.6537,0.605,0.7901,0.2609,0.1322,0.1385,0.147,0.0756,0.8265,0.5594,0.0826,0.6667,0.4096
hyperparam,composite,12,1.0,False,True,domain,fused_u,1,f1_optimal_eval,0.6537,0.6148,0.6864,0.1022,0.0997,0.97,0.0525,1.0,23.9757,0.6537,0.7809,0.7809,0.6537,0.605,0.782,0.0997,0.0996,0.0997,0.0997,0.0524,1.0,0.9997,0.0524,1.0,0.9997
hyperparam,composite,12,2.0,True,True,domain,fused_u,1,f1_optimal_eval,0.693,0.656,0.7272,0.2735,0.2761,0.51,0.5256,0.1872,0.2244,0.693,0.7659,0.7626,0.6537,0.5899,0.7758,0.2761,0.1072,0.1256,0.1302,0.0673,0.9406,0.7216,0.0705,0.8584,0.6266
hyperparam,composite,12,2.0,False,True,domain,fused_u,1,f1_optimal_eval,0.6537,0.6148,0.6864,0.1022,0.0997,0.91,0.0525,1.0,23.9879,0.6537,0.7626,0.7626,0.6537,0.5899,0.7636,0.0997,0.0996,0.0997,0.0997,0.0524,1.0,0.9997,0.0524,1.0,0.9997
hyperparam,composite,24,0.1,True,True,domain,fused_u,1,f1_optimal_eval,0.8035,0.7684,0.837,0.3845,0.4686,0.11,0.8452,0.3242,0.0788,0.8035,0.8272,0.8505,0.6072,0.7483,0.8273,0.4686,0.0,0.0,0.0,0.0,0.0,0.0,0.0,0.0,0.0
hyperparam,composite,24,0.1,False,True,domain,fused_u,1,f1_optimal_eval,0.6072,0.5647,0.6414,0.1451,0.1277,0.95,0.0926,0.2055,2.6741,0.6072,0.8505,0.8505,0.6072,0.7483,0.8552,0.1277,0.0996,0.0997,0.0997,0.0524,1.0,0.9997,0.0524,1.0,0.9997
hyperparam,composite,24,0.25,True,True,domain,fused_u,1,f1_optimal_eval,0.7845,0.7529,0.8147,0.2402,0.2817,0.21,0.2491,0.3242,1.2976,0.7845,0.8222,0.8054,0.602,0.6788,0.8248,0.2817,0.0,0.0,0.0,0.0,0.0,0.0,0.0,0.0,0.0
hyperparam,composite,24,0.25,False,True,domain,fused_u,1,f1_optimal_eval,0.602,0.5598,0.6382,0.0942,0.1,0.985,0.0526,1.0,23.903,0.602,0.8054,0.8054,0.602,0.6788,0.8069,0.1,0.0996,0.0997,0.0997,0.0524,1.0,0.9997,0.0524,1.0,0.9997
hyperparam,composite,24,0.5,True,True,domain,fused_u,1,f1_optimal_eval,0.7406,0.7075,0.7721,0.2517,0.2491,0.3,0.1719,0.4521,2.8924,0.7406,0.7999,0.7975,0.6018,0.6356,0.8078,0.2491,0.2358,0.204,0.1826,0.224,0.1872,0.0359,1.0,0.1005,0.0
hyperparam,composite,24,0.5,False,True,domain,fused_u,1,f1_optimal_eval,0.6018,0.5581,0.6383,0.0906,0.0998,0.98,0.0525,1.0,23.9515,0.6018,0.7975,0.7975,0.6018,0.6356,0.797,0.0998,0.0996,0.0997,0.0997,0.0524,1.0,0.9997,0.0524,1.0,0.9997
hyperparam,composite,24,1.0,True,True,domain,fused_u,1,f1_optimal_eval,0.7048,0.6688,0.7376,0.2639,0.2609,0.45,0.9706,0.1507,0.0061,0.7048,0.7787,0.7809,0.6018,0.6066,0.7901,0.2609,0.1322,0.1385,0.147,0.0756,0.8265,0.5594,0.0826,0.6667,0.4096
hyperparam,composite,24,1.0,False,True,domain,fused_u,1,f1_optimal_eval,0.6018,0.5581,0.6383,0.0906,0.0997,0.97,0.0525,1.0,23.9757,0.6018,0.7809,0.7809,0.6018,0.6066,0.782,0.0997,0.0996,0.0997,0.0997,0.0524,1.0,0.9997,0.0524,1.0,0.9997
hyperparam,composite,24,2.0,True,True,domain,fused_u,1,f1_optimal_eval,0.693,0.656,0.7272,0.2735,0.2761,0.51,0.5256,0.1872,0.2244,0.693,0.7659,0.7626,0.6854,0.5915,0.7758,0.2761,0.1072,0.1256,0.1302,0.0673,0.9406,0.7216,0.0705,0.8584,0.6266
hyperparam,composite,24,2.0,False,True,domain,fused_u,1,f1_optimal_eval,0.6854,0.4644,0.5415,0.0874,0.0997,0.91,0.0525,1.0,23.9879,0.6854,0.7626,0.7626,0.6854,0.5915,0.7634,0.0997,0.0996,0.0997,0.0997,0.0524,1.0,0.9997,0.0524,1.0,0.9997
hyperparam,historical,1,0.1,True,True,calibration_percentile,fused_u,1,f1_optimal_eval,0.7347,0.7034,0.7646,0.11,0.2086,0.465,0.1247,0.6393,5.9606,0.7347,0.8067,0.8067,0.7347,0.619,0.8045,0.2086,0.1106,0.115,0.1176,0.0612,0.9543,0.8103,0.0627,0.9452,0.782
hyperparam,historical,1,0.1,False,True,calibration_percentile,fused_u,1,f1_optimal_eval,0.7347,0.7034,0.7646,0.11,0.2086,0.465,0.1247,0.6393,5.9606,0.7347,0.8067,0.8067,0.7347,0.619,0.8045,0.2086,0.1106,0.115,0.1176,0.0612,0.9543,0.8103,0.0627,0.9452,0.782
hyperparam,historical,1,0.25,True,True,calibration_percentile,fused_u,1,f1_optimal_eval,0.7347,0.7034,0.7646,0.11,0.2086,0.465,0.1247,0.6393,5.9606,0.7347,0.8067,0.8067,0.7347,0.619,0.8045,0.2086,0.1106,0.115,0.1176,0.0612,0.9543,0.8103,0.0627,0.9452,0.782
hyperparam,historical,1,0.25,False,True,calibration_percentile,fused_u,1,f1_optimal_eval,0.7347,0.7034,0.7646,0.11,0.2086,0.465,0.1247,0.6393,5.9606,0.7347,0.8067,0.8067,0.7347,0.619,0.8045,0.2086,0.1106,0.115,0.1176,0.0612,0.9543,0.8103,0.0627,0.9452,0.782
hyperparam,historical,1,0.5,True,True,calibration_percentile,fused_u,1,f1_optimal_eval,0.7347,0.7034,0.7646,0.11,0.2086,0.465,0.1247,0.6393,5.9606,0.7347,0.8067,0.8067,0.7347,0.619,0.8045,0.2086,0.1106,0.115,0.1176,0.0612,0.9543,0.8103,0.0627,0.9452,0.782
hyperparam,historical,1,0.5,False,True,calibration_percentile,fused_u,1,f1_optimal_eval,0.7347,0.7034,0.7646,0.11,0.2086,0.465,0.1247,0.6393,5.9606,0.7347,0.8067,0.8067,0.7347,0.619,0.8045,0.2086,0.1106,0.115,0.1176,0.0612,0.9543,0.8103,0.0627,0.9452,0.782
hyperparam,historical,1,1.0,True,True,calibration_percentile,fused_u,1,f1_optimal_eval,0.7347,0.7034,0.7646,0.11,0.2086,0.465,0.1247,0.6393,5.9606,0.7347,0.8067,0.8067,0.7347,0.619,0.8045,0.2086,0.1106,0.115,0.1176,0.0612,0.9543,0.8103,0.0627,0.9452,0.782
hyperparam,historical,1,1.0,False,True,calibration_percentile,fused_u,1,f1_optimal_eval,0.7347,0.7034,0.7646,0.11,0.2086,0.465,0.1247,0.6393,5.9606,0.7347,0.8067,0.8067,0.7347,0.619,0.8045,0.2086,0.1106,0.115,0.1176,0.0612,0.9543,0.8103,0.0627,0.9452,0.782
hyperparam,historical,1,2.0,True,True,calibration_percentile,fused_u,1,f1_optimal_eval,0.7347,0.7034,0.7646,0.11,0.2086,0.465,0.1247,0.6393,5.9606,0.7347,0.8067,0.8067,0.7347,0.619,0.8045,0.2086,0.1106,0.115,0.1176,0.0612,0.9543,0.8103,0.0627,0.9452,0.782
hyperparam,historical,1,2.0,False,True,calibration_percentile,fused_u,1,f1_optimal_eval,0.7347,0.7034,0.7646,0.11,0.2086,0.465,0.1247,0.6393,5.9606,0.7347,0.8067,0.8067,0.7347,0.619,0.8045,0.2086,0.1106,0.115,0.1176,0.0612,0.9543,0.8103,0.0627,0.9452,0.782
hyperparam,historical,3,0.1,True,True,calibration_percentile,fused_u,1,f1_optimal_eval,0.8253,0.7889,0.86,0.3448,0.5293,0.255,0.5041,0.5571,0.7276,0.8253,0.845,0.8149,0.7286,0.6468,0.8426,0.5293,0.0,0.0,0.0,0.0,0.0,0.0,0.0,0.0,0.0
hyperparam,historical,3,0.1,False,True,calibration_percentile,fused_u,1,f1_optimal_eval,0.7286,0.702,0.7634,0.1029,0.2096,0.56,0.1242,0.6712,6.288,0.7286,0.8149,0.8149,0.7286,0.6468,0.8197,0.2096,0.0997,0.0997,0.0998,0.0525,1.0,0.999,0.0525,1.0,0.9977
hyperparam,historical,3,0.25,True,True,calibration_percentile,fused_u,1,f1_optimal_eval,0.8281,0.7928,0.8629,0.3238,0.501,0.295,0.4522,0.5616,0.9035,0.8281,0.8465,0.817,0.7261,0.6456,0.8454,0.501,0.4917,0.1899,0.0439,0.2712,0.1461,0.0217,0.5556,0.0228,0.001
hyperparam,historical,3,0.25,False,True,calibration_percentile,fused_u,1,f1_optimal_eval,0.7261,0.7027,0.7634,0.1022,0.2104,0.675,0.1254,0.653,6.0455,0.7261,0.817,0.817,0.7261,0.6456,0.8276,0.2104,0.0996,0.0997,0.0997,0.0524,1.0,0.9997,0.0524,1.0,0.9997
hyperparam,historical,3,0.5,True,True,calibration_percentile,fused_u,1,f1_optimal_eval,0.83,0.7958,0.8626,0.2978,0.4762,0.345,0.4211,0.5479,1.0005,0.83,0.846,0.8255,0.7246,0.6423,0.8444,0.4762,0.2055,0.2215,0.2744,0.1288,0.79,0.2956,0.1667,0.7763,0.2148
hyperparam,historical,3,0.5,False,True,calibration_percentile,fused_u,1,f1_optimal_eval,0.7246,0.7002,0.7632,0.1021,0.1971,0.8,0.1144,0.7123,7.3249,0.7246,0.8255,0.8255,0.7246,0.6423,0.8339,0.1971,0.0996,0.0997,0.0997,0.0524,1.0,0.9997,0.0524,1.0,0.9997
hyperparam,historical,3,1.0,True,True,calibration_percentile,fused_u,1,f1_optimal_eval,0.814,0.78,0.8462,0.2366,0.4234,0.405,0.3613,0.5114,1.2006,0.814,0.8293,0.814,0.7246,0.6347,0.8308,0.4234,0.1286,0.1335,0.1388,0.072,0.9178,0.6549,0.0752,0.9087,0.6187
hyperparam,historical,3,1.0,False,True,calibration_percentile,fused_u,1,f1_optimal_eval,0.7246,0.7002,0.7632,0.1021,0.1677,0.925,0.0933,0.8265,10.666,0.7246,0.814,0.814,0.7246,0.6347,0.8215,0.1677,0.0996,0.0997,0.0997,0.0524,1.0,0.9997,0.0524,1.0,0.9997
hyperparam,historical,3,2.0,True,True,calibration_percentile,fused_u,1,f1_optimal_eval,0.7756,0.743,0.8057,0.1599,0.2661,0.445,0.1715,0.5936,3.808,0.7756,0.8131,0.8067,0.7246,0.6251,0.8136,0.2661,0.1156,0.1175,0.1214,0.0627,0.9452,0.7825,0.0649,0.9406,0.7499
hyperparam,historical,3,2.0,False,True,calibration_percentile,fused_u,1,f1_optimal_eval,0.7246,0.7002,0.7632,0.1021,0.101,0.985,0.0532,1.0,23.6362,0.7246,0.8067,0.8067,0.7246,0.6251,0.8071,0.101,0.0996,0.0997,0.0997,0.0524,1.0,0.9997,0.0524,1.0,0.9997
hyperparam,historical,6,0.1,True,True,calibration_percentile,fused_u,1,f1_optimal_eval,0.8346,0.7999,0.8701,0.4883,0.6371,0.17,0.7439,0.5571,0.2547,0.8346,0.8636,0.8313,0.7268,0.6867,0.8575,0.6371,0.0,0.0,0.0,0.0,0.0,0.0,0.0,0.0,0.0
hyperparam,historical,6,0.1,False,True,calibration_percentile,fused_u,1,f1_optimal_eval,0.7268,0.7026,0.7618,0.1042,0.2091,0.675,0.1247,0.6484,6.0455,0.7268,0.8313,0.8313,0.7268,0.6867,0.8435,0.2091,0.0996,0.0997,0.0997,0.0524,1.0,0.9997,0.0524,1.0,0.9997
hyperparam,historical,6,0.25,True,True,calibration_percentile,fused_u,1,f1_optimal_eval,0.8416,0.8071,0.8749,0.4957,0.6234,0.235,0.7229,0.5479,0.2789,0.8416,0.8613,0.8417,0.727,0.6793,0.8569,0.6234,0.0,0.0,0.0,0.0,0.0,0.0,0.0,0.0,0.0
hyperparam,historical,6,0.25,False,True,calibration_percentile,fused_u,1,f1_optimal_eval,0.727,0.7039,0.7625,0.1043,0.2017,0.845,0.118,0.6941,6.8883,0.727,0.8417,0.8417,0.727,0.6793,0.8522,0.2017,0.0996,0.0997,0.0997,0.0524,1.0,0.9997,0.0524,1.0,0.9997
hyperparam,historical,6,0.5,True,True,calibration_percentile,fused_u,1,f1_optimal_eval,0.8432,0.8073,0.8762,0.4721,0.6059,0.315,0.7338,0.516,0.2486,0.8432,0.8571,0.8302,0.7259,0.6635,0.8538,0.6059,0.3682,0.4592,0.5955,0.3613,0.6301,0.0616,0.6522,0.5479,0.0162
hyperparam,historical,6,0.5,False,True,calibration_percentile,fused_u,1,f1_optimal_eval,0.7259,0.7026,0.761,0.1042,0.1667,0.955,0.0933,0.7808,10.0778,0.7259,0.8302,0.8302,0.7259,0.6635,0.8342,0.1667,0.0996,0.0997,0.0997,0.0524,1.0,0.9997,0.0524,1.0,0.9997
hyperparam,historical,6,1.0,True,True,calibration_percentile,fused_u,1,f1_optimal_eval,0.8214,0.787,0.8539,0.2732,0.4428,0.395,0.3715,0.5479,1.2309,0.8214,0.833,0.814,0.7259,0.6407,0.8338,0.4428,0.132,0.1366,0.141,0.0738,0.9178,0.6372,0.0765,0.895,0.5975
hyperparam,historical,6,1.0,False,True,calibration_percentile,fused_u,1,f1_optimal_eval,0.7259,0.7026,0.761,0.1042,0.0997,0.97,0.0525,1.0,23.9757,0.7259,0.814,0.814,0.7259,0.6407,0.816,0.0997,0.0996,0.0997,0.0997,0.0524,1.0,0.9997,0.0524,1.0,0.9997
hyperparam,historical,6,2.0,True,True,calibration_percentile,fused_u,1,f1_optimal_eval,0.7761,0.7434,0.8062,0.1608,0.2675,0.445,0.1734,0.5845,3.6988,0.7761,0.8131,0.8067,0.7259,0.6259,0.8136,0.2675,0.1156,0.1177,0.1217,0.0628,0.9452,0.7809,0.0651,0.9406,0.7479
hyperparam,historical,6,2.0,False,True,calibration_percentile,fused_u,1,f1_optimal_eval,0.7259,0.7026,0.761,0.1042,0.0997,0.91,0.0525,1.0,23.9879,0.7259,0.8067,0.8067,0.7259,0.6259,0.8076,0.0997,0.0996,0.0997,0.0997,0.0524,1.0,0.9997,0.0524,1.0,0.9997
hyperparam,historical,12,0.1,True,True,calibration_percentile,fused_u,1,f1_optimal_eval,0.8408,0.8071,0.8747,0.4948,0.6205,0.11,0.7076,0.5525,0.3032,0.8408,0.8937,0.8699,0.7078,0.7317,0.8845,0.6205,0.0,0.0,0.0,0.0,0.0,0.0,0.0,0.0,0.0
hyperparam,historical,12,0.1,False,True,calibration_percentile,fused_u,1,f1_optimal_eval,0.7078,0.6692,0.7349,0.0982,0.1874,0.82,0.1098,0.6393,6.8823,0.7078,0.8699,0.8699,0.7078,0.7317,0.8777,0.1874,0.0996,0.0997,0.0997,0.0524,1.0,0.9997,0.0524,1.0,0.9997
hyperparam,historical,12,0.25,True,True,calibration_percentile,fused_u,1,f1_optimal_eval,0.8443,0.8098,0.8775,0.5054,0.6287,0.205,0.7733,0.5297,0.2062,0.8443,0.8733,0.8454,0.6972,0.7068,0.866,0.6287,0.0,0.0,0.0,0.0,0.0,0.0,0.0,0.0,0.0
hyperparam,historical,12,0.25,False,True,calibration_percentile,fused_u,1,f1_optimal_eval,0.6972,0.6659,0.7312,0.0944,0.1598,0.965,0.0896,0.7397,9.9869,0.6972,0.8454,0.8454,0.6972,0.7068,0.8492,0.1598,0.0996,0.0997,0.0997,0.0524,1.0,0.9997,0.0524,1.0,0.9997
hyperparam,historical,12,0.5,True,True,calibration_percentile,fused_u,1,f1_optimal_eval,0.8442,0.8085,0.8769,0.4863,0.6105,0.305,0.7205,0.5297,0.2729,0.8442,0.8594,0.8302,0.6949,0.6717,0.8555,0.6105,0.4568,0.5721,0.5621,0.5644,0.5799,0.0248,0.7983,0.4338,0.0061
hyperparam,historical,12,0.5,False,True,calibration_percentile,fused_u,1,f1_optimal_eval,0.6949,0.6643,0.7305,0.0938,0.0998,0.98,0.0525,1.0,23.9515,0.6949,0.8302,0.8302,0.6949,0.6717,0.8304,0.0998,0.0996,0.0997,0.0997,0.0524,1.0,0.9997,0.0524,1.0,0.9997
hyperparam,historical,12,1.0,True,True,calibration_percentile,fused_u,1,f1_optimal_eval,0.8216,0.7871,0.8541,0.274,0.4432,0.395,0.3742,0.5434,1.2067,0.8216,0.8331,0.814,0.6949,0.6424,0.8339,0.4432,0.1322,0.1367,0.1413,0.0739,0.9178,0.6367,0.0767,0.895,0.5963
hyperparam,historical,12,1.0,False,True,calibration_percentile,fused_u,1,f1_optimal_eval,0.6949,0.6643,0.7305,0.0938,0.0997,0.97,0.0525,1.0,23.9757,0.6949,0.814,0.814,0.6949,0.6424,0.8153,0.0997,0.0996,0.0997,0.0997,0.0524,1.0,0.9997,0.0524,1.0,0.9997
hyperparam,historical,12,2.0,True,True,calibration_percentile,fused_u,1,f1_optimal_eval,0.7761,0.7434,0.8061,0.1608,0.2675,0.445,0.1734,0.5845,3.6988,0.7761,0.8131,0.8067,0.6949,0.6272,0.8136,0.2675,0.1156,0.1177,0.1217,0.0628,0.9452,0.7809,0.0651,0.9406,0.7479
hyperparam,historical,12,2.0,False,True,calibration_percentile,fused_u,1,f1_optimal_eval,0.6949,0.6643,0.7305,0.0938,0.0997,0.91,0.0525,1.0,23.9879,0.6949,0.8067,0.8067,0.6949,0.6272,0.8073,0.0997,0.0996,0.0997,0.0997,0.0524,1.0,0.9997,0.0524,1.0,0.9997
hyperparam,historical,24,0.1,True,True,calibration_percentile,fused_u,1,f1_optimal_eval,0.8415,0.8081,0.8755,0.5022,0.6138,0.09,0.7296,0.5297,0.2607,0.8415,0.9086,0.8722,0.6379,0.7875,0.8988,0.6138,0.0,0.0,0.0,0.0,0.0,0.0,0.0,0.0,0.0
hyperparam,historical,24,0.1,False,True,calibration_percentile,fused_u,1,f1_optimal_eval,0.6379,0.605,0.6756,0.0764,0.1448,0.945,0.0809,0.6849,10.3264,0.6379,0.8722,0.8722,0.6379,0.7875,0.8782,0.1448,0.0996,0.0997,0.0997,0.0524,1.0,0.9997,0.0524,1.0,0.9997
hyperparam,historical,24,0.25,True,True,calibration_percentile,fused_u,1,f1_optimal_eval,0.8447,0.81,0.8777,0.5215,0.6299,0.195,0.7407,0.5479,0.2547,0.8447,0.8741,0.8454,0.6359,0.7188,0.8664,0.6299,0.0,0.0,0.0,0.0,0.0,0.0,0.0,0.0,0.0
hyperparam,historical,24,0.25,False,True,calibration_percentile,fused_u,1,f1_optimal_eval,0.6359,0.5984,0.671,0.0773,0.1,0.985,0.0526,1.0,23.903,0.6359,0.8454,0.8454,0.6359,0.7188,0.8475,0.1,0.0996,0.0997,0.0997,0.0524,1.0,0.9997,0.0524,1.0,0.9997
hyperparam,historical,24,0.5,True,True,calibration_percentile,fused_u,1,f1_optimal_eval,0.8443,0.8086,0.8771,0.4903,0.6121,0.305,0.725,0.5297,0.2668,0.8443,0.8594,0.8302,0.6301,0.6738,0.8556,0.6121,0.4628,0.5786,0.5509,0.5773,0.5799,0.0235,0.8,0.4201,0.0058
hyperparam,historical,24,0.5,False,True,calibration_percentile,fused_u,1,f1_optimal_eval,0.6301,0.5998,0.6714,0.075,0.0998,0.98,0.0525,1.0,23.9515,0.6301,0.8302,0.8302,0.6301,0.6738,0.8314,0.0998,0.0996,0.0997,0.0997,0.0524,1.0,0.9997,0.0524,1.0,0.9997
hyperparam,historical,24,1.0,True,True,calibration_percentile,fused_u,1,f1_optimal_eval,0.8216,0.7871,0.8541,0.274,0.4432,0.395,0.3742,0.5434,1.2067,0.8216,0.8331,0.814,0.6301,0.6438,0.8339,0.4432,0.1322,0.1367,0.1413,0.0739,0.9178,0.6367,0.0767,0.895,0.5963
hyperparam,historical,24,1.0,False,True,calibration_percentile,fused_u,1,f1_optimal_eval,0.6301,0.5998,0.6714,0.075,0.0997,0.97,0.0525,1.0,23.9757,0.6301,0.814,0.814,0.6301,0.6438,0.8154,0.0997,0.0996,0.0997,0.0997,0.0524,1.0,0.9997,0.0524,1.0,0.9997
hyperparam,historical,24,2.0,True,True,calibration_percentile,fused_u,1,f1_optimal_eval,0.7761,0.7434,0.8061,0.1607,0.2675,0.445,0.1734,0.5845,3.6988,0.7761,0.8131,0.8067,0.6854,0.6287,0.8136,0.2675,0.1156,0.1177,0.1217,0.0628,0.9452,0.7809,0.0651,0.9406,0.7479
hyperparam,historical,24,2.0,False,True,calibration_percentile,fused_u,1,f1_optimal_eval,0.6854,0.4644,0.5415,0.0874,0.0997,0.91,0.0525,1.0,23.9879,0.6854,0.8067,0.8067,0.6854,0.6287,0.8073,0.0997,0.0996,0.0997,0.0997,0.0524,1.0,0.9997,0.0524,1.0,0.9997
hyperparam,physics,1,0.1,True,True,calibration_percentile,fused_u,1,f1_optimal_eval,0.6847,0.4605,0.5387,0.0873,0.0996,0.01,0.0524,1.0,24.0,0.6847,0.5666,0.5666,0.6847,0.5818,0.5666,0.0996,0.0996,0.0996,0.0996,0.0524,1.0,1.0,0.0524,1.0,1.0
hyperparam,physics,1,0.1,False,True,calibration_percentile,fused_u,1,f1_optimal_eval,0.6847,0.4605,0.5387,0.0873,0.0996,0.01,0.0524,1.0,24.0,0.6847,0.5666,0.5666,0.6847,0.5818,0.5666,0.0996,0.0996,0.0996,0.0996,0.0524,1.0,1.0,0.0524,1.0,1.0
hyperparam,physics,1,0.25,True,True,calibration_percentile,fused_u,1,f1_optimal_eval,0.6847,0.4605,0.5387,0.0873,0.0996,0.01,0.0524,1.0,24.0,0.6847,0.5666,0.5666,0.6847,0.5818,0.5666,0.0996,0.0996,0.0996,0.0996,0.0524,1.0,1.0,0.0524,1.0,1.0
hyperparam,physics,1,0.25,False,True,calibration_percentile,fused_u,1,f1_optimal_eval,0.6847,0.4605,0.5387,0.0873,0.0996,0.01,0.0524,1.0,24.0,0.6847,0.5666,0.5666,0.6847,0.5818,0.5666,0.0996,0.0996,0.0996,0.0996,0.0524,1.0,1.0,0.0524,1.0,1.0
hyperparam,physics,1,0.5,True,True,calibration_percentile,fused_u,1,f1_optimal_eval,0.6847,0.4605,0.5387,0.0873,0.0996,0.01,0.0524,1.0,24.0,0.6847,0.5666,0.5666,0.6847,0.5818,0.5666,0.0996,0.0996,0.0996,0.0996,0.0524,1.0,1.0,0.0524,1.0,1.0
hyperparam,physics,1,0.5,False,True,calibration_percentile,fused_u,1,f1_optimal_eval,0.6847,0.4605,0.5387,0.0873,0.0996,0.01,0.0524,1.0,24.0,0.6847,0.5666,0.5666,0.6847,0.5818,0.5666,0.0996,0.0996,0.0996,0.0996,0.0524,1.0,1.0,0.0524,1.0,1.0
hyperparam,physics,1,1.0,True,True,calibration_percentile,fused_u,1,f1_optimal_eval,0.6847,0.4605,0.5387,0.0873,0.0996,0.01,0.0524,1.0,24.0,0.6847,0.5666,0.5666,0.6847,0.5818,0.5666,0.0996,0.0996,0.0996,0.0996,0.0524,1.0,1.0,0.0524,1.0,1.0
hyperparam,physics,1,1.0,False,True,calibration_percentile,fused_u,1,f1_optimal_eval,0.6847,0.4605,0.5387,0.0873,0.0996,0.01,0.0524,1.0,24.0,0.6847,0.5666,0.5666,0.6847,0.5818,0.5666,0.0996,0.0996,0.0996,0.0996,0.0524,1.0,1.0,0.0524,1.0,1.0
hyperparam,physics,1,2.0,True,True,calibration_percentile,fused_u,1,f1_optimal_eval,0.6847,0.4605,0.5387,0.0873,0.0996,0.01,0.0524,1.0,24.0,0.6847,0.5666,0.5666,0.6847,0.5818,0.5666,0.0996,0.0996,0.0996,0.0996,0.0524,1.0,1.0,0.0524,1.0,1.0
hyperparam,physics,1,2.0,False,True,calibration_percentile,fused_u,1,f1_optimal_eval,0.6847,0.4605,0.5387,0.0873,0.0996,0.01,0.0524,1.0,24.0,0.6847,0.5666,0.5666,0.6847,0.5818,0.5666,0.0996,0.0996,0.0996,0.0996,0.0524,1.0,1.0,0.0524,1.0,1.0
hyperparam,physics,3,0.1,True,True,calibration_percentile,fused_u,1,f1_optimal_eval,0.6847,0.4605,0.5387,0.0873,0.0996,0.01,0.0524,1.0,24.0,0.6847,0.5873,0.5805,0.6847,0.6069,0.5873,0.0996,0.0996,0.0996,0.0996,0.0524,1.0,1.0,0.0524,1.0,1.0
hyperparam,physics,3,0.1,False,True,calibration_percentile,fused_u,1,f1_optimal_eval,0.6847,0.4605,0.5387,0.0873,0.0996,0.01,0.0524,1.0,24.0,0.6847,0.5805,0.5805,0.6847,0.6069,0.5805,0.0996,0.0996,0.0996,0.0996,0.0524,1.0,1.0,0.0524,1.0,1.0
hyperparam,physics,3,0.25,True,True,calibration_percentile,fused_u,1,f1_optimal_eval,0.6847,0.4605,0.5387,0.0873,0.0996,0.01,0.0524,1.0,24.0,0.6847,0.5834,0.5715,0.6847,0.6061,0.5834,0.0996,0.0996,0.0996,0.0996,0.0524,1.0,1.0,0.0524,1.0,1.0
hyperparam,physics,3,0.25,False,True,calibration_percentile,fused_u,1,f1_optimal_eval,0.6847,0.4605,0.5387,0.0873,0.0996,0.01,0.0524,1.0,24.0,0.6847,0.5715,0.5715,0.6847,0.6061,0.5715,0.0996,0.0996,0.0996,0.0996,0.0524,1.0,1.0,0.0524,1.0,1.0
hyperparam,physics,3,0.5,True,True,calibration_percentile,fused_u,1,f1_optimal_eval,0.6847,0.4605,0.5387,0.0873,0.0996,0.01,0.0524,1.0,24.0,0.6847,0.5826,0.5705,0.6847,0.6031,0.5826,0.0996,0.0996,0.0996,0.0996,0.0524,1.0,1.0,0.0524,1.0,1.0
hyperparam,physics,3,0.5,False,True,calibration_percentile,fused_u,1,f1_optimal_eval,0.6847,0.4605,0.5387,0.0873,0.0996,0.01,0.0524,1.0,24.0,0.6847,0.5705,0.5705,0.6847,0.6031,0.5705,0.0996,0.0996,0.0996,0.0996,0.0524,1.0,1.0,0.0524,1.0,1.0
hyperparam,physics,3,1.0,True,True,calibration_percentile,fused_u,1,f1_optimal_eval,0.6847,0.4605,0.5387,0.0873,0.0996,0.01,0.0524,1.0,24.0,0.6847,0.5734,0.5699,0.6847,0.5958,0.5734,0.0996,0.0996,0.0996,0.0996,0.0524,1.0,1.0,0.0524,1.0,1.0
hyperparam,physics,3,1.0,False,True,calibration_percentile,fused_u,1,f1_optimal_eval,0.6847,0.4605,0.5387,0.0873,0.0996,0.01,0.0524,1.0,24.0,0.6847,0.5699,0.5699,0.6847,0.5958,0.5699,0.0996,0.0996,0.0996,0.0996,0.0524,1.0,1.0,0.0524,1.0,1.0
hyperparam,physics,3,2.0,True,True,calibration_percentile,fused_u,1,f1_optimal_eval,0.6847,0.4605,0.5387,0.0873,0.0996,0.01,0.0524,1.0,24.0,0.6847,0.5705,0.5646,0.6847,0.5863,0.5705,0.0996,0.0996,0.0996,0.0996,0.0524,1.0,1.0,0.0524,1.0,1.0
hyperparam,physics,3,2.0,False,True,calibration_percentile,fused_u,1,f1_optimal_eval,0.6847,0.4605,0.5387,0.0873,0.0996,0.01,0.0524,1.0,24.0,0.6847,0.5646,0.5646,0.6847,0.5863,0.5646,0.0996,0.0996,0.0996,0.0996,0.0524,1.0,1.0,0.0524,1.0,1.0
hyperparam,physics,6,0.1,True,True,calibration_percentile,fused_u,1,f1_optimal_eval,0.6847,0.4605,0.5387,0.0873,0.0996,0.01,0.0524,1.0,24.0,0.6847,0.6073,0.5816,0.6847,0.6511,0.6073,0.0996,0.0996,0.0996,0.0996,0.0524,1.0,1.0,0.0524,1.0,1.0
hyperparam,physics,6,0.1,False,True,calibration_percentile,fused_u,1,f1_optimal_eval,0.6847,0.4605,0.5387,0.0873,0.0996,0.01,0.0524,1.0,24.0,0.6847,0.5816,0.5816,0.6847,0.6511,0.5816,0.0996,0.0996,0.0996,0.0996,0.0524,1.0,1.0,0.0524,1.0,1.0
hyperparam,physics,6,0.25,True,True,calibration_percentile,fused_u,1,f1_optimal_eval,0.6847,0.4605,0.5387,0.0873,0.0996,0.01,0.0524,1.0,24.0,0.6847,0.6011,0.573,0.6847,0.6432,0.6011,0.0996,0.0996,0.0996,0.0996,0.0524,1.0,1.0,0.0524,1.0,1.0
hyperparam,physics,6,0.25,False,True,calibration_percentile,fused_u,1,f1_optimal_eval,0.6847,0.4605,0.5387,0.0873,0.0996,0.01,0.0524,1.0,24.0,0.6847,0.573,0.573,0.6847,0.6432,0.573,0.0996,0.0996,0.0996,0.0996,0.0524,1.0,1.0,0.0524,1.0,1.0
hyperparam,physics,6,0.5,True,True,calibration_percentile,fused_u,1,f1_optimal_eval,0.6847,0.4605,0.5387,0.0873,0.0996,0.01,0.0524,1.0,24.0,0.6847,0.5938,0.5719,0.6847,0.6249,0.5938,0.0996,0.0996,0.0996,0.0996,0.0524,1.0,1.0,0.0524,1.0,1.0
hyperparam,physics,6,0.5,False,True,calibration_percentile,fused_u,1,f1_optimal_eval,0.6847,0.4605,0.5387,0.0873,0.0996,0.01,0.0524,1.0,24.0,0.6847,0.5719,0.5719,0.6847,0.6249,0.5719,0.0996,0.0996,0.0996,0.0996,0.0524,1.0,1.0,0.0524,1.0,1.0
hyperparam,physics,6,1.0,True,True,calibration_percentile,fused_u,1,f1_optimal_eval,0.6847,0.4605,0.5387,0.0873,0.0996,0.01,0.0524,1.0,24.0,0.6847,0.5808,0.5699,0.6847,0.6015,0.5808,0.0996,0.0996,0.0996,0.0996,0.0524,1.0,1.0,0.0524,1.0,1.0
hyperparam,physics,6,1.0,False,True,calibration_percentile,fused_u,1,f1_optimal_eval,0.6847,0.4605,0.5387,0.0873,0.0996,0.01,0.0524,1.0,24.0,0.6847,0.5699,0.5699,0.6847,0.6015,0.5699,0.0996,0.0996,0.0996,0.0996,0.0524,1.0,1.0,0.0524,1.0,1.0
hyperparam,physics,6,2.0,True,True,calibration_percentile,fused_u,1,f1_optimal_eval,0.6847,0.4605,0.5387,0.0873,0.0996,0.01,0.0524,1.0,24.0,0.6847,0.5769,0.5646,0.6847,0.5871,0.5769,0.0996,0.0996,0.0996,0.0996,0.0524,1.0,1.0,0.0524,1.0,1.0
hyperparam,physics,6,2.0,False,True,calibration_percentile,fused_u,1,f1_optimal_eval,0.6847,0.4605,0.5387,0.0873,0.0996,0.01,0.0524,1.0,24.0,0.6847,0.5646,0.5646,0.6847,0.5871,0.5646,0.0996,0.0996,0.0996,0.0996,0.0524,1.0,1.0,0.0524,1.0,1.0
hyperparam,physics,12,0.1,True,True,calibration_percentile,fused_u,1,f1_optimal_eval,0.6847,0.4605,0.5387,0.0873,0.0996,0.01,0.0524,1.0,24.0,0.6847,0.6173,0.5819,0.6847,0.7182,0.6173,0.0996,0.0996,0.0996,0.0996,0.0524,1.0,1.0,0.0524,1.0,1.0
hyperparam,physics,12,0.1,False,True,calibration_percentile,fused_u,1,f1_optimal_eval,0.6847,0.4605,0.5387,0.0873,0.0996,0.01,0.0524,1.0,24.0,0.6847,0.5819,0.5819,0.6847,0.7182,0.5819,0.0996,0.0996,0.0996,0.0996,0.0524,1.0,1.0,0.0524,1.0,1.0
hyperparam,physics,12,0.25,True,True,calibration_percentile,fused_u,1,f1_optimal_eval,0.6847,0.4605,0.5387,0.0873,0.0996,0.01,0.0524,1.0,24.0,0.6847,0.6069,0.5734,0.6847,0.6812,0.6069,0.0996,0.0996,0.0996,0.0996,0.0524,1.0,1.0,0.0524,1.0,1.0
hyperparam,physics,12,0.25,False,True,calibration_percentile,fused_u,1,f1_optimal_eval,0.6847,0.4605,0.5387,0.0873,0.0996,0.01,0.0524,1.0,24.0,0.6847,0.5734,0.5734,0.6847,0.6812,0.5734,0.0996,0.0996,0.0996,0.0996,0.0524,1.0,1.0,0.0524,1.0,1.0
hyperparam,physics,12,0.5,True,True,calibration_percentile,fused_u,1,f1_optimal_eval,0.6847,0.4605,0.5387,0.0873,0.0996,0.01,0.0524,1.0,24.0,0.6847,0.5983,0.5719,0.6847,0.6345,0.5983,0.0996,0.0996,0.0996,0.0996,0.0524,1.0,1.0,0.0524,1.0,1.0
hyperparam,physics,12,0.5,False,True,calibration_percentile,fused_u,1,f1_optimal_eval,0.6847,0.4605,0.5387,0.0873,0.0996,0.01,0.0524,1.0,24.0,0.6847,0.5719,0.5719,0.6847,0.6345,0.5719,0.0996,0.0996,0.0996,0.0996,0.0524,1.0,1.0,0.0524,1.0,1.0
hyperparam,physics,12,1.0,True,True,calibration_percentile,fused_u,1,f1_optimal_eval,0.6847,0.4605,0.5387,0.0873,0.0996,0.01,0.0524,1.0,24.0,0.6847,0.5852,0.5699,0.6847,0.6031,0.5852,0.0996,0.0996,0.0996,0.0996,0.0524,1.0,1.0,0.0524,1.0,1.0
hyperparam,physics,12,1.0,False,True,calibration_percentile,fused_u,1,f1_optimal_eval,0.6847,0.4605,0.5387,0.0873,0.0996,0.01,0.0524,1.0,24.0,0.6847,0.5699,0.5699,0.6847,0.6031,0.5699,0.0996,0.0996,0.0996,0.0996,0.0524,1.0,1.0,0.0524,1.0,1.0
hyperparam,physics,12,2.0,True,True,calibration_percentile,fused_u,1,f1_optimal_eval,0.6847,0.4605,0.5387,0.0873,0.0996,0.01,0.0524,1.0,24.0,0.6847,0.5784,0.5646,0.6847,0.5883,0.5784,0.0996,0.0996,0.0996,0.0996,0.0524,1.0,1.0,0.0524,1.0,1.0
hyperparam,physics,12,2.0,False,True,calibration_percentile,fused_u,1,f1_optimal_eval,0.6847,0.4605,0.5387,0.0873,0.0996,0.01,0.0524,1.0,24.0,0.6847,0.5646,0.5646,0.6847,0.5883,0.5646,0.0996,0.0996,0.0996,0.0996,0.0524,1.0,1.0,0.0524,1.0,1.0
hyperparam,physics,24,0.1,True,True,calibration_percentile,fused_u,1,f1_optimal_eval,0.6847,0.4605,0.5387,0.0873,0.0996,0.01,0.0524,1.0,24.0,0.6847,0.6151,0.5819,0.6847,0.7803,0.6151,0.0996,0.0996,0.0996,0.0996,0.0524,1.0,1.0,0.0524,1.0,1.0
hyperparam,physics,24,0.1,False,True,calibration_percentile,fused_u,1,f1_optimal_eval,0.6847,0.4605,0.5387,0.0873,0.0996,0.01,0.0524,1.0,24.0,0.6847,0.5819,0.5819,0.6847,0.7803,0.5819,0.0996,0.0996,0.0996,0.0996,0.0524,1.0,1.0,0.0524,1.0,1.0
hyperparam,physics,24,0.25,True,True,calibration_percentile,fused_u,1,f1_optimal_eval,0.6847,0.4605,0.5387,0.0873,0.0996,0.01,0.0524,1.0,24.0,0.6847,0.6079,0.5734,0.6847,0.6915,0.6079,0.0996,0.0996,0.0996,0.0996,0.0524,1.0,1.0,0.0524,1.0,1.0
hyperparam,physics,24,0.25,False,True,calibration_percentile,fused_u,1,f1_optimal_eval,0.6847,0.4605,0.5387,0.0873,0.0996,0.01,0.0524,1.0,24.0,0.6847,0.5734,0.5734,0.6847,0.6915,0.5734,0.0996,0.0996,0.0996,0.0996,0.0524,1.0,1.0,0.0524,1.0,1.0
hyperparam,physics,24,0.5,True,True,calibration_percentile,fused_u,1,f1_optimal_eval,0.6847,0.4605,0.5387,0.0873,0.0996,0.01,0.0524,1.0,24.0,0.6847,0.5994,0.5719,0.6847,0.6363,0.5994,0.0996,0.0996,0.0996,0.0996,0.0524,1.0,1.0,0.0524,1.0,1.0
hyperparam,physics,24,0.5,False,True,calibration_percentile,fused_u,1,f1_optimal_eval,0.6847,0.4605,0.5387,0.0873,0.0996,0.01,0.0524,1.0,24.0,0.6847,0.5719,0.5719,0.6847,0.6363,0.5719,0.0996,0.0996,0.0996,0.0996,0.0524,1.0,1.0,0.0524,1.0,1.0
hyperparam,physics,24,1.0,True,True,calibration_percentile,fused_u,1,f1_optimal_eval,0.6847,0.4605,0.5387,0.0873,0.0996,0.01,0.0524,1.0,24.0,0.6847,0.5857,0.5699,0.6847,0.6045,0.5857,0.0996,0.0996,0.0996,0.0996,0.0524,1.0,1.0,0.0524,1.0,1.0
hyperparam,physics,24,1.0,False,True,calibration_percentile,fused_u,1,f1_optimal_eval,0.6847,0.4605,0.5387,0.0873,0.0996,0.01,0.0524,1.0,24.0,0.6847,0.5699,0.5699,0.6847,0.6045,0.5699,0.0996,0.0996,0.0996,0.0996,0.0524,1.0,1.0,0.0524,1.0,1.0
hyperparam,physics,24,2.0,True,True,calibration_percentile,fused_u,1,f1_optimal_eval,0.6847,0.4605,0.5387,0.0873,0.0996,0.01,0.0524,1.0,24.0,0.6847,0.5787,0.5646,0.6847,0.5897,0.5786,0.0996,0.0996,0.0996,0.0996,0.0524,1.0,1.0,0.0524,1.0,1.0
hyperparam,physics,24,2.0,False,True,calibration_percentile,fused_u,1,f1_optimal_eval,0.6847,0.4605,0.5387,0.0873,0.0996,0.01,0.0524,1.0,24.0,0.6847,0.5646,0.5646,0.6847,0.5897,0.5646,0.0996,0.0996,0.0996,0.0996,0.0524,1.0,1.0,0.0524,1.0,1.0
hyperparam,composite,1,0.1,True,True,calibration_percentile,fused_u,1,f1_optimal_eval,0.6715,0.6401,0.7062,0.0902,0.1901,0.485,0.1629,0.2283,1.5584,0.6715,0.7556,0.7556,0.6715,0.5921,0.7786,0.1901,0.1002,0.1009,0.1034,0.0532,0.9909,0.9763,0.0546,0.9726,0.932
hyperparam,composite,1,0.1,False,True,calibration_percentile,fused_u,1,f1_optimal_eval,0.6715,0.6401,0.7062,0.0902,0.1901,0.485,0.1629,0.2283,1.5584,0.6715,0.7556,0.7556,0.6715,0.5921,0.7786,0.1901,0.1002,0.1009,0.1034,0.0532,0.9909,0.9763,0.0546,0.9726,0.932
hyperparam,composite,1,0.25,True,True,calibration_percentile,fused_u,1,f1_optimal_eval,0.6715,0.6401,0.7062,0.0902,0.1901,0.485,0.1629,0.2283,1.5584,0.6715,0.7556,0.7556,0.6715,0.5921,0.7786,0.1901,0.1002,0.1009,0.1034,0.0532,0.9909,0.9763,0.0546,0.9726,0.932
hyperparam,composite,1,0.25,False,True,calibration_percentile,fused_u,1,f1_optimal_eval,0.6715,0.6401,0.7062,0.0902,0.1901,0.485,0.1629,0.2283,1.5584,0.6715,0.7556,0.7556,0.6715,0.5921,0.7786,0.1901,0.1002,0.1009,0.1034,0.0532,0.9909,0.9763,0.0546,0.9726,0.932
hyperparam,composite,1,0.5,True,True,calibration_percentile,fused_u,1,f1_optimal_eval,0.6715,0.6401,0.7062,0.0902,0.1901,0.485,0.1629,0.2283,1.5584,0.6715,0.7556,0.7556,0.6715,0.5921,0.7786,0.1901,0.1002,0.1009,0.1034,0.0532,0.9909,0.9763,0.0546,0.9726,0.932
hyperparam,composite,1,0.5,False,True,calibration_percentile,fused_u,1,f1_optimal_eval,0.6715,0.6401,0.7062,0.0902,0.1901,0.485,0.1629,0.2283,1.5584,0.6715,0.7556,0.7556,0.6715,0.5921,0.7786,0.1901,0.1002,0.1009,0.1034,0.0532,0.9909,0.9763,0.0546,0.9726,0.932
hyperparam,composite,1,1.0,True,True,calibration_percentile,fused_u,1,f1_optimal_eval,0.6715,0.6401,0.7062,0.0902,0.1901,0.485,0.1629,0.2283,1.5584,0.6715,0.7556,0.7556,0.6715,0.5921,0.7786,0.1901,0.1002,0.1009,0.1034,0.0532,0.9909,0.9763,0.0546,0.9726,0.932
hyperparam,composite,1,1.0,False,True,calibration_percentile,fused_u,1,f1_optimal_eval,0.6715,0.6401,0.7062,0.0902,0.1901,0.485,0.1629,0.2283,1.5584,0.6715,0.7556,0.7556,0.6715,0.5921,0.7786,0.1901,0.1002,0.1009,0.1034,0.0532,0.9909,0.9763,0.0546,0.9726,0.932
hyperparam,composite,1,2.0,True,True,calibration_percentile,fused_u,1,f1_optimal_eval,0.6715,0.6401,0.7062,0.0902,0.1901,0.485,0.1629,0.2283,1.5584,0.6715,0.7556,0.7556,0.6715,0.5921,0.7786,0.1901,0.1002,0.1009,0.1034,0.0532,0.9909,0.9763,0.0546,0.9726,0.932
hyperparam,composite,1,2.0,False,True,calibration_percentile,fused_u,1,f1_optimal_eval,0.6715,0.6401,0.7062,0.0902,0.1901,0.485,0.1629,0.2283,1.5584,0.6715,0.7556,0.7556,0.6715,0.5921,0.7786,0.1901,0.1002,0.1009,0.1034,0.0532,0.9909,0.9763,0.0546,0.9726,0.932
hyperparam,composite,3,0.1,True,True,calibration_percentile,fused_u,1,f1_optimal_eval,0.7552,0.7186,0.7887,0.2714,0.2626,0.21,0.1891,0.4292,2.4437,0.7552,0.7782,0.8097,0.6693,0.6178,0.7928,0.2626,0.0,0.0,0.0,0.0,0.0,0.0003,0.0,0.0,0.0003
hyperparam,composite,3,0.1,False,True,calibration_percentile,fused_u,1,f1_optimal_eval,0.6693,0.6322,0.6997,0.1021,0.1877,0.58,0.1617,0.2237,1.5402,0.6693,0.8097,0.8097,0.6693,0.6178,0.8122,0.1877,0.0996,0.0996,0.0996,0.0524,1.0,1.0,0.0524,1.0,1.0
hyperparam,composite,3,0.25,True,True,calibration_percentile,fused_u,1,f1_optimal_eval,0.743,0.7088,0.7747,0.2648,0.2847,0.3,0.7091,0.1781,0.097,0.743,0.7768,0.8026,0.6838,0.6165,0.7886,0.2847,0.2121,0.2667,0.247,0.4938,0.1826,0.0104,0.9688,0.1416,0.0003
hyperparam,composite,3,0.25,False,True,calibration_percentile,fused_u,1,f1_optimal_eval,0.6838,0.6433,0.7103,0.1124,0.1877,0.69,0.1617,0.2237,1.5402,0.6838,0.8026,0.8026,0.6838,0.6165,0.8092,0.1877,0.0996,0.0996,0.0996,0.0524,1.0,1.0,0.0524,1.0,1.0
hyperparam,composite,3,0.5,True,True,calibration_percentile,fused_u,1,f1_optimal_eval,0.7155,0.682,0.7479,0.2689,0.29,0.355,0.78,0.1781,0.0667,0.7155,0.7659,0.7834,0.6852,0.6136,0.7796,0.29,0.1693,0.1714,0.1859,0.1026,0.5205,0.2519,0.1384,0.2831,0.0975
hyperparam,composite,3,0.5,False,True,calibration_percentile,fused_u,1,f1_optimal_eval,0.6852,0.6442,0.7092,0.1126,0.188,0.81,0.1597,0.2283,1.5947,0.6852,0.7834,0.7834,0.6852,0.6136,0.7905,0.188,0.0996,0.0996,0.0996,0.0524,1.0,1.0,0.0524,1.0,1.0
hyperparam,composite,3,1.0,True,True,calibration_percentile,fused_u,1,f1_optimal_eval,0.6888,0.655,0.7214,0.2618,0.2891,0.425,1.0,0.1689,0.0,0.6888,0.7559,0.7618,0.6852,0.607,0.7745,0.2891,0.1053,0.1105,0.1354,0.0586,0.9589,0.8517,0.0735,0.8584,0.5985
hyperparam,composite,3,1.0,False,True,calibration_percentile,fused_u,1,f1_optimal_eval,0.6852,0.6442,0.7092,0.1126,0.1876,0.93,0.1592,0.2283,1.6008,0.6852,0.7618,0.7618,0.6852,0.607,0.7648,0.1876,0.0996,0.0996,0.0996,0.0524,1.0,1.0,0.0524,1.0,1.0
hyperparam,composite,3,2.0,True,True,calibration_percentile,fused_u,1,f1_optimal_eval,0.6832,0.6487,0.7164,0.261,0.2635,0.47,0.5065,0.1781,0.2304,0.6832,0.7533,0.7556,0.6852,0.5973,0.7778,0.2635,0.1004,0.1028,0.1047,0.0543,0.9817,0.9467,0.0554,0.9635,0.9096
hyperparam,composite,3,2.0,False,True,calibration_percentile,fused_u,1,f1_optimal_eval,0.6852,0.6442,0.7092,0.1126,0.0997,0.915,0.0525,1.0,23.9879,0.6852,0.7556,0.7556,0.6852,0.5973,0.7559,0.0997,0.0996,0.0996,0.0996,0.0524,1.0,1.0,0.0524,1.0,1.0
hyperparam,composite,6,0.1,True,True,calibration_percentile,fused_u,1,f1_optimal_eval,0.7786,0.7418,0.8156,0.3151,0.3339,0.14,0.2617,0.4612,1.7281,0.7786,0.8001,0.8439,0.6535,0.6603,0.8045,0.3339,0.0,0.0,0.0,0.0,0.0,0.0003,0.0,0.0,0.0003
hyperparam,composite,6,0.1,False,True,calibration_percentile,fused_u,1,f1_optimal_eval,0.6535,0.6186,0.6862,0.0823,0.1724,0.69,0.1485,0.2055,1.5644,0.6535,0.8439,0.8439,0.6535,0.6603,0.8489,0.1724,0.0996,0.0996,0.0996,0.0524,1.0,1.0,0.0524,1.0,1.0
hyperparam,composite,6,0.25,True,True,calibration_percentile,fused_u,1,f1_optimal_eval,0.7703,0.7358,0.8052,0.2884,0.2806,0.235,0.661,0.1781,0.1213,0.7703,0.785,0.8166,0.6649,0.6524,0.7949,0.2806,0.0,0.0,0.0,0.0,0.0,0.0003,0.0,0.0,0.0003
hyperparam,composite,6,0.25,False,True,calibration_percentile,fused_u,1,f1_optimal_eval,0.6649,0.6348,0.6979,0.0853,0.167,0.85,0.1386,0.21,1.7342,0.6649,0.8166,0.8166,0.6649,0.6524,0.821,0.167,0.0996,0.0996,0.0996,0.0524,1.0,1.0,0.0524,1.0,1.0
hyperparam,composite,6,0.5,True,True,calibration_percentile,fused_u,1,f1_optimal_eval,0.7317,0.6971,0.763,0.271,0.2889,0.32,0.7647,0.1781,0.0728,0.7317,0.7706,0.7843,0.666,0.6356,0.7836,0.2889,0.1842,0.2213,0.2676,0.2038,0.242,0.0523,0.5,0.1826,0.0101
hyperparam,composite,6,0.5,False,True,calibration_percentile,fused_u,1,f1_optimal_eval,0.666,0.6362,0.6984,0.0854,0.1621,0.955,0.1256,0.2283,2.1102,0.666,0.7843,0.7843,0.666,0.6356,0.7861,0.1621,0.0996,0.0996,0.0996,0.0524,1.0,1.0,0.0524,1.0,1.0
hyperparam,composite,6,1.0,True,True,calibration_percentile,fused_u,1,f1_optimal_eval,0.6924,0.6582,0.7247,0.265,0.2891,0.415,1.0,0.1689,0.0,0.6924,0.755,0.7618,0.666,0.6131,0.7747,0.2891,0.1069,0.1219,0.1494,0.0652,0.9406,0.7466,0.0824,0.8037,0.4955
hyperparam,composite,6,1.0,False,True,calibration_percentile,fused_u,1,f1_optimal_eval,0.666,0.6362,0.6984,0.0854,0.0997,0.97,0.0525,1.0,23.9757,0.666,0.7618,0.7618,0.666,0.6131,0.7608,0.0997,0.0996,0.0996,0.0996,0.0524,1.0,1.0,0.0524,1.0,1.0
hyperparam,composite,6,2.0,True,True,calibration_percentile,fused_u,1,f1_optimal_eval,0.6842,0.6499,0.7177,0.2612,0.2635,0.47,0.5065,0.1781,0.2304,0.6842,0.754,0.7556,0.666,0.5982,0.7779,0.2635,0.1004,0.1029,0.1047,0.0543,0.9817,0.9459,0.0554,0.9635,0.9096
hyperparam,composite,6,2.0,False,True,calibration_percentile,fused_u,1,f1_optimal_eval,0.666,0.6362,0.6984,0.0854,0.0997,0.915,0.0525,1.0,23.9879,0.666,0.7556,0.7556,0.666,0.5982,0.7544,0.0997,0.0996,0.0996,0.0996,0.0524,1.0,1.0,0.0524,1.0,1.0
hyperparam,composite,12,0.1,True,True,calibration_percentile,fused_u,1,f1_optimal_eval,0.7987,0.7611,0.834,0.3861,0.4194,0.115,0.7143,0.2968,0.1577,0.7987,0.808,0.8764,0.6445,0.7129,0.8116,0.4194,0.0,0.0,0.0,0.0,0.0,0.0003,0.0,0.0,0.0003
hyperparam,composite,12,0.1,False,True,calibration_percentile,fused_u,1,f1_optimal_eval,0.6445,0.6088,0.6766,0.0843,0.1689,0.83,0.1457,0.2009,1.5644,0.6445,0.8764,0.8764,0.6445,0.7129,0.8774,0.1689,0.0996,0.0996,0.0996,0.0524,1.0,1.0,0.0524,1.0,1.0
hyperparam,composite,12,0.25,True,True,calibration_percentile,fused_u,1,f1_optimal_eval,0.7788,0.7441,0.8125,0.297,0.3096,0.175,0.2211,0.516,2.4133,0.7788,0.7908,0.8174,0.6566,0.6826,0.7984,0.3096,0.0,0.0,0.0,0.0,0.0,0.0003,0.0,0.0,0.0003
hyperparam,composite,12,0.25,False,True,calibration_percentile,fused_u,1,f1_optimal_eval,0.6566,0.6176,0.6861,0.1562,0.1596,0.965,0.1241,0.2237,2.098,0.6566,0.8174,0.8174,0.6566,0.6826,0.8192,0.1596,0.0996,0.0996,0.0996,0.0524,1.0,1.0,0.0524,1.0,1.0
hyperparam,composite,12,0.5,True,True,calibration_percentile,fused_u,1,f1_optimal_eval,0.736,0.7017,0.7682,0.2645,0.2955,0.315,0.8667,0.1781,0.0364,0.736,0.7722,0.7843,0.657,0.6444,0.7845,0.2955,0.2174,0.2302,0.2921,0.2424,0.2192,0.0379,0.8125,0.1781,0.0023
hyperparam,composite,12,0.5,False,True,calibration_percentile,fused_u,1,f1_optimal_eval,0.657,0.6182,0.6864,0.1562,0.0998,0.98,0.0525,1.0,23.9515,0.657,0.7843,0.7843,0.657,0.6444,0.7841,0.0998,0.0996,0.0996,0.0996,0.0524,1.0,1.0,0.0524,1.0,1.0
hyperparam,composite,12,1.0,True,True,calibration_percentile,fused_u,1,f1_optimal_eval,0.6924,0.6583,0.7248,0.2653,0.2891,0.415,1.0,0.1689,0.0,0.6924,0.755,0.7618,0.657,0.6148,0.7747,0.2891,0.107,0.122,0.1497,0.0653,0.9406,0.7456,0.0825,0.8037,0.4944
hyperparam,composite,12,1.0,False,True,calibration_percentile,fused_u,1,f1_optimal_eval,0.657,0.6182,0.6864,0.1562,0.0997,0.97,0.0525,1.0,23.9757,0.657,0.7618,0.7618,0.657,0.6148,0.7605,0.0997,0.0996,0.0996,0.0996,0.0524,1.0,1.0,0.0524,1.0,1.0
hyperparam,composite,12,2.0,True,True,calibration_percentile,fused_u,1,f1_optimal_eval,0.6842,0.6498,0.7177,0.2612,0.2635,0.47,0.5065,0.1781,0.2304,0.6842,0.754,0.7556,0.657,0.5995,0.7779,0.2635,0.1004,0.1029,0.1047,0.0543,0.9817,0.9459,0.0554,0.9635,0.9096
hyperparam,composite,12,2.0,False,True,calibration_percentile,fused_u,1,f1_optimal_eval,0.657,0.6182,0.6864,0.1562,0.0997,0.915,0.0525,1.0,23.9879,0.657,0.7556,0.7556,0.657,0.5995,0.7544,0.0997,0.0996,0.0996,0.0996,0.0524,1.0,1.0,0.0524,1.0,1.0
hyperparam,composite,24,0.1,True,True,calibration_percentile,fused_u,1,f1_optimal_eval,0.7886,0.7511,0.8242,0.397,0.4603,0.09,0.5472,0.3973,0.4366,0.7886,0.8054,0.8764,0.611,0.7706,0.8083,0.4603,0.0,0.0,0.0,0.0,0.0,0.0003,0.0,0.0,0.0003
hyperparam,composite,24,0.1,False,True,calibration_percentile,fused_u,1,f1_optimal_eval,0.611,0.5661,0.6421,0.0811,0.1461,0.945,0.1134,0.2055,2.1344,0.611,0.8764,0.8764,0.611,0.7706,0.8758,0.1461,0.0996,0.0996,0.0996,0.0524,1.0,1.0,0.0524,1.0,1.0
hyperparam,composite,24,0.25,True,True,calibration_percentile,fused_u,1,f1_optimal_eval,0.7794,0.7437,0.8135,0.3048,0.3079,0.175,0.2416,0.4247,1.7706,0.7794,0.7906,0.8174,0.608,0.6936,0.798,0.3079,0.0,0.0,0.0,0.0,0.0,0.0003,0.0,0.0,0.0003
hyperparam,composite,24,0.25,False,True,calibration_percentile,fused_u,1,f1_optimal_eval,0.608,0.5641,0.642,0.083,0.1,0.985,0.0526,1.0,23.903,0.608,0.8174,0.8174,0.608,0.6936,0.8177,0.1,0.0996,0.0996,0.0996,0.0524,1.0,1.0,0.0524,1.0,1.0
hyperparam,composite,24,0.5,True,True,calibration_percentile,fused_u,1,f1_optimal_eval,0.7362,0.7018,0.7683,0.2646,0.2966,0.315,0.8864,0.1781,0.0303,0.7362,0.7722,0.7843,0.6087,0.6465,0.7845,0.2966,0.2183,0.2308,0.2921,0.2437,0.2192,0.0376,0.8125,0.1781,0.0023
hyperparam,composite,24,0.5,False,True,calibration_percentile,fused_u,1,f1_optimal_eval,0.6087,0.5633,0.6419,0.0801,0.0998,0.98,0.0525,1.0,23.9515,0.6087,0.7843,0.7843,0.6087,0.6465,0.7842,0.0998,0.0996,0.0996,0.0996,0.0524,1.0,1.0,0.0524,1.0,1.0
hyperparam,composite,24,1.0,True,True,calibration_percentile,fused_u,1,f1_optimal_eval,0.6924,0.6583,0.7248,0.2653,0.2891,0.415,1.0,0.1689,0.0,0.6924,0.7551,0.7618,0.6087,0.6164,0.7747,0.2891,0.107,0.122,0.1497,0.0653,0.9406,0.7456,0.0825,0.8037,0.4944
hyperparam,composite,24,1.0,False,True,calibration_percentile,fused_u,1,f1_optimal_eval,0.6087,0.5633,0.6419,0.0801,0.0997,0.97,0.0525,1.0,23.9757,0.6087,0.7618,0.7618,0.6087,0.6164,0.7607,0.0997,0.0996,0.0996,0.0996,0.0524,1.0,1.0,0.0524,1.0,1.0
hyperparam,composite,24,2.0,True,True,calibration_percentile,fused_u,1,f1_optimal_eval,0.6842,0.6498,0.7177,0.2612,0.2635,0.47,0.5065,0.1781,0.2304,0.6842,0.754,0.7556,0.6854,0.6011,0.7779,0.2635,0.1004,0.1029,0.1047,0.0543,0.9817,0.9459,0.0554,0.9635,0.9096
hyperparam,composite,24,2.0,False,True,calibration_percentile,fused_u,1,f1_optimal_eval,0.6854,0.4644,0.5415,0.0874,0.0997,0.915,0.0525,1.0,23.9879,0.6854,0.7556,0.7556,0.6854,0.6011,0.7559,0.0997,0.0996,0.0996,0.0996,0.0524,1.0,1.0,0.0524,1.0,1.0
decay_ablation,historical,1,0.1,True,False,domain,fused_u,1,f1_optimal_eval,0.7347,0.7034,0.7646,0.11,0.2086,0.465,0.1247,0.6393,5.9606,0.7347,0.8067,0.8067,0.7347,0.619,0.8045,0.2086,0.1106,0.115,0.1176,0.0612,0.9543,0.8103,0.0627,0.9452,0.782
decay_ablation,historical,1,0.25,True,False,domain,fused_u,1,f1_optimal_eval,0.7347,0.7034,0.7646,0.11,0.2086,0.465,0.1247,0.6393,5.9606,0.7347,0.8067,0.8067,0.7347,0.619,0.8045,0.2086,0.1106,0.115,0.1176,0.0612,0.9543,0.8103,0.0627,0.9452,0.782
decay_ablation,historical,1,0.5,True,False,domain,fused_u,1,f1_optimal_eval,0.7347,0.7034,0.7646,0.11,0.2086,0.465,0.1247,0.6393,5.9606,0.7347,0.8067,0.8067,0.7347,0.619,0.8045,0.2086,0.1106,0.115,0.1176,0.0612,0.9543,0.8103,0.0627,0.9452,0.782
decay_ablation,historical,1,1.0,True,False,domain,fused_u,1,f1_optimal_eval,0.7347,0.7034,0.7646,0.11,0.2086,0.465,0.1247,0.6393,5.9606,0.7347,0.8067,0.8067,0.7347,0.619,0.8045,0.2086,0.1106,0.115,0.1176,0.0612,0.9543,0.8103,0.0627,0.9452,0.782
decay_ablation,historical,1,2.0,True,False,domain,fused_u,1,f1_optimal_eval,0.7347,0.7034,0.7646,0.11,0.2086,0.465,0.1247,0.6393,5.9606,0.7347,0.8067,0.8067,0.7347,0.619,0.8045,0.2086,0.1106,0.115,0.1176,0.0612,0.9543,0.8103,0.0627,0.9452,0.782
decay_ablation,historical,3,0.1,True,False,domain,fused_u,1,f1_optimal_eval,0.8207,0.7831,0.8573,0.3747,0.5374,0.22,0.5191,0.5571,0.6852,0.8207,0.8364,0.8165,0.6686,0.6471,0.8365,0.5374,0.0,0.0,0.0,0.0,0.0,0.0,0.0,0.0,0.0
decay_ablation,historical,3,0.25,True,False,domain,fused_u,1,f1_optimal_eval,0.8207,0.7831,0.8573,0.3747,0.5374,0.22,0.5191,0.5571,0.6852,0.8207,0.8364,0.8165,0.6686,0.6471,0.8365,0.5374,0.0,0.0,0.0,0.0,0.0,0.0,0.0,0.0,0.0
decay_ablation,historical,3,0.5,True,False,domain,fused_u,1,f1_optimal_eval,0.8207,0.7831,0.8573,0.3747,0.5374,0.22,0.5191,0.5571,0.6852,0.8207,0.8364,0.8165,0.6686,0.6471,0.8365,0.5374,0.0,0.0,0.0,0.0,0.0,0.0,0.0,0.0,0.0
decay_ablation,historical,3,1.0,True,False,domain,fused_u,1,f1_optimal_eval,0.8207,0.7831,0.8573,0.3747,0.5374,0.22,0.5191,0.5571,0.6852,0.8207,0.8364,0.8165,0.6686,0.6471,0.8365,0.5374,0.0,0.0,0.0,0.0,0.0,0.0,0.0,0.0,0.0
decay_ablation,historical,3,2.0,True,False,domain,fused_u,1,f1_optimal_eval,0.8207,0.7831,0.8573,0.3747,0.5374,0.22,0.5191,0.5571,0.6852,0.8207,0.8364,0.8165,0.6686,0.6471,0.8365,0.5374,0.0,0.0,0.0,0.0,0.0,0.0,0.0,0.0,0.0
decay_ablation,historical,6,0.1,True,False,domain,fused_u,1,f1_optimal_eval,0.8138,0.778,0.8503,0.4762,0.6475,0.115,0.7561,0.5662,0.2425,0.8138,0.8502,0.8167,0.6461,0.6885,0.845,0.6475,0.0,0.0,0.0,0.0,0.0,0.0,0.0,0.0,0.0
decay_ablation,historical,6,0.25,True,False,domain,fused_u,1,f1_optimal_eval,0.8138,0.778,0.8503,0.4762,0.6475,0.115,0.7561,0.5662,0.2425,0.8138,0.8502,0.8167,0.6461,0.6885,0.845,0.6475,0.0,0.0,0.0,0.0,0.0,0.0,0.0,0.0,0.0
decay_ablation,historical,6,0.5,True,False,domain,fused_u,1,f1_optimal_eval,0.8138,0.778,0.8503,0.4762,0.6475,0.115,0.7561,0.5662,0.2425,0.8138,0.8502,0.8167,0.6461,0.6885,0.845,0.6475,0.0,0.0,0.0,0.0,0.0,0.0,0.0,0.0,0.0
decay_ablation,historical,6,1.0,True,False,domain,fused_u,1,f1_optimal_eval,0.8138,0.778,0.8503,0.4762,0.6475,0.115,0.7561,0.5662,0.2425,0.8138,0.8502,0.8167,0.6461,0.6885,0.845,0.6475,0.0,0.0,0.0,0.0,0.0,0.0,0.0,0.0,0.0
decay_ablation,historical,6,2.0,True,False,domain,fused_u,1,f1_optimal_eval,0.8138,0.778,0.8503,0.4762,0.6475,0.115,0.7561,0.5662,0.2425,0.8138,0.8502,0.8167,0.6461,0.6885,0.845,0.6475,0.0,0.0,0.0,0.0,0.0,0.0,0.0,0.0,0.0
decay_ablation,historical,12,0.1,True,False,domain,fused_u,1,f1_optimal_eval,0.8132,0.7804,0.8438,0.4074,0.5932,0.045,0.7778,0.4795,0.1819,0.8132,0.8786,0.8241,0.6454,0.7347,0.8728,0.5932,0.0,0.0,0.0,0.0,0.0,0.0,0.0,0.0,0.0
decay_ablation,historical,12,0.25,True,False,domain,fused_u,1,f1_optimal_eval,0.8132,0.7804,0.8438,0.4074,0.5932,0.045,0.7778,0.4795,0.1819,0.8132,0.8786,0.8241,0.6454,0.7347,0.8728,0.5932,0.0,0.0,0.0,0.0,0.0,0.0,0.0,0.0,0.0
decay_ablation,historical,12,0.5,True,False,domain,fused_u,1,f1_optimal_eval,0.8132,0.7804,0.8438,0.4074,0.5932,0.045,0.7778,0.4795,0.1819,0.8132,0.8786,0.8241,0.6454,0.7347,0.8728,0.5932,0.0,0.0,0.0,0.0,0.0,0.0,0.0,0.0,0.0
decay_ablation,historical,12,1.0,True,False,domain,fused_u,1,f1_optimal_eval,0.8132,0.7804,0.8438,0.4074,0.5932,0.045,0.7778,0.4795,0.1819,0.8132,0.8786,0.8241,0.6454,0.7347,0.8728,0.5932,0.0,0.0,0.0,0.0,0.0,0.0,0.0,0.0,0.0
decay_ablation,historical,12,2.0,True,False,domain,fused_u,1,f1_optimal_eval,0.8132,0.7804,0.8438,0.4074,0.5932,0.045,0.7778,0.4795,0.1819,0.8132,0.8786,0.8241,0.6454,0.7347,0.8728,0.5932,0.0,0.0,0.0,0.0,0.0,0.0,0.0,0.0,0.0
decay_ablation,historical,24,0.1,True,False,domain,fused_u,1,f1_optimal_eval,0.8338,0.8095,0.8554,0.3526,0.4924,0.02,0.7364,0.3699,0.1758,0.8338,0.9356,0.8325,0.6077,0.8151,0.9322,0.4924,0.0,0.0,0.0,0.0,0.0,0.0,0.0,0.0,0.0
decay_ablation,historical,24,0.25,True,False,domain,fused_u,1,f1_optimal_eval,0.8338,0.8095,0.8554,0.3526,0.4924,0.02,0.7364,0.3699,0.1758,0.8338,0.9356,0.8325,0.6077,0.8151,0.9322,0.4924,0.0,0.0,0.0,0.0,0.0,0.0,0.0,0.0,0.0
decay_ablation,historical,24,0.5,True,False,domain,fused_u,1,f1_optimal_eval,0.8338,0.8095,0.8554,0.3526,0.4924,0.02,0.7364,0.3699,0.1758,0.8338,0.9356,0.8325,0.6077,0.8151,0.9322,0.4924,0.0,0.0,0.0,0.0,0.0,0.0,0.0,0.0,0.0
decay_ablation,historical,24,1.0,True,False,domain,fused_u,1,f1_optimal_eval,0.8338,0.8095,0.8554,0.3526,0.4924,0.02,0.7364,0.3699,0.1758,0.8338,0.9356,0.8325,0.6077,0.8151,0.9322,0.4924,0.0,0.0,0.0,0.0,0.0,0.0,0.0,0.0,0.0
decay_ablation,historical,24,2.0,True,False,domain,fused_u,1,f1_optimal_eval,0.8338,0.8095,0.8554,0.3526,0.4924,0.02,0.7364,0.3699,0.1758,0.8338,0.9356,0.8325,0.6077,0.8151,0.9322,0.4924,0.0,0.0,0.0,0.0,0.0,0.0,0.0,0.0,0.0
decay_ablation,composite,1,0.1,True,False,domain,fused_u,1,f1_optimal_eval,0.6855,0.6474,0.7174,0.1239,0.1947,0.53,0.1672,0.2329,1.5402,0.6855,0.7628,0.7628,0.6855,0.5826,0.7728,0.1947,0.1043,0.1164,0.1294,0.062,0.9543,0.7994,0.0696,0.9178,0.6786
decay_ablation,composite,1,0.25,True,False,domain,fused_u,1,f1_optimal_eval,0.6855,0.6474,0.7174,0.1239,0.1947,0.53,0.1672,0.2329,1.5402,0.6855,0.7628,0.7628,0.6855,0.5826,0.7728,0.1947,0.1043,0.1164,0.1294,0.062,0.9543,0.7994,0.0696,0.9178,0.6786
decay_ablation,composite,1,0.5,True,False,domain,fused_u,1,f1_optimal_eval,0.6855,0.6474,0.7174,0.1239,0.1947,0.53,0.1672,0.2329,1.5402,0.6855,0.7628,0.7628,0.6855,0.5826,0.7728,0.1947,0.1043,0.1164,0.1294,0.062,0.9543,0.7994,0.0696,0.9178,0.6786
decay_ablation,composite,1,1.0,True,False,domain,fused_u,1,f1_optimal_eval,0.6855,0.6474,0.7174,0.1239,0.1947,0.53,0.1672,0.2329,1.5402,0.6855,0.7628,0.7628,0.6855,0.5826,0.7728,0.1947,0.1043,0.1164,0.1294,0.062,0.9543,0.7994,0.0696,0.9178,0.6786
decay_ablation,composite,1,2.0,True,False,domain,fused_u,1,f1_optimal_eval,0.6855,0.6474,0.7174,0.1239,0.1947,0.53,0.1672,0.2329,1.5402,0.6855,0.7628,0.7628,0.6855,0.5826,0.7728,0.1947,0.1043,0.1164,0.1294,0.062,0.9543,0.7994,0.0696,0.9178,0.6786
decay_ablation,composite,3,0.1,True,False,domain,fused_u,1,f1_optimal_eval,0.7595,0.7281,0.7884,0.2488,0.2609,0.27,0.9706,0.1507,0.0061,0.7595,0.8067,0.7977,0.663,0.6097,0.8164,0.2609,0.0,0.0,0.0,0.0,0.0,0.0,0.0,0.0,0.0
decay_ablation,composite,3,0.25,True,False,domain,fused_u,1,f1_optimal_eval,0.7595,0.7281,0.7884,0.2488,0.2609,0.27,0.9706,0.1507,0.0061,0.7595,0.8067,0.7977,0.663,0.6097,0.8164,0.2609,0.0,0.0,0.0,0.0,0.0,0.0,0.0,0.0,0.0
decay_ablation,composite,3,0.5,True,False,domain,fused_u,1,f1_optimal_eval,0.7595,0.7281,0.7884,0.2488,0.2609,0.27,0.9706,0.1507,0.0061,0.7595,0.8067,0.7977,0.663,0.6097,0.8164,0.2609,0.0,0.0,0.0,0.0,0.0,0.0,0.0,0.0,0.0
decay_ablation,composite,3,1.0,True,False,domain,fused_u,1,f1_optimal_eval,0.7595,0.7281,0.7884,0.2488,0.2609,0.27,0.9706,0.1507,0.0061,0.7595,0.8067,0.7977,0.663,0.6097,0.8164,0.2609,0.0,0.0,0.0,0.0,0.0,0.0,0.0,0.0,0.0
decay_ablation,composite,3,2.0,True,False,domain,fused_u,1,f1_optimal_eval,0.7595,0.7281,0.7884,0.2488,0.2609,0.27,0.9706,0.1507,0.0061,0.7595,0.8067,0.7977,0.663,0.6097,0.8164,0.2609,0.0,0.0,0.0,0.0,0.0,0.0,0.0,0.0,0.0
decay_ablation,composite,6,0.1,True,False,domain,fused_u,1,f1_optimal_eval,0.786,0.7505,0.8195,0.224,0.313,0.1,0.2169,0.5616,2.6923,0.786,0.8385,0.8227,0.6211,0.6528,0.8365,0.313,0.0,0.0,0.0,0.0,0.0,0.0,0.0,0.0,0.0
decay_ablation,composite,6,0.25,True,False,domain,fused_u,1,f1_optimal_eval,0.786,0.7505,0.8195,0.224,0.313,0.1,0.2169,0.5616,2.6923,0.786,0.8385,0.8227,0.6211,0.6528,0.8365,0.313,0.0,0.0,0.0,0.0,0.0,0.0,0.0,0.0,0.0
decay_ablation,composite,6,0.5,True,False,domain,fused_u,1,f1_optimal_eval,0.786,0.7505,0.8195,0.224,0.313,0.1,0.2169,0.5616,2.6923,0.786,0.8385,0.8227,0.6211,0.6528,0.8365,0.313,0.0,0.0,0.0,0.0,0.0,0.0,0.0,0.0,0.0
decay_ablation,composite,6,1.0,True,False,domain,fused_u,1,f1_optimal_eval,0.786,0.7505,0.8195,0.224,0.313,0.1,0.2169,0.5616,2.6923,0.786,0.8385,0.8227,0.6211,0.6528,0.8365,0.313,0.0,0.0,0.0,0.0,0.0,0.0,0.0,0.0,0.0
decay_ablation,composite,6,2.0,True,False,domain,fused_u,1,f1_optimal_eval,0.786,0.7505,0.8195,0.224,0.313,0.1,0.2169,0.5616,2.6923,0.786,0.8385,0.8227,0.6211,0.6528,0.8365,0.313,0.0,0.0,0.0,0.0,0.0,0.0,0.0,0.0,0.0
decay_ablation,composite,12,0.1,True,False,domain,fused_u,1,f1_optimal_eval,0.7642,0.722,0.8022,0.3767,0.5174,0.055,0.5683,0.4749,0.479,0.7642,0.8538,0.8509,0.5917,0.7022,0.8512,0.5174,0.0,0.0,0.0,0.0,0.0,0.0,0.0,0.0,0.0
decay_ablation,composite,12,0.25,True,False,domain,fused_u,1,f1_optimal_eval,0.7642,0.722,0.8022,0.3767,0.5174,0.055,0.5683,0.4749,0.479,0.7642,0.8538,0.8509,0.5917,0.7022,0.8512,0.5174,0.0,0.0,0.0,0.0,0.0,0.0,0.0,0.0,0.0
decay_ablation,composite,12,0.5,True,False,domain,fused_u,1,f1_optimal_eval,0.7642,0.722,0.8022,0.3767,0.5174,0.055,0.5683,0.4749,0.479,0.7642,0.8538,0.8509,0.5917,0.7022,0.8512,0.5174,0.0,0.0,0.0,0.0,0.0,0.0,0.0,0.0,0.0
decay_ablation,composite,12,1.0,True,False,domain,fused_u,1,f1_optimal_eval,0.7642,0.722,0.8022,0.3767,0.5174,0.055,0.5683,0.4749,0.479,0.7642,0.8538,0.8509,0.5917,0.7022,0.8512,0.5174,0.0,0.0,0.0,0.0,0.0,0.0,0.0,0.0,0.0
decay_ablation,composite,12,2.0,True,False,domain,fused_u,1,f1_optimal_eval,0.7642,0.722,0.8022,0.3767,0.5174,0.055,0.5683,0.4749,0.479,0.7642,0.8538,0.8509,0.5917,0.7022,0.8512,0.5174,0.0,0.0,0.0,0.0,0.0,0.0,0.0,0.0,0.0
decay_ablation,composite,24,0.1,True,False,domain,fused_u,1,f1_optimal_eval,0.655,0.6014,0.7023,0.3377,0.5322,0.02,0.6884,0.4338,0.2607,0.655,0.8386,0.8394,0.6775,0.7913,0.8335,0.5322,0.0,0.0,0.0,0.0,0.0,0.0,0.0,0.0,0.0
decay_ablation,composite,24,0.25,True,False,domain,fused_u,1,f1_optimal_eval,0.655,0.6014,0.7023,0.3377,0.5322,0.02,0.6884,0.4338,0.2607,0.655,0.8386,0.8394,0.6775,0.7913,0.8335,0.5322,0.0,0.0,0.0,0.0,0.0,0.0,0.0,0.0,0.0
decay_ablation,composite,24,0.5,True,False,domain,fused_u,1,f1_optimal_eval,0.655,0.6014,0.7023,0.3377,0.5322,0.02,0.6884,0.4338,0.2607,0.655,0.8386,0.8394,0.6775,0.7913,0.8335,0.5322,0.0,0.0,0.0,0.0,0.0,0.0,0.0,0.0,0.0
decay_ablation,composite,24,1.0,True,False,domain,fused_u,1,f1_optimal_eval,0.655,0.6014,0.7023,0.3377,0.5322,0.02,0.6884,0.4338,0.2607,0.655,0.8386,0.8394,0.6775,0.7913,0.8335,0.5322,0.0,0.0,0.0,0.0,0.0,0.0,0.0,0.0,0.0
decay_ablation,composite,24,2.0,True,False,domain,fused_u,1,f1_optimal_eval,0.655,0.6014,0.7023,0.3377,0.5322,0.02,0.6884,0.4338,0.2607,0.655,0.8386,0.8394,0.6775,0.7913,0.8335,0.5322,0.0,0.0,0.0,0.0,0.0,0.0,0.0,0.0,0.0
signal_sweep,composite,6,0.5,True,True,domain,fused_u,1,f1_optimal_eval,0.7387,0.7052,0.7701,0.2467,0.2464,0.315,0.1805,0.3881,2.3406,0.7387,0.7973,0.7975,0.6858,0.6255,0.8067,0.2464,0.2438,0.1841,0.2268,0.1699,0.2009,0.0543,0.4583,0.1507,0.0099
signal_sweep,historical,24,0.25,True,True,domain,fused_u,1,f1_optimal_eval,0.8447,0.81,0.8777,0.5215,0.6299,0.195,0.7407,0.5479,0.2547,0.8447,0.8741,0.8454,0.6359,0.7188,0.8664,0.6299,0.0,0.0,0.0,0.0,0.0,0.0,0.0,0.0,0.0
signal_sweep,composite,6,0.5,True,True,domain,fused_u,1,percentile_q95,0.7387,0.7052,0.7701,0.2467,0.1841,0.3321,0.1699,0.2009,1.3037,0.7387,0.7973,0.7975,0.6858,0.6255,0.8067,0.2464,0.2438,0.1841,0.2268,0.1699,0.2009,0.0543,0.4583,0.1507,0.0099
signal_sweep,historical,24,0.25,True,True,domain,fused_u,1,percentile_q95,0.8447,0.81,0.8777,0.5215,0.0,0.3004,0.0,0.0,0.0,0.8447,0.8741,0.8454,0.6359,0.7188,0.8664,0.6299,0.0,0.0,0.0,0.0,0.0,0.0,0.0,0.0,0.0
signal_sweep,composite,6,0.5,True,True,domain,fused_u,1,percentile_q99,0.7387,0.7052,0.7701,0.2467,0.2268,0.3545,0.4583,0.1507,0.2365,0.7387,0.7973,0.7975,0.6858,0.6255,0.8067,0.2464,0.2438,0.1841,0.2268,0.1699,0.2009,0.0543,0.4583,0.1507,0.0099
signal_sweep,historical,24,0.25,True,True,domain,fused_u,1,percentile_q99,0.8447,0.81,0.8777,0.5215,0.0,0.3126,0.0,0.0,0.0,0.8447,0.8741,0.8454,0.6359,0.7188,0.8664,0.6299,0.0,0.0,0.0,0.0,0.0,0.0,0.0,0.0,0.0
signal_sweep,composite,6,0.5,True,True,domain,fused_u,3,f1_optimal_eval,0.7644,0.7312,0.7951,0.2505,0.2733,0.305,0.1942,0.4612,2.5407,0.7387,0.7973,0.7975,0.6858,0.6255,0.8067,0.2733,0.2618,0.2135,0.2055,0.2485,0.1872,0.0313,0.7647,0.1187,0.002
signal_sweep,historical,24,0.25,True,True,domain,fused_u,3,f1_optimal_eval,0.8518,0.8179,0.8844,0.5393,0.6411,0.195,0.8014,0.5342,0.1758,0.8447,0.8741,0.8454,0.6359,0.7188,0.8664,0.6411,0.0,0.0,0.0,0.0,0.0,0.0,0.0,0.0,0.0
signal_sweep,composite,6,0.5,True,True,domain,fused_u,3,percentile_q95,0.7644,0.7312,0.7951,0.2505,0.2135,0.3321,0.2485,0.1872,0.7519,0.7387,0.7973,0.7975,0.6858,0.6255,0.8067,0.2733,0.2618,0.2135,0.2055,0.2485,0.1872,0.0313,0.7647,0.1187,0.002
signal_sweep,historical,24,0.25,True,True,domain,fused_u,3,percentile_q95,0.8518,0.8179,0.8844,0.5393,0.0,0.3004,0.0,0.0,0.0,0.8447,0.8741,0.8454,0.6359,0.7188,0.8664,0.6411,0.0,0.0,0.0,0.0,0.0,0.0,0.0,0.0,0.0
signal_sweep,composite,6,0.5,True,True,domain,fused_u,3,percentile_q99,0.7644,0.7312,0.7951,0.2505,0.2055,0.3545,0.7647,0.1187,0.0485,0.7387,0.7973,0.7975,0.6858,0.6255,0.8067,0.2733,0.2618,0.2135,0.2055,0.2485,0.1872,0.0313,0.7647,0.1187,0.002
signal_sweep,historical,24,0.25,True,True,domain,fused_u,3,percentile_q99,0.8518,0.8179,0.8844,0.5393,0.0,0.3126,0.0,0.0,0.0,0.8447,0.8741,0.8454,0.6359,0.7188,0.8664,0.6411,0.0,0.0,0.0,0.0,0.0,0.0,0.0,0.0,0.0
signal_sweep,composite,6,0.5,True,True,domain,fused_u,5,f1_optimal_eval,0.7848,0.7511,0.8154,0.2703,0.2899,0.305,0.2123,0.4566,2.2496,0.7387,0.7973,0.7975,0.6858,0.6255,0.8067,0.2899,0.2828,0.1877,0.1034,0.3222,0.1324,0.0154,0.9231,0.0548,0.0003
signal_sweep,historical,24,0.25,True,True,domain,fused_u,5,f1_optimal_eval,0.8604,0.8286,0.8926,0.5702,0.6499,0.185,0.7247,0.589,0.2971,0.8447,0.8741,0.8454,0.6359,0.7188,0.8664,0.6499,0.0,0.0,0.0,0.0,0.0,0.0,0.0,0.0,0.0
signal_sweep,composite,6,0.5,True,True,domain,fused_u,5,percentile_q95,0.7848,0.7511,0.8154,0.2703,0.1877,0.3321,0.3222,0.1324,0.3699,0.7387,0.7973,0.7975,0.6858,0.6255,0.8067,0.2899,0.2828,0.1877,0.1034,0.3222,0.1324,0.0154,0.9231,0.0548,0.0003
signal_sweep,historical,24,0.25,True,True,domain,fused_u,5,percentile_q95,0.8604,0.8286,0.8926,0.5702,0.0,0.3004,0.0,0.0,0.0,0.8447,0.8741,0.8454,0.6359,0.7188,0.8664,0.6499,0.0,0.0,0.0,0.0,0.0,0.0,0.0,0.0,0.0
signal_sweep,composite,6,0.5,True,True,domain,fused_u,5,percentile_q99,0.7848,0.7511,0.8154,0.2703,0.1034,0.3545,0.9231,0.0548,0.0061,0.7387,0.7973,0.7975,0.6858,0.6255,0.8067,0.2899,0.2828,0.1877,0.1034,0.3222,0.1324,0.0154,0.9231,0.0548,0.0003
signal_sweep,historical,24,0.25,True,True,domain,fused_u,5,percentile_q99,0.8604,0.8286,0.8926,0.5702,0.0,0.3126,0.0,0.0,0.0,0.8447,0.8741,0.8454,0.6359,0.7188,0.8664,0.6499,0.0,0.0,0.0,0.0,0.0,0.0,0.0,0.0,0.0
signal_sweep,composite,6,0.5,True,True,domain,fused_d,1,f1_optimal_eval,0.7973,0.7592,0.8323,0.4458,0.5459,0.34,0.642,0.4749,0.3517,0.7387,0.7973,0.7975,0.6858,0.6255,0.8067,0.5459,0.3024,0.3855,0.5058,0.3015,0.5342,0.0685,0.5142,0.4977,0.026
signal_sweep,historical,24,0.25,True,True,domain,fused_d,1,f1_optimal_eval,0.8741,0.842,0.9039,0.5755,0.6293,0.3,0.6754,0.589,0.3759,0.8447,0.8741,0.8454,0.6359,0.7188,0.8664,0.6293,0.5326,0.6026,0.6293,0.5774,0.6301,0.0255,0.6754,0.589,0.0157
signal_sweep,composite,6,0.5,True,True,domain,fused_d,1,percentile_q95,0.7973,0.7592,0.8323,0.4458,0.3855,0.3035,0.3015,0.5342,1.6433,0.7387,0.7973,0.7975,0.6858,0.6255,0.8067,0.5459,0.3024,0.3855,0.5058,0.3015,0.5342,0.0685,0.5142,0.4977,0.026
signal_sweep,historical,24,0.25,True,True,domain,fused_d,1,percentile_q95,0.8741,0.842,0.9039,0.5755,0.6026,0.2389,0.5774,0.6301,0.6124,0.8447,0.8741,0.8454,0.6359,0.7188,0.8664,0.6293,0.5326,0.6026,0.6293,0.5774,0.6301,0.0255,0.6754,0.589,0.0157
signal_sweep,composite,6,0.5,True,True,domain,fused_d,1,percentile_q99,0.7973,0.7592,0.8323,0.4458,0.5058,0.315,0.5142,0.4977,0.6246,0.7387,0.7973,0.7975,0.6858,0.6255,0.8067,0.5459,0.3024,0.3855,0.5058,0.3015,0.5342,0.0685,0.5142,0.4977,0.026
signal_sweep,historical,24,0.25,True,True,domain,fused_d,1,percentile_q99,0.8741,0.842,0.9039,0.5755,0.6293,0.2994,0.6754,0.589,0.3759,0.8447,0.8741,0.8454,0.6359,0.7188,0.8664,0.6293,0.5326,0.6026,0.6293,0.5774,0.6301,0.0255,0.6754,0.589,0.0157
signal_sweep,composite,6,0.5,True,True,domain,fused_d,3,f1_optimal_eval,0.8251,0.7887,0.8599,0.5115,0.6219,0.395,0.6831,0.5708,0.3517,0.7387,0.7973,0.7975,0.6858,0.6255,0.8067,0.6219,0.4482,0.5106,0.5991,0.4404,0.6073,0.0427,0.6047,0.5936,0.0215
signal_sweep,historical,24,0.25,True,True,domain,fused_d,3,f1_optimal_eval,0.885,0.8546,0.9132,0.604,0.6277,0.34,0.6719,0.589,0.382,0.8447,0.8741,0.8454,0.6359,0.7188,0.8664,0.6277,0.5878,0.6083,0.6147,0.584,0.6347,0.025,0.6373,0.5936,0.0187
signal_sweep,composite,6,0.5,True,True,domain,fused_d,3,percentile_q95,0.8251,0.7887,0.8599,0.5115,0.5106,0.3035,0.4404,0.6073,1.0248,0.7387,0.7973,0.7975,0.6858,0.6255,0.8067,0.6219,0.4482,0.5106,0.5991,0.4404,0.6073,0.0427,0.6047,0.5936,0.0215
signal_sweep,historical,24,0.25,True,True,domain,fused_d,3,percentile_q95,0.885,0.8546,0.9132,0.604,0.6083,0.2389,0.584,0.6347,0.6003,0.8447,0.8741,0.8454,0.6359,0.7188,0.8664,0.6277,0.5878,0.6083,0.6147,0.584,0.6347,0.025,0.6373,0.5936,0.0187
signal_sweep,composite,6,0.5,True,True,domain,fused_d,3,percentile_q99,0.8251,0.7887,0.8599,0.5115,0.5991,0.315,0.6047,0.5936,0.5154,0.7387,0.7973,0.7975,0.6858,0.6255,0.8067,0.6219,0.4482,0.5106,0.5991,0.4404,0.6073,0.0427,0.6047,0.5936,0.0215
signal_sweep,historical,24,0.25,True,True,domain,fused_d,3,percentile_q99,0.885,0.8546,0.9132,0.604,0.6147,0.2994,0.6373,0.5936,0.4487,0.8447,0.8741,0.8454,0.6359,0.7188,0.8664,0.6277,0.5878,0.6083,0.6147,0.584,0.6347,0.025,0.6373,0.5936,0.0187
signal_sweep,composite,6,0.5,True,True,domain,fused_d,5,f1_optimal_eval,0.835,0.7966,0.8696,0.5534,0.6425,0.45,0.7425,0.5662,0.2607,0.7387,0.7973,0.7975,0.6858,0.6255,0.8067,0.6425,0.5812,0.6004,0.6136,0.5812,0.621,0.0248,0.6109,0.6164,0.0217
signal_sweep,historical,24,0.25,True,True,domain,fused_d,5,f1_optimal_eval,0.9004,0.8732,0.9265,0.6379,0.6481,0.38,0.7273,0.5845,0.2911,0.8447,0.8741,0.8454,0.6359,0.7188,0.8664,0.6481,0.6012,0.6091,0.6093,0.5779,0.6438,0.026,0.6209,0.5982,0.0202
signal_sweep,composite,6,0.5,True,True,domain,fused_d,5,percentile_q95,0.835,0.7966,0.8696,0.5534,0.6004,0.3035,0.5812,0.621,0.5942,0.7387,0.7973,0.7975,0.6858,0.6255,0.8067,0.6425,0.5812,0.6004,0.6136,0.5812,0.621,0.0248,0.6109,0.6164,0.0217
signal_sweep,historical,24,0.25,True,True,domain,fused_d,5,percentile_q95,0.9004,0.8732,0.9265,0.6379,0.6091,0.2389,0.5779,0.6438,0.6246,0.8447,0.8741,0.8454,0.6359,0.7188,0.8664,0.6481,0.6012,0.6091,0.6093,0.5779,0.6438,0.026,0.6209,0.5982,0.0202
signal_sweep,composite,6,0.5,True,True,domain,fused_d,5,percentile_q99,0.835,0.7966,0.8696,0.5534,0.6136,0.315,0.6109,0.6164,0.5215,0.7387,0.7973,0.7975,0.6858,0.6255,0.8067,0.6425,0.5812,0.6004,0.6136,0.5812,0.621,0.0248,0.6109,0.6164,0.0217
signal_sweep,historical,24,0.25,True,True,domain,fused_d,5,percentile_q99,0.9004,0.8732,0.9265,0.6379,0.6093,0.2994,0.6209,0.5982,0.4851,0.8447,0.8741,0.8454,0.6359,0.7188,0.8664,0.6481,0.6012,0.6091,0.6093,0.5779,0.6438,0.026,0.6209,0.5982,0.0202
signal_sweep,composite,6,0.5,True,True,domain,composite_ud,1,f1_optimal_eval,0.8067,0.7681,0.8415,0.4903,0.5496,0.325,0.6207,0.4932,0.4002,0.7387,0.7973,0.7975,0.6858,0.6255,0.8067,0.5496,0.3261,0.4065,0.5398,0.3142,0.5753,0.0695,0.5714,0.5114,0.0212
signal_sweep,historical,24,0.25,True,True,domain,composite_ud,1,f1_optimal_eval,0.8664,0.8333,0.8976,0.5849,0.6295,0.245,0.6701,0.5936,0.3881,0.8447,0.8741,0.8454,0.6359,0.7188,0.8664,0.6295,0.6295,0.615,0.5459,0.6796,0.5616,0.0147,0.6689,0.4612,0.0126
signal_sweep,composite,6,0.5,True,True,domain,composite_ud,1,percentile_q95,0.8067,0.7681,0.8415,0.4903,0.4065,0.2951,0.3142,0.5753,1.6675,0.7387,0.7973,0.7975,0.6858,0.6255,0.8067,0.5496,0.3261,0.4065,0.5398,0.3142,0.5753,0.0695,0.5714,0.5114,0.0212
signal_sweep,historical,24,0.25,True,True,domain,composite_ud,1,percentile_q95,0.8664,0.8333,0.8976,0.5849,0.615,0.2664,0.6796,0.5616,0.3517,0.8447,0.8741,0.8454,0.6359,0.7188,0.8664,0.6295,0.6295,0.615,0.5459,0.6796,0.5616,0.0147,0.6689,0.4612,0.0126
signal_sweep,composite,6,0.5,True,True,domain,composite_ud,1,percentile_q99,0.8067,0.7681,0.8415,0.4903,0.5398,0.3151,0.5714,0.5114,0.5093,0.7387,0.7973,0.7975,0.6858,0.6255,0.8067,0.5496,0.3261,0.4065,0.5398,0.3142,0.5753,0.0695,0.5714,0.5114,0.0212
signal_sweep,historical,24,0.25,True,True,domain,composite_ud,1,percentile_q99,0.8664,0.8333,0.8976,0.5849,0.5459,0.3053,0.6689,0.4612,0.3032,0.8447,0.8741,0.8454,0.6359,0.7188,0.8664,0.6295,0.6295,0.615,0.5459,0.6796,0.5616,0.0147,0.6689,0.4612,0.0126
signal_sweep,composite,6,0.5,True,True,domain,composite_ud,3,f1_optimal_eval,0.8246,0.7882,0.8593,0.5406,0.6173,0.34,0.672,0.5708,0.3699,0.7387,0.7973,0.7975,0.6858,0.6255,0.8067,0.6173,0.469,0.5352,0.6143,0.4784,0.6073,0.0366,0.6418,0.589,0.0182
signal_sweep,historical,24,0.25,True,True,domain,composite_ud,3,f1_optimal_eval,0.8757,0.8433,0.9056,0.6103,0.6425,0.305,0.7425,0.5662,0.2607,0.8447,0.8741,0.8454,0.6359,0.7188,0.8664,0.6425,0.619,0.6275,0.639,0.6772,0.5845,0.0154,0.741,0.5616,0.0109
signal_sweep,composite,6,0.5,True,True,domain,composite_ud,3,percentile_q95,0.8246,0.7882,0.8593,0.5406,0.5352,0.2951,0.4784,0.6073,0.8792,0.7387,0.7973,0.7975,0.6858,0.6255,0.8067,0.6173,0.469,0.5352,0.6143,0.4784,0.6073,0.0366,0.6418,0.589,0.0182
signal_sweep,historical,24,0.25,True,True,domain,composite_ud,3,percentile_q95,0.8757,0.8433,0.9056,0.6103,0.6275,0.2664,0.6772,0.5845,0.3699,0.8447,0.8741,0.8454,0.6359,0.7188,0.8664,0.6425,0.619,0.6275,0.639,0.6772,0.5845,0.0154,0.741,0.5616,0.0109
signal_sweep,composite,6,0.5,True,True,domain,composite_ud,3,percentile_q99,0.8246,0.7882,0.8593,0.5406,0.6143,0.3151,0.6418,0.589,0.4366,0.7387,0.7973,0.7975,0.6858,0.6255,0.8067,0.6173,0.469,0.5352,0.6143,0.4784,0.6073,0.0366,0.6418,0.589,0.0182
signal_sweep,historical,24,0.25,True,True,domain,composite_ud,3,percentile_q99,0.8757,0.8433,0.9056,0.6103,0.639,0.3053,0.741,0.5616,0.2607,0.8447,0.8741,0.8454,0.6359,0.7188,0.8664,0.6425,0.619,0.6275,0.639,0.6772,0.5845,0.0154,0.741,0.5616,0.0109
signal_sweep,composite,6,0.5,True,True,domain,composite_ud,5,f1_optimal_eval,0.8341,0.7965,0.8679,0.5714,0.641,0.37,0.731,0.5708,0.2789,0.7387,0.7973,0.7975,0.6858,0.6255,0.8067,0.641,0.5558,0.5947,0.6115,0.5745,0.6164,0.0253,0.6157,0.6073,0.021
signal_sweep,historical,24,0.25,True,True,domain,composite_ud,5,f1_optimal_eval,0.8897,0.861,0.9176,0.6418,0.6478,0.29,0.7412,0.5753,0.2668,0.8447,0.8741,0.8454,0.6359,0.7188,0.8664,0.6478,0.622,0.6341,0.6402,0.6806,0.5936,0.0154,0.761,0.5525,0.0096
signal_sweep,composite,6,0.5,True,True,domain,composite_ud,5,percentile_q95,0.8341,0.7965,0.8679,0.5714,0.5947,0.2951,0.5745,0.6164,0.6064,0.7387,0.7973,0.7975,0.6858,0.6255,0.8067,0.641,0.5558,0.5947,0.6115,0.5745,0.6164,0.0253,0.6157,0.6073,0.021
signal_sweep,historical,24,0.25,True,True,domain,composite_ud,5,percentile_q95,0.8897,0.861,0.9176,0.6418,0.6341,0.2664,0.6806,0.5936,0.3699,0.8447,0.8741,0.8454,0.6359,0.7188,0.8664,0.6478,0.622,0.6341,0.6402,0.6806,0.5936,0.0154,0.761,0.5525,0.0096
signal_sweep,composite,6,0.5,True,True,domain,composite_ud,5,percentile_q99,0.8341,0.7965,0.8679,0.5714,0.6115,0.3151,0.6157,0.6073,0.5033,0.7387,0.7973,0.7975,0.6858,0.6255,0.8067,0.641,0.5558,0.5947,0.6115,0.5745,0.6164,0.0253,0.6157,0.6073,0.021
signal_sweep,historical,24,0.25,True,True,domain,composite_ud,5,percentile_q99,0.8897,0.861,0.9176,0.6418,0.6402,0.3053,0.761,0.5525,0.2304,0.8447,0.8741,0.8454,0.6359,0.7188,0.8664,0.6478,0.622,0.6341,0.6402,0.6806,0.5936,0.0154,0.761,0.5525,0.0096
signal_sweep,composite,6,0.5,True,True,domain,max_d,1,f1_optimal_eval,0.7975,0.7549,0.8333,0.5166,0.5648,0.485,0.6527,0.4977,0.3517,0.7387,0.7973,0.7975,0.6858,0.6255,0.8067,0.5648,0.3294,0.4355,0.5201,0.3367,0.6164,0.0672,0.5392,0.5023,0.0237
signal_sweep,historical,24,0.25,True,True,domain,max_d,1,f1_optimal_eval,0.8454,0.8118,0.8757,0.4454,0.6019,0.485,0.6425,0.5662,0.4184,0.8447,0.8741,0.8454,0.6359,0.7188,0.8664,0.6019,0.3179,0.4087,0.5499,0.2994,0.6438,0.0834,0.5345,0.5662,0.0273
signal_sweep,composite,6,0.5,True,True,domain,max_d,1,percentile_q95,0.7975,0.7549,0.8333,0.5166,0.4355,0.3103,0.3367,0.6164,1.6129,0.7387,0.7973,0.7975,0.6858,0.6255,0.8067,0.5648,0.3294,0.4355,0.5201,0.3367,0.6164,0.0672,0.5392,0.5023,0.0237
signal_sweep,historical,24,0.25,True,True,domain,max_d,1,percentile_q95,0.8454,0.8118,0.8757,0.4454,0.4087,0.3048,0.2994,0.6438,2.001,0.8447,0.8741,0.8454,0.6359,0.7188,0.8664,0.6019,0.3179,0.4087,0.5499,0.2994,0.6438,0.0834,0.5345,0.5662,0.0273
signal_sweep,composite,6,0.5,True,True,domain,max_d,1,percentile_q99,0.7975,0.7549,0.8333,0.5166,0.5201,0.401,0.5392,0.5023,0.57,0.7387,0.7973,0.7975,0.6858,0.6255,0.8067,0.5648,0.3294,0.4355,0.5201,0.3367,0.6164,0.0672,0.5392,0.5023,0.0237
signal_sweep,historical,24,0.25,True,True,domain,max_d,1,percentile_q99,0.8454,0.8118,0.8757,0.4454,0.5499,0.4017,0.5345,0.5662,0.6549,0.8447,0.8741,0.8454,0.6359,0.7188,0.8664,0.6019,0.3179,0.4087,0.5499,0.2994,0.6438,0.0834,0.5345,0.5662,0.0273
signal_sweep,composite,6,0.5,True,True,domain,max_d,3,f1_optimal_eval,0.8071,0.7676,0.8429,0.4886,0.6169,0.45,0.6776,0.5662,0.3578,0.7387,0.7973,0.7975,0.6858,0.6255,0.8067,0.6169,0.552,0.5788,0.6127,0.5492,0.6119,0.0278,0.6614,0.5708,0.0162
signal_sweep,historical,24,0.25,True,True,domain,max_d,3,f1_optimal_eval,0.8522,0.8196,0.8807,0.5226,0.6131,0.515,0.6562,0.5753,0.4002,0.8447,0.8741,0.8454,0.6359,0.7188,0.8664,0.6131,0.3824,0.5091,0.6045,0.423,0.6393,0.0483,0.6018,0.6073,0.0222
signal_sweep,composite,6,0.5,True,True,domain,max_d,3,percentile_q95,0.8071,0.7676,0.8429,0.4886,0.5788,0.3103,0.5492,0.6119,0.667,0.7387,0.7973,0.7975,0.6858,0.6255,0.8067,0.6169,0.552,0.5788,0.6127,0.5492,0.6119,0.0278,0.6614,0.5708,0.0162
signal_sweep,historical,24,0.25,True,True,domain,max_d,3,percentile_q95,0.8522,0.8196,0.8807,0.5226,0.5091,0.3048,0.423,0.6393,1.1582,0.8447,0.8741,0.8454,0.6359,0.7188,0.8664,0.6131,0.3824,0.5091,0.6045,0.423,0.6393,0.0483,0.6018,0.6073,0.0222
signal_sweep,composite,6,0.5,True,True,domain,max_d,3,percentile_q99,0.8071,0.7676,0.8429,0.4886,0.6127,0.401,0.6614,0.5708,0.3881,0.7387,0.7973,0.7975,0.6858,0.6255,0.8067,0.6169,0.552,0.5788,0.6127,0.5492,0.6119,0.0278,0.6614,0.5708,0.0162
signal_sweep,historical,24,0.25,True,True,domain,max_d,3,percentile_q99,0.8522,0.8196,0.8807,0.5226,0.6045,0.4017,0.6018,0.6073,0.5336,0.8447,0.8741,0.8454,0.6359,0.7188,0.8664,0.6131,0.3824,0.5091,0.6045,0.423,0.6393,0.0483,0.6018,0.6073,0.0222
signal_sweep,composite,6,0.5,True,True,domain,max_d,5,f1_optimal_eval,0.815,0.7739,0.853,0.5468,0.6269,0.45,0.6885,0.5753,0.3456,0.7387,0.7973,0.7975,0.6858,0.6255,0.8067,0.6269,0.5895,0.5987,0.6179,0.5702,0.6301,0.0263,0.639,0.5982,0.0187
signal_sweep,historical,24,0.25,True,True,domain,max_d,5,f1_optimal_eval,0.8657,0.8353,0.893,0.5759,0.626,0.615,0.7468,0.5388,0.2425,0.8447,0.8741,0.8454,0.6359,0.7188,0.8664,0.626,0.4382,0.5755,0.6095,0.5203,0.6438,0.0328,0.6027,0.6164,0.0225
signal_sweep,composite,6,0.5,True,True,domain,max_d,5,percentile_q95,0.815,0.7739,0.853,0.5468,0.5987,0.3103,0.5702,0.6301,0.6306,0.7387,0.7973,0.7975,0.6858,0.6255,0.8067,0.6269,0.5895,0.5987,0.6179,0.5702,0.6301,0.0263,0.639,0.5982,0.0187
signal_sweep,historical,24,0.25,True,True,domain,max_d,5,percentile_q95,0.8657,0.8353,0.893,0.5759,0.5755,0.3048,0.5203,0.6438,0.7883,0.8447,0.8741,0.8454,0.6359,0.7188,0.8664,0.626,0.4382,0.5755,0.6095,0.5203,0.6438,0.0328,0.6027,0.6164,0.0225
signal_sweep,composite,6,0.5,True,True,domain,max_d,5,percentile_q99,0.815,0.7739,0.853,0.5468,0.6179,0.401,0.639,0.5982,0.4487,0.7387,0.7973,0.7975,0.6858,0.6255,0.8067,0.6269,0.5895,0.5987,0.6179,0.5702,0.6301,0.0263,0.639,0.5982,0.0187
signal_sweep,historical,24,0.25,True,True,domain,max_d,5,percentile_q99,0.8657,0.8353,0.893,0.5759,0.6095,0.4017,0.6027,0.6164,0.5397,0.8447,0.8741,0.8454,0.6359,0.7188,0.8664,0.626,0.4382,0.5755,0.6095,0.5203,0.6438,0.0328,0.6027,0.6164,0.0225
